project_name,count
torvalds/linux,834
tensorflow/tensorflow,395
ImageMagick/ImageMagick,192
vim/vim,155
gpac/gpac,104
FFmpeg/FFmpeg,92
pimcore/pimcore,77
MISP/MISP,76
microweber/microweber,67
radareorg/radare2,55
xwiki/xwiki-platform,55
thorsten/phpmyfaq,52
openemr/openemr,49
WordPress/WordPress,48
usememos/memos,46
fusionpbx/fusionpbx,43
FreeRDP/FreeRDP,42
discourse/discourse,41
phpmyadmin/phpmyadmin,39
radare/radare2,38
Dolibarr/dolibarr,37
mantisbt/mantisbt,37
ikus060/rdiffweb,34
exponentcms/exponent-cms,34
LibRaw/LibRaw,34
LimeSurvey/LimeSurvey,34
mruby/mruby,31
star7th/showdoc,30
krb5/krb5,29
livehelperchat/livehelperchat,29
PrestaShop/PrestaShop,28
glpi-project/glpi,27
answerdev/answer,25
snipe/snipe-it,24
mdadams/jasper,23
vadz/libtiff,22
kanboard/kanboard,22
pjsip/pjproject,22
roundcube/roundcubemail,20
OpenSC/OpenSC,20
firefly-iii/firefly-iii,20
librenms/librenms,20
rdesktop/rdesktop,19
uclouvain/openjpeg,19
gnuboard/gnuboard5,19
LibVNC/libvncserver,19
neomutt/neomutt,18
file/file,18
dbry/WavPack,18
jenkinsci/jenkins,18
froxlor/froxlor,17
zulip/zulip,17
polonel/trudesk,17
craftcms/cms,17
chamilo/chamilo-lms,16
webmin/webmin,16
janeczku/calibre-web,16
php/php-src,15
google/asylo,15
Enalean/tuleap,15
redis/redis,15
Piwigo/Piwigo,14
libarchive/libarchive,14
michaelrsweet/htmldoc,14
symfony/symfony,14
jgraph/drawio,14
octobercms/october,14
nginx/njs,13
phpipam/phpipam,13
Cacti/cacti,13
sqlite/sqlite,13
FasterXML/jackson-databind,13
flatpressblog/flatpress,13
bigtreecms/BigTree-CMS,12
rubygems/rubygems,12
envoyproxy/envoy,12
the-tcpdump-group/tcpdump,12
minio/minio,12
yetiforcecompany/yetiforcecrm,12
thorsten/phpMyFAQ,12
openbsd/src,12
xkbcommon/libxkbcommon,11
revive-adserver/revive-adserver,11
bcgit/bc-java,11
theonedev/onedev,11
bfabiszewski/libmobi,11
ILIAS-eLearning/ILIAS,11
OpenSIPS/opensips,11
bytecodealliance/wasmtime,11
facebook/hhvm,11
WordPress/wordpress-develop,11
lua/lua,11
qemu/qemu,11
jsummers/imageworsener,11
gogs/gogs,10
parse-community/parse-server,10
systemd/systemd,10
espruino/Espruino,10
opencast/opencast,10
baserproject/basercms,10
miniupnp/miniupnp,10
grafana/grafana,10
TYPO3/typo3,10
kkos/oniguruma,10
axiomatic-systems/Bento4,10
bookstackapp/bookstack,10
kirilkirkov/Ecommerce-CodeIgniter-Bootstrap,10
CESNET/libyang,9
OP-TEE/optee_os,9
modoboa/modoboa,9
RIOT-OS/RIOT,9
anuko/timetracker,9
openSUSE/open-build-service,9
vyperlang/vyper,9
OpenMage/magento-lts,9
gocd/gocd,9
libgd/libgd,9
ZoneMinder/zoneminder,9
publify/publify,9
rails/rails,9
Requarks/wiki,9
osTicket/osTicket,9
VirusTotal/yara,9
nextcloud/server,9
owncloud/core,9
libgit2/libgit2,9
espocrm/espocrm,8
patriksimek/vm2,8
rizinorg/rizin,8
nothings/stb,8
pfsense/pfsense,8
zmartzone/mod_auth_openidc,8
NodeBB/NodeBB,8
LibreDWG/libredwg,8
alextselegidis/easyappointments,8
nilsteampassnet/teampass,8
francoisjacquet/rosariosis,8
getgrav/grav,8
DSpace/DSpace,8
osticket/osticket,8
forkcms/forkcms,8
TestLinkOpenSourceTRMS/testlink-code,8
octoprint/octoprint,8
openwrt/luci,8
OpenNMS/opennms,8
ansible/ansible,8
upx/upx,8
pyload/pyload,8
Combodo/iTop,8
octobercms/library,8
chatwoot/chatwoot,8
git/git,8
curl/curl,7
antirez/redis,7
wolfSSL/wolfMQTT,7
ntop/nDPI,7
shopware/shopware,7
abrt/abrt,7
wolfSSL/wolfssl,7
neorazorx/facturascripts,7
dolibarr/dolibarr,7
hestiacp/hestiacp,7
golang/go,7
Studio-42/elFinder,7
ether/etherpad-lite,7
causefx/organizr,7
flatpak/flatpak,7
tsolucio/corebos,7
erikd/libsndfile,7
NavigateCMS/Navigate-CMS,7
sebhildebrandt/systeminformation,7
mono/mono,7
cerebrate-project/cerebrate,7
facebook/hermes,7
pfsense/FreeBSD-ports,7
AcademySoftwareFoundation/openexr,7
shopware/platform,6
memcached/memcached,6
ceph/ceph,6
tooljet/tooljet,6
s9y/Serendipity,6
videolan/vlc,6
netty/netty,6
ionicabizau/parse-url,6
phoronix-test-suite/phoronix-test-suite,6
unshiftio/url-parse,6
redmine/redmine,6
orchardcms/orchardcore,6
b2evolution/b2evolution,6
nilsteampassnet/TeamPass,6
kromitgmbh/titra,6
lirantal/daloradius,6
DanBloomberg/leptonica,6
znc/znc,6
hedgedoc/hedgedoc,6
helm/helm,6
ccxvii/mujs,6
Pylons/waitress,6
openstack/nova,6
totaljs/framework,6
mybb/mybb,6
tats/w3m,6
dompdf/dompdf,6
WWBN/AVideo,6
moby/moby,6
facebook/fbthrift,6
MariaDB/server,6
madler/zlib,6
bigbluebutton/bigbluebutton,6
openssh/openssh-portable,6
davea42/libdwarf-code,5
argoproj/argo-cd,5
cockpit-hq/cockpit,5
gssapi/gss-ntlmssp,5
ctrlo/lenio,5
btcpayserver/btcpayserver,5
perl5-dbi/DBD-mysql,5
keycloak/keycloak,5
facebook/proxygen,5
mlflow/mlflow,5
kiwitcms/Kiwi,5
CendioOssman/tigervnc,5
moby/hyperkit,5
matrix-org/sydent,5
SELinuxProject/selinux,5
keylime/keylime,5
jedisct1/pure-ftpd,5
sitaramc/gitolite,5
libjpeg-turbo/libjpeg-turbo,5
saltstack/salt,5
Bottelet/DaybydayCRM,5
karelzak/util-linux,5
weechat/weechat,5
Froxlor/Froxlor,5
kyz/libmspack,5
the-tcpdump-group/libpcap,5
jupyter/notebook,5
OTRS/otrs,5
inverse-inc/sogo,5
chocobozzz/peertube,5
ampache/ampache,5
opencontainers/runc,5
wallabag/wallabag,5
libexif/libexif,5
antlarr/audiofile,5
nystudio107/craft-seomatic,5
inspircd/inspircd,5
openssl/openssl,5
paritytech/frontier,5
ARMmbed/mbedtls,5
alfio-event/alf.io,5
netblue30/firejail,5
fatfreecrm/fat_free_crm,5
kevinpapst/kimai2,5
sparklemotion/nokogiri,5
guzzle/guzzle,5
libimobiledevice/libplist,5
ifmeorg/ifme,5
thorfdbg/libjpeg,5
medialize/uri.js,5
ValveSoftware/GameNetworkingSockets,4
nltk/nltk,4
django/django,4
freeswitch/sofia-sip,4
perl5-dbi/dbi,4
containerd/containerd,4
python/cpython,4
agentejo/cockpit,4
verdammelt/tnef,4
lxc/lxc,4
LibreOffice/core,4
ory/fosite,4
pallets/werkzeug,4
netdata/netdata,4
yourls/yourls,4
OpencachingDeutschland/oc-server3,4
python-pillow/Pillow,4
faisalman/ua-parser-js,4
taglib/taglib,4
gophish/gophish,4
daylightstudio/FUEL-CMS,4
horde/horde,4
sourcegraph/sourcegraph,4
owen2345/camaleon-cms,4
jquery/jquery,4
urllib3/urllib3,4
uriparser/uriparser,4
notrinos/notrinoserp,4
stanfordnlp/corenlp,4
smarty-php/smarty,4
e107inc/e107,4
ethereum/go-ethereum,4
ScratchVerifier/ScratchOAuth2,4
puma/puma,4
OSGeo/gdal,4
cakephp/cakephp,4
Opmantek/open-audit,4
aircrack-ng/aircrack-ng,4
babelouest/glewlwyd,4
metabase/metabase,4
drachtio/drachtio-server,4
yiisoft/yii2,4
openvswitch/ovs,4
GoogleChrome/rendertron,4
jquery/jquery-ui,4
ImageMagick/ImageMagick6,4
misskey-dev/misskey,4
unicorn-engine/unicorn,4
open5gs/open5gs,4
fedora-selinux/setroubleshoot,4
waycrate/swhkd,4
flarum/framework,4
rundeck/rundeck,4
szukw000/openjpeg,4
splitbrain/dokuwiki,4
linuxdeepin/deepin-clone,4
fanzila/WebFinance,4
u-boot/u-boot,4
spip/SPIP,4
rpm-software-management/rpm,4
SerpicoProject/Serpico,4
illumos/illumos-gate,4
github/cmark-gfm,4
kspalaiologos/bzip3,4
simplesamlphp/simplesamlphp,4
digitalbazaar/forge,4
ipython/ipython,4
serghey-rodin/vesta,4
heimdal/heimdal,4
troglobit/uftpd,4
socketio/engine.io,4
smartstore/SmartStoreNET,4
mz-automation/libiec61850,4
Perl/perl5,4
shopizer-ecommerce/shopizer,4
libreswan/libreswan,4
puppetlabs/puppet,4
irssi/irssi,4
pimcore/customer-data-framework,4
atutor/ATutor,4
lxml/lxml,4
apache/httpd,4
wagtail/wagtail,3
galette/galette,3
phusion/passenger,3
wp-statistics/wp-statistics,3
django-helpdesk/django-helpdesk,3
ClusterLabs/pcs,3
qt/qtbase,3
Microsoft/ChakraCore,3
artesaos/seotools,3
libevent/libevent,3
osTicket/osTicket-plugins,3
hoene/libmysofa,3
viabtc/viabtc_exchange_server,3
bluez/bluez,3
ntop/ntopng,3
vanessa219/vditor,3
nuxt/framework,3
NagiosEnterprises/nagioscore,3
pi-hole/AdminLTE,3
dataease/dataease,3
wireapp/wire-ios,3
nasa/openmct,3
tendermint/tendermint,3
Aaron-Junker/USOC,3
ua-parser/uap-core,3
Icinga/icingaweb2,3
harfbuzz/harfbuzz,3
perl/perl5,3
opscode/chef,3
TigerVNC/tigervnc,3
eclipse-ee4j/mojarra,3
nanopb/nanopb,3
square/go-jose,3
SpiderLabs/ModSecurity,3
pion/dtls,3
beancount/fava,3
libvips/libvips,3
web2py/web2py,3
facebookincubator/fizz,3
openshift/origin-server,3
getredash/redash,3
bildsben/iTunesRPC-Remastered,3
mariocasciaro/object-path,3
prasathmani/tinyfilemanager,3
keepkey/keepkey-firmware,3
OISF/suricata,3
nov/jose-php,3
pi-hole/adminlte,3
projectacrn/acrn-hypervisor,3
SerenityOS/serenity,3
traccar/traccar,3
zadam/trilium,3
igrr/axtls-8266,3
wernerd/ZRTPCPP,3
OpenMPT/openmpt,3
dart-lang/sdk,3
handlebars-lang/handlebars.js,3
facebook/folly,3
OpenVPN/openvpn,3
pritunl/pritunl-client-electron,3
umbraco/Umbraco-CMS,3
shadow-maint/shadow,3
saleor/saleor,3
ntp-project/ntp,3
bbalet/jorani,3
kareadita/kavita,3
joomla/joomla-cms,3
gruntjs/grunt,3
medialize/URI.js,3
saitoha/libsixel,3
PrestaShop/productcomments,3
kamailio/kamailio,3
nih-at/libzip,3
it-novum/openITCOCKPIT,3
minetest/minetest,3
BlogoText/blogotext,3
squid-cache/squid,3
electron/electron,3
dropbox/lepton,3
vrtadmin/clamav-devel,3
zhaozg/lua-openssl,3
brave/brave-core,3
leesavide/abcm2ps,3
FreeRTOS/FreeRTOS-Kernel,3
pterodactyl/wings,3
zammad/zammad,3
ellson/graphviz,3
rweather/noise-java,3
liferay/liferay-portal,3
crater-invoice/crater,3
gosa-project/gosa-core,3
nocodb/nocodb,3
wireapp/wire-webapp,3
sigstore/cosign,3
codeigniter4/CodeIgniter4,3
graphite-project/graphite-web,3
NetHack/NetHack,3
sudo-project/sudo,3
gimmie/vbulletin-v4,3
hyperledger/indy-node,3
directus/directus,3
sequelize/sequelize,3
unilogies/bumsys,3
symphonycms/symphony-2,3
OpenZeppelin/openzeppelin-contracts,3
pterodactyl/panel,3
acassen/keepalived,3
gopro/gpmf-parser,3
jbroadway/elefant,3
mikaku/Monitorix,3
go-gitea/gitea,3
serenity-is/Serenity,3
ruby/ruby,3
OpenOLAT/OpenOLAT,3
stephane/libmodbus,3
alandekok/freeradius-server,3
sleuthkit/sleuthkit,3
openfga/openfga,3
renlok/WeBid,3
xwiki/xwiki-commons,3
erikdubbelboer/phpRedisAdmin,3
dino/dino,3
openstack/keystone,3
twigphp/Twig,3
sinatra/sinatra,3
tine20/Tine-2.0-Open-Source-Groupware-and-CRM,3
ome/omero-web,3
net-snmp/net-snmp,3
libming/libming,3
intranda/goobi-viewer-core,3
openmrs/openmrs-module-adminui,3
gitpod-io/gitpod,3
textpattern/textpattern,3
markdown-it/markdown-it,3
laurent22/joplin,3
soerennb/extplorer,3
josdejong/mathjs,3
hpjansson/chafa,3
open-policy-agent/opa,3
FRRouting/frr,2
schokokeksorg/freewvs,2
TryGhost/Ghost,2
kitabisa/teler,2
Sustainsys/Saml2,2
ahmyi/rivettracker,2
tmate-io/tmate-ssh-server,2
JustArchiNET/ArchiSteamFarm,2
erudika/para,2
saxman/maps-js-icoads,2
ckolivas/cgminer,2
kaltura/server,2
myvesta/vesta,2
ariabuckles/simple-markdown,2
DaveGamble/cJSON,2
follow-redirects/follow-redirects,2
openstack/horizon,2
KubeOperator/KubePi,2
airani/wp-auto-upload,2
moxiecode/plupload,2
CVEProject/cve-services,2
jogetworkflow/jw-community,2
laravel/framework,2
transloadit/uppy,2
hap-wi/roxy-wi,2
jitsi/jitsi,2
kaltura/mwEmbed,2
fail2ban/fail2ban,2
open62541/open62541,2
LiveHelperChat/livehelperchat,2
ultimatemember/ultimatemember,2
protocolbuffers/protobuf,2
simpleledger/slpjs,2
djblets/djblets,2
airsonic/airsonic,2
python-imaging/Pillow,2
thexerteproject/xerteonlinetoolkits,2
rohe/pysaml2,2
nodemailer/nodemailer,2
openmrs/openmrs-module-referenceapplication,2
pts/sam2p,2
nextcloud/android,2
gradio-app/gradio,2
rtxteam/rtx,2
matrix-org/synapse,2
modxcms/revolution,2
sismics/docs,2
vincentbernat/lldpd,2
GoogleForCreators/web-stories-wp,2
roehling/postsrsd,2
OWASP/json-sanitizer,2
silverstripe/silverstripe-framework,2
LibRaw/LibRaw-demosaic-pack-GPL2,2
auth0/express-openid-connect,2
resiprocate/resiprocate,2
YAFNET/YAFNET,2
gravitl/netmaker,2
studygolang/studygolang,2
pretalx/pretalx,2
labd/wagtail-2fa,2
sandstorm-io/sandstorm,2
openstack/heat-templates,2
projectsend/projectsend,2
exiftool/exiftool,2
slicer69/doas,2
qutebrowser/qutebrowser,2
yhatt/jsx-slack,2
ServiceStack/ServiceStack,2
pixelfed/pixelfed,2
boxug/trape,2
argoproj/argo-events,2
slackero/phpwcms,2
ivywe/geeklog-ivywe,2
fastify/fastify-multipart,2
bludit/bludit,2
koral--/android-gif-drawable,2
jupyter-server/jupyter_server,2
pytorchlightning/pytorch-lightning,2
sigstore/rekor,2
Flyspray/flyspray,2
wbce/wbce_cms,2
Linbreux/wikmd,2
andialbrecht/sqlparse,2
socketio/socket.io-parser,2
emlog/emlog,2
bro/bro,2
enferex/pdfresurrect,2
liblouis/liblouis,2
jquery-validation/jquery-validation,2
chillu/silverstripe-framework,2
litecart/litecart,2
PrestaShop/ps_linklist,2
mschaef/toto,2
wp-plugins/broken-link-checker,2
libav/libav,2
fleetdm/fleet,2
oroinc/platform,2
qbittorrent/qBittorrent,2
libass/libass,2
zopefoundation/Zope,2
akrennmair/newsbeuter,2
libguestfs/hivex,2
carrierwaveuploader/carrierwave,2
SupportFlow/supportflow,2
mback2k/mh_httpbl,2
moment/moment,2
BookStackApp/BookStack,2
miniupnp/ngiflib,2
TeX-Live/texlive-source,2
wso2/carbon-registry,2
cyu/rack-cors,2
bottlepy/bottle,2
foxcpp/maddy,2
merbanan/rtl_433,2
michaelrsweet/pdfio,2
DPDK/dpdk,2
ClusterLabs/pacemaker,2
SiCKRAGE/SiCKRAGE,2
golang/net,2
jerryscript-project/jerryscript,2
haproxy/haproxy,2
Stuk/jszip,2
projectatomic/bubblewrap,2
JeromeDevome/GRR,2
builderio/qwik,2
twitter/secure_headers,2
Yeraze/ytnef,2
jupyterhub/oauthenticator,2
PrivateBin/PrivateBin,2
hfp/libxsmm,2
horde/kronolith,2
util-linux/util-linux,2
Alinto/sogo,2
HabitRPG/habitica,2
ManyDesigns/Portofino,2
zopefoundation/Products.PluggableAuthService,2
enviragallery/envira-gallery-lite,2
autovance/ftp-srv,2
opendns/OpenResolve,2
apolloconfig/apollo,2
collectd/collectd,2
devsnd/cherrymusic,2
tabatkins/bikeshed,2
vapor/vapor,2
immerjs/immer,2
kravietz/pam_tacplus,2
archivy/archivy,2
getkirby-v2/panel,2
nahsra/antisamy,2
ultrajson/ultrajson,2
mkucej/i-librarian-free,2
yogeshojha/rengine,2
lepture/mistune,2
teeworlds/teeworlds,2
viewvc/viewvc,2
postcss/postcss,2
linux4sam/at91bootstrap,2
ericcornelissen/shescape,2
omeka/Omeka,2
Dovgalyuk/AIBattle-disabled-,2
kovidgoyal/kitty,2
juce-framework/JUCE,2
html5lib/html5lib-python,2
hyperledger/besu,2
meetecho/janus-gateway,2
davehorton/sofia-sip,2
Gerapy/Gerapy,2
filegator/filegator,2
ONLYOFFICE/core,2
nette/latte,2
aquaverde/aquarius-core,2
rsyslog/rsyslog,2
unicode-org/icu,2
canonical/cloud-init,2
wp-plugins/kau-boys-backend-localization,2
lesterchan/wp-dbmanager,2
MailCleaner/MailCleaner,2
containers/buildah,2
linagora/twake,2
relic-toolkit/relic,2
theforeman/foreman,2
weaveworks/weave,2
jellyfin/jellyfin,2
fastify/fastify,2
b-heilman/bmoor,2
wireapp/wire-ios-data-model,2
getgrav/grav-plugin-admin,2
accel-ppp/accel-ppp,2
bestpractical/rt,2
audreyt/module-signature,2
PCRE2Project/pcre2,2
apple/cups,2
reviewboard/reviewboard,2
phpbb/phpbb,2
cloudexplorer-dev/cloudexplorer-lite,2
jmrozanec/cron-utils,2
alvarotrigo/fullpage.js,2
GENI-NSF/geni-portal,2
Kozea/CairoSVG,2
winscp/winscp,2
openwhyd/openwhyd,2
metersphere/metersphere,2
sup-heliotrope/sup,2
wp-plugins/exit-strategy,2
phpservermon/phpservermon,2
nginx/nginx,2
rgrove/sanitize,2
johndyer/mediaelement,2
sparklemotion/mechanize,2
nextcloud/gallery,2
bolt/bolt,2
michaelforney/samurai,2
filebrowser/filebrowser,2
go-vela/server,2
82Flex/WEIPDCRM,2
bitlbee/bitlbee,2
ElrondNetwork/elrond-go,2
icplayer/icplayer,2
varnishcache/varnish-cache,2
ckeditor/ckeditor4,2
vega/vega,2
libressl-portable/portable,2
yhirose/cpp-peglib,2
weseek/growi,2
undertow-io/undertow,2
elgg/elgg,2
PHPMailer/PHPMailer,2
wesnoth/wesnoth,2
monkey/monkey,2
top-think/framework,2
milkytracker/MilkyTracker,2
LaboCNIL/CookieViz,2
mikel/mail,2
Arsenal21/simple-download-monitor,2
kraih/mojo,2
gradle/gradle,2
npm/node-tar,2
mdbtools/mdbtools,2
ptrofimov/beanstalk_console,2
NagVis/nagvis,2
jsummers/deark,2
miraheze/GlobalNewFiles,2
auth0/lock,2
pgbouncer/pgbouncer,2
humhub/humhub,2
jhipster/generator-jhipster,2
ledgersmb/ledgersmb,2
albertodemichelis/squirrel,2
fribidi/fribidi,2
web-cyradm/web-cyradm,2
yanheven/console,2
EyesOfNetworkCommunity/eonweb,2
contao/contao,2
hasura/graphql-engine,2
ttimot24/HorizontCMS,2
FreePBX/voicemail,2
kawasima/struts1-forever,2
libsdl-org/SDL,2
apostrophecms/apostrophe,2
discourse/discourse-reactions,2
jsuites/jsuites,2
nextauthjs/next-auth,2
mpv-player/mpv,2
matrix-org/matrix-react-sdk,2
reactphp/http,2
joniles/mpxj,2
aerouk/imageserve,2
ezsystems/ezpublish-kernel,2
facebook/mcrouter,2
postgres/postgres,2
cobbler/cobbler,2
WeblateOrg/weblate,2
Eleix/openhacker,2
vantage6/vantage6,2
fluent/fluent-bit,2
saemorris/TheRadSystem,2
BlogEngine/BlogEngine.NET,2
charleskorn/kaml,2
adrienverge/openfortivpn,2
eta-dev/eta,2
zinclabs/zinc,2
moinwiki/moin-1.9,2
Mindwerks/wildmidi,2
omphalos/crud-file-server,2
tbeu/matio,2
YouPHPTube/YouPHPTube,2
Dav-Git/Dav-Cogs,2
micromata/projectforge-webapp,2
openrisc/or1200,2
saschahauer/barebox,2
mm2/Little-CMS,2
LLK/scratch-svg-renderer,2
Lora-net/LoRaMac-node,2
rails/rails-html-sanitizer,2
jonschlinkert/merge-deep,2
trampgeek/jobe,2
wolfcms/wolfcms,2
micronaut-projects/micronaut-core,2
jdennis/keycloak-httpd-client-install,2
paulusmack/ppp,2
bookwyrm-social/bookwyrm,2
Admidio/admidio,2
ghantoos/lshell,2
vran-dev/databasir,2
streamlit/streamlit,2
vrana/adminer,2
ikoniaris/kippo-graph,2
admidio/admidio,2
openSUSE/kiwi,2
node-opcua/node-opcua,2
sviehb/jefferson,2
Exim/exim,2
flowplayer/flowplayer,2
libvirt/libvirt,2
openkm/document-management-system,2
pingidentity/mod_auth_openidc,2
Eugeny/ajenti,2
bitcoin/bitcoin,2
dexidp/dex,2
facebook/wangle,2
executablebooks/markdown-it-py,2
PrismJS/prism,2
semantic-release/semantic-release,2
ikus060/minarca,2
solidusio/solidus,2
opensearch-project/security,2
aquynh/capstone,2
neutrinolabs/xrdp,2
scrapy/scrapy,2
DIYgod/RSSHub,2
sonicdoe/detect-character-encoding,2
node-fetch/node-fetch,2
oauth2-proxy/oauth2-proxy,2
pear/pearweb,2
WAVM/WAVM,2
cure53/DOMPurify,2
kajona/kajonacms,2
cesanta/mongoose,2
osquery/osquery,2
shuup/shuup,2
openmrs/openmrs-module-appointmentscheduling,2
Chris92de/AdminServ,2
nim-lang/Nim,2
PHPFusion/PHPFusion,2
mde/ejs,2
babelouest/rhonabwy,2
pcmacdon/jsish,2
Exiv2/exiv2,2
domoticz/domoticz,2
thinkst/canarytokens,2
mikaelbr/mversion,2
morethanwords/tweb,2
daltoniam/Starscream,2
cacalabs/libcaca,2
totaljs/cms,2
sanluan/PublicCMS,2
edx/edx-platform,2
knik0/faad2,2
autolab/Autolab,2
karma-runner/karma,2
briancappello/flask-unchained,1
simpleledger/slp-validate,1
artf/grapesjs,1
AOMediaCodec/libavif,1
feross/git-pull-or-clone,1
signalapp/Signal-Desktop,1
brianmario/yajl-ruby,1
square/squalor,1
cloudflare/golz4,1
rofl0r/proxychains-ng,1
jquense/expr,1
grocy/grocy,1
NoxxieNl/Criminals,1
cilium/cilium-cli,1
avast/retdec,1
ipld/go-codec-dagpb,1
http4s/http4s,1
neovim/neovim,1
kongchuanhujiao/server,1
poezio/slixmpp,1
ollpu/parontalli,1
paxswill/evesrp,1
exciting-io/printer,1
jcbrand/converse.js,1
portainer/portainer,1
eclipse/milo,1
hazelcast/hazelcast,1
Snorby/snorby,1
Arthmoor/QSF-Portal,1
ashinn/irregex,1
Ydalb/mapicoin,1
ImpressCMS/impresscms,1
algolia/algoliasearch-helper-js,1
loge5/conf-cfg-ini,1
fedora-infra/python-fedora,1
evmos/ethermint,1
rkesters/gnuplot,1
abersheeran/rpc.py,1
Gimly/vscode-matlab,1
mnelson4/printmyblog,1
sshock/AFFLIBv3,1
admesh/admesh,1
pluginsGLPI/addressing,1
symfony/security-bundle,1
shardlab/discordrb,1
lesterchan/wp-useronline,1
auth0/auth0.js,1
encode/django-rest-framework,1
kn007/silk-v3-decoder,1
mjurczak/mbed-coap,1
ucfopen/Materia,1
dutchcoders/transfer.sh,1
mithunsatheesh/node-rules,1
jasongoodwin/authentikat-jwt,1
fudforum/FUDforum,1
psychobunny/nodebb-plugin-blog-comments,1
coreutils/gnulib,1
s3131212/allendisk,1
apache/incubator-openwhisk-runtime-docker,1
node-saml/passport-saml,1
LDAPAccountManager/lam,1
pomerium/pomerium,1
Qwerios/madlib-object-utils,1
loopbackio/loopback-connector-postgresql,1
fossology/fossology,1
leanote/desktop-app,1
NYUCCL/psiTurk,1
numpy/numpy,1
rust-lang/cargo,1
ballerina-platform/ballerina-lang,1
Codiad/Codiad,1
ethitter/WP-Print-Friendly,1
simplesamlphp/simplesamlphp-module-openid,1
pandora-analysis/pandora,1
mannyvergel/oils-js,1
FransUrbo/zfs,1
LibrIT/passhport,1
yola/yolapi,1
rjbs/Email-Address,1
inunosinsi/soycms,1
202ecommerce/paypal,1
kohler/hotcrp,1
macournoyer/thin,1
tad0616/tad_discuss,1
miltonio/milton2,1
goharbor/harbor,1
StarCitizenTools/mediawiki-extensions-ShortDescription,1
certtools/intelmq-manager,1
lambdaisland/uri,1
ipfire/ipfire-2.x,1
payara/Payara,1
mathjax/MathJax,1
happyman/twmap,1
civetweb/civetweb,1
latchset/tang,1
haegyung/xe-core,1
elixir-ecto/ecto,1
linkedin/dustjs,1
jaw187/node-traceroute,1
namelessmc/nameless,1
raysan5/raylib,1
Schine/MW-OAuth2Client,1
fedora-infra/mirrormanager2,1
OpenPrinting/cups-filters,1
kobebeauty/php-contact-form,1
sumocoders/FrameworkUserBundle,1
containers/bubblewrap,1
jwadhams/json-logic-js,1
khaledhosny/ots,1
ethereum/solidity,1
dw/mitogen,1
EvgeniyPatlan/qpress,1
libjxl/libjxl,1
Ziftr/primecoin,1
fusesource/hawtjni,1
KnpLabs/snappy,1
eea/eionet.contreg,1
mguinness/elFinder.AspNet,1
dhis2/dhis2-core,1
fiznool/body-parser-xml,1
membrane/soa-model,1
browserslist/browserslist,1
nsupdate-info/nsupdate.info,1
igniterealtime/Smack,1
russellhaering/goxmldsig,1
att/ast,1
lldpd/lldpd,1
litespeedtech/lsquic,1
manikandan170890/php-form-builder-class,1
snyk/broker,1
snyk/kubernetes-monitor,1
ory/oathkeeper,1
openid/php-openid,1
simpleledger/slp-validate.js,1
wp-plugins/editorial-calendar,1
drk1wi/portspoof,1
skylot/jadx,1
tu6ge/oss-rs,1
pugjs/pug,1
shelljs/shelljs,1
NodeRedis/node-redis,1
ghostlander/Phoenixcoin,1
F-ZhaoYang/jhead,1
DEMON1A/Discord-Recon,1
flamejs/flame.js,1
Rudloff/alltube,1
bspkrs/MCPMappingViewer,1
neos/form,1
impress-org/give,1
openMF/mifos-mobile,1
sgminer-dev/sgminer,1
Katello/katello-installer,1
canonical/apport,1
jan-rodriguez/PictureThisWebServer,1
lwindolf/liferea,1
aws/amazon-ssm-agent,1
kobezzza/Collection,1
denoland/deno,1
EliasOenal/multimon-ng,1
codecentric/spring-boot-admin,1
getk2/k2,1
dynamoose/dynamoose,1
ashaffer/cached-path-relative,1
theupdateframework/go-tuf,1
koroket/RedditOnRails,1
punbb/punbb,1
rfsimoes/IS_Projecto2,1
surveysolutions/surveysolutions,1
KYUUBl/school-register,1
vector-im/element-desktop,1
LearnMeSomeCodes/project3,1
tdunning/pig-vector,1
mansuf/mangadex-downloader,1
laminas/laminas-form,1
unpoly/unpoly-rails,1
sindresorhus/semver-regex,1
ctz/rustls,1
k-box/k-box,1
brantburnett/Snappier,1
kovidgoyal/calibre,1
signalapp/Signal-iOS,1
mat-sz/lettersanitizer,1
helpyio/helpy,1
Part-DB/Part-DB-server,1
dragonexpert/recentthreads,1
symfony/security-http,1
josdejong/jsoneditor,1
fusioninventory/fusioninventory-for-glpi,1
revel/revel,1
mumble-voip/mumble,1
mgallegos/laravel-jqgrid,1
galaxyproject/galaxy,1
nextcloud/calendar,1
OPCFoundation/UA-Java-Legacy,1
Reference-LAPACK/lapack,1
theupdateframework/tuf,1
jpeg-js/jpeg-js,1
tpm2-software/tpm2-tss,1
dinever/golf,1
hs-web/hsweb-framework,1
simplesamlphp/simplesamlphp-module-infocard,1
JACoders/OpenJK,1
luyadev/yii-helpers,1
KDE/ark,1
NLnetLabs/ldns,1
erudika/scoold,1
sindresorhus/hide-files-on-github,1
Sylius/PayPalPlugin,1
ericnorris/striptags,1
turquoiseowl/i18n,1
qpdf/qpdf,1
opendocman/opendocman,1
go-yaml/yaml,1
jonschlinkert/assign-deep,1
tmux/tmux,1
cbeust/testng,1
its-a-feature/Apfell,1
miroslavpejic85/mirotalk,1
DrAzraelTod/pyChao,1
DCMTK/dcmtk,1
viafintech/Barzahlen-PHP,1
Genymobile/f2ut_platform_frameworks_base,1
nicolargo/glances,1
graph-gophers/graphql-go,1
qt-users-jp/silk,1
hapijs/inert,1
axios/axios,1
lodash/lodash,1
nov/json-jwt,1
stefanberger/swtpm,1
mrash/fwsnort,1
traefik/traefik,1
highcharts/highcharts,1
xiebruce/PicUploader,1
tribe29/checkmk,1
loklak/loklak_server,1
jazzband/django-user-sessions,1
recurly/recurly-client-ruby,1
hughsk/flat,1
requests/requests,1
fish-shell/fish-shell,1
hyperium/hyper,1
leanote/leanote,1
yahoo/serialize-javascript,1
grinnellplans/grinnellplans-php,1
tornadoweb/tornado,1
mindsdb/mindsdb,1
wireshark/wireshark,1
FreePBX/cdr,1
dgarijo/Widoco,1
swisspol/GCDWebServer,1
centic9/jgit-cookbook,1
ckan/ckan,1
BetterErrors/better_errors,1
calcom/cal.com,1
TheHive-Project/Cortex,1
discourse/message_bus,1
pluginsGLPI/barcode,1
pojome/activity-log,1
axkibe/lsyncd,1
weaveworks/weave-gitops,1
ahorner/text-helpers,1
kiegroup/jbpm-wb,1
paritytech/parity,1
composer/composer,1
ttskch/PaginationServiceProvider,1
STForScratch/ScratchTools,1
jkup/pullit,1
opencart-ce/opencart-ce,1
woduq1414/munhak-moa,1
ipti/br.tag,1
AXDOOMER/doom-vanille,1
PHPSocialNetwork/phpfastcache,1
OpenRC/openrc,1
panva/jose,1
pyeve/eve,1
pfmonville/enigmaX,1
authzed/spicedb,1
some-natalie/ghas-to-csv,1
solana-labs/rbpf,1
zopefoundation/Products.GenericSetup,1
AntSwordProject/antSword,1
OneSignal/react-native-onesignal,1
rust-lang/regex,1
gssapi/gssproxy,1
mganss/HtmlSanitizer,1
deepset-ai/haystack,1
elizabrock/license-to-kill,1
ganga-devs/ganga,1
pallets/flask,1
ntbosscher/gobase,1
ArtifexSoftware/ghostpdl,1
jasonmayes/Twitter-Post-Fetcher,1
opensearch-project/opensearch-cli,1
anchore/syft,1
projectatomic/libpod,1
kolya5544/BearFTP,1
PostHog/posthog-js,1
simonhaenisch/md-to-pdf,1
ridhoq/soundslike,1
ruven/iipsrv,1
ummmmm/nflpick-em.com,1
nervjs/taro,1
wp-plugins/contact-form-plugin,1
codehaus-plexus/plexus-utils,1
ScratchAddons/ScratchAddons,1
matrix-org/matrix-rust-sdk,1
stefanesser/suhosin,1
quassel/quassel,1
Ariadne-CMS/arc-web,1
plutinosoft/Platinum,1
google/kctf,1
felixrieseberg/windows-build-tools,1
frioux/ptome,1
projen/projen,1
dramforever/vscode-ghc-simple,1
gulpjs/glob-parent,1
HPI-Information-Systems/ProLOD,1
plankanban/planka,1
blueness/sthttpd,1
flarum/core,1
gogo/protobuf,1
auth0/omniauth-auth0,1
jupyterhub/nbgitpuller,1
sqlcipher/sqlcipher,1
flitto/express-param,1
tridentli/pitchfork,1
wp-plugins/i-recommend-this,1
plantuml/plantuml,1
xwiki/xwiki-rendering,1
wp-plugins/job-board,1
moderntribe/panel-builder,1
cmusatyalab/opendiamond,1
pslegr/core-1,1
tastyigniter/tastyigniter,1
skratchdot/object-path-set,1
mozilla/bleach,1
collectiveaccess/providence,1
sockjs/sockjs-node,1
dropwizard/dropwizard,1
houseabsolute/Data-Validate-IP,1
jessie-codes/safe-flat,1
opencrx/opencrx,1
wp-plugins/blogger-importer,1
jirutka/asciidoctor-include-ext,1
dropbox/merou,1
Miesvanderlippe/meol1,1
jupyterhub/jupyter-server-proxy,1
segmentio/is-url,1
andrewsauder/as,1
opencats/OpenCATS,1
eemeli/yaml,1
terser/terser,1
m1k1o/blog,1
play-with-docker/play-with-docker,1
Yubico/pam-u2f,1
kylebrowning/APNSwift,1
bruno-robert/window-control,1
skvadrik/re2c,1
tcltk/tcl,1
oyejorge/gpEasy-CMS,1
wildfly-security/soteria,1
elmar/ldap-git-backup,1
dbijaya/OnlineVotingSystem,1
pyenv/pyenv,1
huggingface/transformers,1
tiredtyrant/flairbot,1
bower/bower,1
BelledonneCommunications/bzrtp,1
jenkinsci/winstone,1
pyca/cryptography,1
cockpit-project/cockpit,1
vuelidate/vuelidate,1
thenables/thenify,1
openmrs/openmrs-module-htmlformentryui,1
systemd/systemd-stable,1
irrdnet/irrd,1
hydrian/TTRSS-Auth-LDAP,1
WebDevStudios/taxonomy-switcher,1
dinhvh/libetpan,1
Piwigo/Piwigo-Guest-Book,1
redis/hiredis,1
Cog-Creators/Red-DiscordBot,1
skoranga/node-dns-sync,1
DeuxHuitHuit/symphony-2,1
sctplab/usrsctp,1
Prestaul/skeemas,1
genieacs/genieacs,1
go-macaron/csrf,1
TYPO3/Fluid,1
christian-bromann/rgb2hex,1
commenthol/serialize-to-js,1
DMPRoadmap/roadmap,1
luckyshot/CRMx,1
matrix-org/matrix-appservice-bridge,1
StevenElberger/HealthMateWeb,1
FreeRADIUS/pam_radius,1
mportuga/eslint-detailed-reporter,1
Mostafa-Samir/zip-local,1
part-db/part-db,1
balderdashy/sails-hook-sockets,1
mpetroff/pannellum,1
rainlab/user-plugin,1
SSSD/sssd,1
hhurz/tableexport.jquery.plugin,1
adriankumpf/teslamate,1
darold/squidclamav,1
docker/cli,1
ruby/webrick,1
gesellix/titlelink,1
wikimedia/analytics-quarry-web,1
ng-packagr/ng-packagr,1
vanillaforums/Garden,1
rosen-vladimirov/global-modules-path,1
jpuri/react-draft-wysiwyg,1
cyrusimap/cyrus-imapd,1
blogifierdotnet/Blogifier,1
AntonKueltz/fastecdsa,1
ChrisMcMStone/gmail-servlet,1
LemonLDAPNG/Apache-Session-Browseable,1
GNOME/gvdb,1
qmpaas/leadshop,1
ractf/core,1
yangzongzhuan/RuoYi,1
perl-catalyst/Catalyst-Plugin-Session,1
totaljs/framework4,1
Challenge/website,1
liftkit/database,1
golang/crypto,1
dovecot/core,1
sbs20/scanservjs,1
valyala/fasthttp,1
vanilla/vanilla,1
exoplatform/chat-application,1
podium-lib/layout,1
auth0/nextjs-auth0,1
pointhi/searx_stats,1
Yubico/yubico-pam,1
InstantUpdate/CMS,1
Sorcery/sorcery,1
kylebebak/dronfelipe,1
JamesHeinrich/phpThumb,1
ivmai/bdwgc,1
Cisco-Talos/clamav-devel,1
mauriciosoares/ss15-this-is-sparta,1
grassrootza/grassroot-platform,1
YanVugenfirer/kvm-guest-drivers-windows,1
zhutougg/c3p0,1
Ombi-app/Ombi,1
osmlab/show-me-the-way,1
swoole/swoole-src,1
aFarkas/lazysizes,1
TurboVNC/turbovnc,1
tbezman/school-store,1
clastix/capsule-proxy,1
wp-plugins/cp-appointment-calendar,1
TYPO3/html-sanitizer,1
flori/json,1
fb55/nth-check,1
wbx-github/uclibc-ng,1
open-iscsi/tcmu-runner,1
gallery/gallery3,1
phpseclib/phpseclib,1
nuxt/nuxt.js,1
LawnGnome/php-radius,1
privacyidea/privacyidea,1
richardbarran/django-photologue,1
freedomofpress/securedrop,1
emicklei/go-restful,1
nimble-platform/common,1
cyface/django-termsandconditions,1
piastry/cifs-utils,1
dmgerman/ninka,1
andrzuk/MyCMS,1
diffplug/goomph,1
oblac/jodd,1
Nakiami/mellivora,1
mario-goulart/awful-salmonella-tar,1
IonicaBizau/set-or-get.js,1
instedd/nuntium,1
libofx/libofx,1
dependabot/dependabot-core,1
Th3-822/rapidleech,1
gookit/goutil,1
lightSAML/lightSAML,1
posthog/posthog,1
Patrowl/PatrowlManager,1
inveniosoftware/invenio-drafts-resources,1
django-wiki/django-wiki,1
owntone/owntone-server,1
requarks/wiki,1
irssi/scripts.irssi.org,1
craigk5n/webcalendar,1
marcelodolza/iziModal,1
destinygg/chat,1
w3c/css-validator,1
ckan/ckan-docker-base,1
libyal/libevt,1
google/tink,1
webpack/webpack-dev-server,1
wp-plugins/qtranslate-slug,1
cesanta/mongoose-os,1
oauthlib/oauthlib,1
ASaiAnudeep/deep-override,1
horazont/xmpp-http-upload,1
mintty/mintty,1
indeedeng/util,1
4ra1n/super-xray,1
victorwon/calendarxp,1
ThomasDickey/xterm-snapshots,1
TykTechnologies/tyk-identity-broker,1
cloudbase/ovs,1
libwww-perl/HTTP-Daemon,1
atheme/atheme,1
wikisource/ws-cat-browser,1
veyon/veyon,1
socketio/engine.io-client,1
ruby-grape/grape,1
wp-plugins/mail-subscribe-list,1
zerotier/zerotierone,1
ImpulseAdventure/JPEGsnoop,1
adaptivecomputing/torque,1
google/guava,1
khromov/wp-english-wp-admin,1
ecnepsnai/web,1
pixeline/bugs,1
karsany/obridge,1
k-takata/Onigmo,1
microweber-dev/whmcs_plugin,1
ckolivas/lrzip,1
mikeizbicki/gitlearn,1
RadarCOVID/radar-covid-android,1
v2fly/v2ray-core,1
rodnaph/sockso,1
ljharb/npm-lockfile,1
morontt/zend-blog-number-2,1
dlitz/pycrypto,1
outline/outline,1
serbanghita/Mobile-Detect,1
dimtion/Shaarlier,1
flarum/sticky,1
google/exposure-notifications-verification-server,1
zcash/zcash,1
dukereborn/cmum,1
ansible-semaphore/semaphore,1
jeff-kelley/opensim-utils,1
mandatoryprogrammer/xsshunter-express,1
mosbth/cimage,1
fecshop/yii2_fecshop,1
claviska/simple-php-captcha,1
wpeverest/everest-forms,1
Monetra/mstdlib,1
twitter/twitter-server,1
healthchecks/healthchecks,1
qt/qtsvg,1
d4software/QueryTree,1
udx/wp-stateless,1
trgil/gilcc,1
horde/base,1
evangelion1204/multi-ini,1
cowtowncoder/java-merge-sort,1
InternationalScratchWiki/scratch-confirmaccount-v3,1
nvbn/thefuck,1
julianhille/MuhammaraJS,1
IonicaBizau/node-gry,1
spree/spree,1
Yubico/libu2f-host,1
himiklab/yii2-jqgrid-widget,1
liske/needrestart,1
umlaeute/v4l2loopback,1
Atinux/schema-inspector,1
Tatoeba/tatoeba2,1
hapijs/hapi,1
openshift/origin-aggregated-logging,1
MichaelAquilina/zsh-autoswitch-virtualenv,1
labstack/echo,1
advancedforms/advanced-forms,1
jboss-fuse/fuse,1
salopensource/sal,1
pires/go-proxyproto,1
phpfusion/phpfusion,1
darylldoyle/svg-sanitizer,1
GeoNode/geonode,1
containers/crun,1
doctrine/dbal,1
faye/websocket-extensions-ruby,1
lcobucci/jwt,1
fedora-selinux/selinux-policy,1
OnShift/turbogears,1
OctopusDeploy/OctopusDSC,1
halostatue/minitar,1
horde/Mime_Viewer,1
scifio/scifio,1
yunasc/tbdev,1
ahdinosaur/set-in,1
mariadb-corporation/mariadb-connector-c,1
ravibpatel/AutoUpdater.NET,1
websockets-rs/rust-websocket,1
PrestaShop/dashproducts,1
facebook/netconsd,1
cyberhobo/wordpress-geo-mashup,1
node-red/node-red,1
munin-monitoring/munin,1
airtower-luna/mod_gnutls,1
lostintangent/gistpad,1
nukeviet/nukeviet,1
trollepierre/tdm,1
libressl-portable/openbsd,1
melnaron/mel-spintax,1
eprintsug/ulcc-core,1
simenkid/mt7688-wiscan,1
Legrandin/pycrypto,1
intelliants/subrion,1
bonitasoft/bonita-connector-webservice,1
jlangch/venice,1
elixir-plug/plug,1
Calsign/APDE,1
reg-viz/reg-suit,1
sipa/bitcoin,1
nextcloud/news-android,1
rra/pam-krb5,1
manugarg/pacparser,1
wikimedia/mediawiki,1
iNextrix/ASTPP,1
wting/autojump,1
tkrebs/ep3-bs,1
imbrn/v8n,1
delvedor/find-my-way,1
GNOME/gnome-shell,1
vito/chyrp,1
podlove/podlove-publisher,1
LibrePhotos/librephotos,1
jonschlinkert/defaults-deep,1
Konloch/bytecode-viewer,1
capnproto/capnproto,1
anymail/django-anymail,1
nonfiction/nterchange_backend,1
copperwall/twiddit,1
IISH/nlgis2,1
nfriedly/node-bestzip,1
NeoRaider/fastd,1
argoproj/argo-workflows,1
idayrus/evoting,1
kassi/xingwall,1
roots/soil,1
icret/easyimages2.0,1
xwiki-contrib/oidc,1
dotse/zonemaster-gui,1
tikiorg/tiki,1
SecureAuthCorp/impacket,1
edge-js/edge,1
nukeviet/module-shops,1
SimbCo/httpster,1
polarssl/polarssl,1
containers/podman,1
FriendsOfTYPO3/mediace,1
cisco/thor,1
shellinabox/shellinabox,1
Project-Pier/ProjectPier-Core,1
panicsteve/w2wiki,1
keithw/mosh,1
sleepepi/slice,1
lighttpd/lighttpd1.4,1
square/retrofit,1
abreen/Apollo,1
corincerami/curiosity,1
TogaTech/tEnvoy,1
joewalnes/smoothie,1
zopefoundation/AccessControl,1
lurcher/unixODBC,1
ankane/chartkick,1
typecho/typecho,1
nickzren/alsdb,1
BlackCatDevelopment/BlackCatCMS,1
TicklishHoneyBee/nodau,1
eventsource/eventsource,1
dinhviethoa/libetpan,1
mjwwit/node-XMLHttpRequest,1
LemonLDAPNG/Apache-Session-LDAP,1
fabarea/media_upload,1
oracle/linux-uek,1
libra/libra,1
embano1/wip,1
weidai11/cryptopp,1
AndyTaylorTweet/Pi-Star_DV_Dash,1
phoenixframework/phoenix,1
sveltejs/language-tools,1
fmtlib/fmt,1
TrestleAdmin/trestle-auth,1
simplerisk/code,1
ForumHulp/searchresults,1
pygments/pygments,1
debiki/talkyard,1
sosreport/sos,1
joeattardi/emoji-button,1
spinnaker/rosco,1
sferik/rails_admin,1
melisplatform/melis-cms,1
txthinking/brook,1
openbmc/phosphor-host-ipmid,1
moby/buildkit,1
opencryptoki/opencryptoki,1
jchristn/IpMatcher,1
e-Contract/dssp,1
linuxmint/warpinator,1
julianlam/nodebb-plugin-markdown,1
megaease/easeprobe,1
Sigil-Ebook/Sigil,1
strikeentco/set,1
JmPotato/Pomash,1
ipxe/ipxe,1
jsdecena/laracom,1
s134328/Webapplication-Veganguide,1
horovod/horovod,1
matrix-org/matrix-appservice-irc,1
yarkeev/git-interface,1
daaku/nodejs-tmpl,1
gorilla/handlers,1
fastify/csrf-protection,1
flatcore/flatcore-cms,1
eldy/awstats,1
ruscur/linux,1
pingcap/tidb,1
LoicMarechal/libMeshb,1
OpenClinica/OpenClinica,1
ghostlander/Halcyon,1
wp-plugins/ad-blocking-detector,1
github/hubot-scripts,1
WBCE/WBCE_CMS,1
JervenBolleman/sparql-identifiers,1
discourse/discourse-calendar,1
FreePBX/contactmanager,1
awslabs/aws-js-s3-explorer,1
pichi-router/pichi,1
go-aah/aah,1
justinas/nosurf,1
Starcounter-Jack/JSON-Patch,1
AhmedAdelFahim/express-xss-sanitizer,1
robiso/wondercms,1
nhn/tui.grid,1
kellyselden/git-diff-apply,1
mrvautin/expressCart,1
invoiceninja/invoiceninja,1
bit-team/backintime,1
muttmua/mutt,1
pillarjs/resolve-path,1
commenthol/versionn,1
graphhopper/graphhopper,1
yairEO/tagify,1
oznetmaster/SSharpSmartThreadPool,1
gin-gonic/gin,1
t0rchwo0d/gin,1
derf/feh,1
nextcloud/spreed,1
hapijs/hoek,1
replit/crosis,1
uisautomation/django-ucamlookup,1
wp-plugins/vaultpress,1
neocotic/convert-svg,1
kamadak/exif-rs,1
Uninett/mod_auth_mellon,1
containerd/imgcrypt,1
mastodon/mastodon,1
cocagne/pysrp,1
soketi/soketi,1
scottbcovert/Centralized-Salesforce-Dev-Framework,1
fiveai/Cachet,1
monero-project/monero-gui,1
rack/rack,1
makedeb/mist,1
piranna/linux-cmdline,1
jaredhanson/oauth2orize-fprm,1
arekk/uke,1
PrestaShop/ps_emailsubscription,1
Moddable-OpenSource/moddable,1
mage-ai/mage-ai,1
sileht/bird-lg,1
kitabisa/teler-waf,1
jupyter/nbdime,1
atheme/charybdis,1
InternationalScratchWiki/wiki-scratchsig,1
sebastianbergmann/phpunit,1
cgriego/active_attr,1
git-lfs/git-lfs,1
Automattic/mongoose,1
DataTables/Dist-DataTables,1
Twentysix26/x26-Cogs,1
nicolas-van/modern-async,1
pillys/fs-path,1
leenooks/phpLDAPadmin,1
stedolan/jq,1
Softmotions/iowow,1
SUKOHI/Surpass,1
quay/claircore,1
highlightjs/highlight.js,1
opencart/opencart,1
JonMagon/KDiskMark,1
sonicdoe/ced,1
ilanschnell/bsdiff4,1
sqlpad/sqlpad,1
jessfraz/pastebinit,1
purpleparrots/491-Project,1
schismtracker/schismtracker,1
jupyterhub/binderhub,1
Blosc/c-blosc2,1
nodejs/undici,1
ewxrjk/sftpserver,1
locutusjs/locutus,1
dollarshaveclub/shave,1
Leantime/leantime,1
github/gh-ost,1
VulcanJS/Vulcan,1
Woorank/robots-txt-guard,1
dobos/domino,1
JoomGallery/JoomGallery,1
MNBikeways/database,1
Maheshkumar-Kakade/otp-generator,1
siwapp/siwapp-ror,1
korobochkin/mark-user-as-spammer,1
whohas/whohas,1
mongodb/bson-ruby,1
Masterminds/goutils,1
lucee/Lucee,1
MISP/MISP-maltego,1
pypa/pipenv,1
movim/moxl,1
innologi/typo3-appointments,1
vim-syntastic/syntastic,1
MyIgel/engelsystem,1
django-ses/django-ses,1
jellyfin/jellyfin-web,1
xsmo/Image-Uploader-and-Browser-for-CKEditor,1
collective/collective.contact.widget,1
rap2hpoutre/laravel-log-viewer,1
gemini-testing/png-img,1
doorkeeper-gem/doorkeeper,1
fbb-git/yodl,1
dns-stats/hedgehog,1
bastianallgeier/kirby-webmentions,1
josephernest/void,1
latchset/kdcproxy,1
tiangolo/fastapi,1
tomszilagyi/zutty,1
aheckmann/mpath,1
appneta/tcpreplay,1
alerta/alerta,1
greenplum-db/gpdb,1
mafintosh/is-my-json-valid,1
hapijs/formula,1
mineweb/minewebcms,1
sonnyp/JSON8,1
mity/md4c,1
chedabob/whatismyudid,1
Yomguithereal/baobab,1
codemirror/CodeMirror,1
salesforce/tough-cookie,1
01-Scripts/01ACP,1
charybdis-ircd/charybdis,1
elementary/switchboard-plug-bluetooth,1
mitsuhiko/jinja2,1
navidrome/navidrome,1
UIKit0/libplist,1
charmbracelet/charm,1
georgestephanis/Custom-Content-Width,1
katlings/pyambic-pentameter,1
OpenPrinting/cups,1
sisimai/rb-sisimai,1
dingelish/rust-base64,1
godaddy/node-config-shield,1
libsdl-org/libtiff,1
bertramdev/asset-pipeline,1
GoGentoOSS/SAMLBase,1
python-mechanize/mechanize,1
taoyuan/ntesseract,1
nuitka/nuitka,1
multiversx/mx-chain-go,1
facebookresearch/ParlAI,1
websockets/ws,1
libidn/libidn2,1
westes/flex,1
GGGGGGGG/ToN-MasterServer,1
openscad/openscad,1
prodigasistemas/curupira,1
Finastra/ssr-pages,1
wp-plugins/watu,1
ucbrise/opaque,1
discourse/discourse-footnote,1
pupnp/pupnp,1
fabiocaccamo/utils.js,1
jeffcoughlin/farcrysolrpro,1
kapetan/dns,1
clinical-genomics/scout,1
github/view_component,1
barronwaffles/dwc_network_server_emulator,1
anchore/anchore-engine,1
openedx/xblock-drag-and-drop-v2,1
grafana/agent,1
docker/docker-credential-helpers,1
dogtagpki/jss,1
HewlettPackard/nagios-plugins-hpilo,1
davidmoreno/onion,1
c-ares/c-ares,1
skalenetwork/sgxwallet,1
thlorenz/parse-link-header,1
alkacon/mercury-template,1
diegohaz/bodymen,1
hakobe/paranoidhttp,1
tojocky/node-printer,1
flar2/ElementalX-N9,1
davidfcarr/rsvpmaker,1
liquibase/liquibase,1
TandoorRecipes/recipes,1
retke/Laggrons-Dumb-Cogs,1
cvandeplas/pystemon,1
uWebSockets/uWebSockets,1
metarhia/metacalc,1
avar/Plack,1
wp-plugins/a-forms,1
podofo/podofo,1
root-project/root,1
netristv/ws-scrcpy,1
zenphoto/zenphoto,1
aws/aws-sdk-js-v3,1
swagger-api/swagger-codegen,1
maboehm/fallstudie,1
orchidsoftware/platform,1
dogtagpki/pki,1
cloudfoundry/archiver,1
sebsauvage/Shaarli,1
GeyserMC/Geyser,1
nopSolutions/nopCommerce,1
PaddlePaddle/Paddle,1
erohtar/Dasherr,1
michaelryanmcneill/shibboleth,1
ionicabizau/parse-path,1
Kong/lua-multipart,1
mytrile/node-libnotify,1
ClusterLabs/booth,1
blevesearch/bleve,1
Laravel-Backpack/CRUD,1
simplesamlphp/saml2,1
brettwooldridge/NuProcess,1
mongodb/js-bson,1
ONLYOFFICE/plugin-translator,1
3dcitydb/web-feature-service,1
auth0/express-jwt,1
VictorFerraresi/pokemon-database-php,1
gobby/libinfinity,1
RDFLib/pyrdfa3,1
gchq/CyberChef,1
myapnea/myapnea.org,1
JojoCMS/Jojo-CMS,1
emmflo/yuko-bot,1
binary-husky/gpt_academic,1
bobthecow/mustache.php,1
facebook/nuclide,1
NethServer/nethserver-phonehome,1
Mibew/mibew,1
fredrik-johansson/mpmath,1
ale7714/sigeprosi,1
quadule/colorscore,1
wp-plugins/fancy-gallery,1
OpenIDC/pyoidc,1
istio/istio,1
ReadyTalk/avian,1
Fumon/trello-octometric,1
getkirby/kirby,1
Chevereto/Chevereto-Free,1
monstra-cms/monstra,1
common-workflow-language/cwlviewer,1
apache/incubator-livy,1
tensorflow/tflite-micro,1
lsegal/yard,1
MirahezeBots/sopel-channelmgnt,1
openSUSE/travel-support-program,1
imgproxy/imgproxy,1
mrtnmtth/joomla_mod_einsatz_stats,1
btcsuite/go-socks,1
starlite-api/starlite,1
ipfs/go-bitfield,1
alanxz/rabbitmq-c,1
microsoft/onefuzz,1
InfotelGLPI/tasklists,1
recurly/recurly-client-net,1
apereo/cas,1
esl/MongooseIM,1
forcedotcom/SalesforceMobileSDK-Windows,1
Kong/docker-kong,1
wp-plugins/simplr-registration-form,1
scottcwang/openssh_key_parser,1
OrchardCMS/OrchardCore,1
adaltas/node-mixme,1
mitreid-connect/OpenID-Connect-Java-Spring-Server,1
dwisiswant0/apkleaks,1
lesterchan/wp-ban,1
sidekiq/sidekiq,1
canarymail/mailcore2,1
hakimel/reveal.js,1
nextcloud/apps,1
notepad-plus-plus/notepad-plus-plus,1
jackalope/jackalope-doctrine-dbal,1
Kenny2github/Report,1
jaredhanson/passport-oauth2,1
xelerance/Openswan,1
itext/rups,1
brave/muon,1
latchset/jwcrypto,1
playsms/playsms,1
remarkjs/remark-html,1
polterguy/phosphorusfive,1
wikimedia/mediawiki-extensions-I18nTags,1
oxguy3/coebot-www,1
Backblaze/b2-sdk-python,1
dablelv/go-huge-util,1
paramiko/paramiko,1
dojo/dijit,1
moonlight-stream/moonlight-ios,1
mailcow/mailcow-dockerized,1
gnuaspell/aspell,1
sporkmonger/addressable,1
pallets/jinja,1
scipy/scipy,1
PierreRambaud/gemirro,1
jooby-project/jooby,1
pymedusa/Medusa,1
lingej/pnp4nagios,1
ratpack/ratpack,1
fuzzard/xbmc,1
zenoss/ZenPacks.zenoss.Dashboard,1
maxsite/cms,1
vercel/ms,1
snoyberg/keter,1
proftpd/proftpd,1
Bitmessage/PyBitmessage,1
shrinerb/shrine,1
valtech/valtech-idp-test-clients,1
glensc/file,1
bagder/curl,1
z3APA3A/3proxy,1
mapoor/voteapp,1
Zerocoin/libzerocoin,1
babelouest/ulfius,1
strukturag/libde265,1
google/gvisor,1
philippK-de/Collabtive,1
OSGeo/shapelib,1
Venemo/node-lmdb,1
yhirose/cpp-httplib,1
ulrikstrid/reason-jose,1
buddypress/BuddyPress,1
jupyterhub/kubespawner,1
wp-plugins/media-downloader,1
jamesagnew/hapi-fhir,1
gturri/aXMLRPC,1
wp-plugins/wooframework-tweaks,1
HenrikJoreteg/html-parse-stringify,1
gollum/grit_adapter,1
openmrs/openmrs-core,1
kbase/metrics,1
openid/ruby-openid,1
pay-rails/pay,1
InternationalScratchWiki/mediawiki-scratch-login,1
simsong/tcpflow,1
janl/node-jsonpointer,1
tutrantta/project_todolist,1
FAForever/fa,1
nextcloud/circles,1
codecov/codecov-python,1
amro/gibbon,1
sitefusion/server,1
NREL/api-umbrella-web,1
codecov/codecov-node,1
mattkrick/sanitize-svg,1
pinterest/querybook,1
Newcomer1989/TSN-Ranksystem,1
dbeaver/dbeaver,1
FiloSottile/nistec,1
Netflix/lemur,1
github/codeql-action,1
IdentityServer/IdentityServer4,1
onelogin/wordpress-saml,1
transmission/transmission,1
KubeOperator/KubeOperator,1
mrodrig/doc-path,1
openmrs/openmrs-module-htmlformentry,1
libsdl-org/SDL_ttf,1
mailpile/Mailpile,1
datahub-project/datahub,1
wichert/pyrad,1
zkat/ssri,1
geoserver/geoserver,1
wp-plugins/woo-popup,1
ArjunSharda/Passeo,1
pytorch/pytorch,1
mafintosh/tar-fs,1
rust-lang/mdBook,1
BSI-Bund/de.fac2,1
mirumee/saleor-storefront,1
CZ-NIC/knot-resolver,1
hyperledger/fabric,1
prismjs/prism,1
TryGhost/express-hbs,1
jnbt/vscode-rufo,1
pusher/oauth2_proxy,1
dmendel/bindata,1
wp-plugins/eelv-newsletter,1
akimd/bison,1
mar10/wsgidav,1
xjodoin/torpedoquery,1
zzxiang/external-media-without-import,1
Piwigo/LocalFilesEditor,1
falling-fruit/falling-fruit,1
abcprintf/upload-image-with-ajax,1
oktora24/2moons,1
pornel/pngquant,1
openstack-infra/puppet-gerrit,1
BelledonneCommunications/belle-sip,1
drogonframework/drogon,1
lgommans/dro.pm,1
doomsider/shadow,1
lukehutch/gribbit,1
ballcat-projects/ballcat-codegen,1
ansible/ansible-runner,1
ankane/clockwork_web,1
vendure-ecommerce/vendure,1
rawstudio/rawstudio,1
symless/synergy-core,1
ushahidi/Ushahidi_Web,1
openpgpjs/openpgpjs,1
rs/node-netmask,1
harrystech/dynosaur-rails,1
RamseyK/httpserver,1
FreePBX/manager,1
porpeeranut/go-with-me,1
jupyterhub/jupyterhub,1
pypa/setuptools,1
Quagga/quagga,1
dd32/debug-bar,1
tenable/integration-jira-cloud,1
automattic/mongoose,1
unbit/uwsgi,1
vapor/postgres-nio,1
s-cart/s-cart,1
stevejagodzinski/DevNewsAggregator,1
lukashinsch/spring-boot-actuator-logview,1
pksunkara/inflect,1
joblib/joblib,1
duffelhq/paginator,1
ipfs/go-unixfs,1
discourse/discourse-chat,1
roxlukas/lmeve,1
KDE/kdeconnect-kde,1
cthackers/adm-zip,1
Arsenal21/all-in-one-wordpress-security,1
android/platform_bionic,1
GNOME/pango,1
bytecodealliance/lucet,1
e2guardian/e2guardian,1
dexie/Dexie.js,1
10gen-archive/mongo-c-driver-legacy,1
AEB-labs/cruddl,1
latchset/mod_auth_mellon,1
melisplatform/melis-front,1
lovell/sharp,1
Azure/aad-pod-identity,1
wp-plugins/cp-polls,1
objsys/oocborrt,1
simpleledger/Electron-Cash-SLP,1
silverstripe/silverstripe-assets,1
evanphx/json-patch,1
softwaremill/akka-http-session,1
novnc/noVNC,1
centreon/centreon,1
LINBIT/csync2,1
benjaminkott/bootstrap_package,1
mjg59/pupnp-code,1
evilnet/nefarious2,1
starkbank/ecdsa-python,1
wp-plugins/404like,1
px-org/PanIndex,1
duke-git/lancet,1
karsonzhang/fastadmin,1
pahen/madge,1
OCSInventory-NG/OCSInventory-ocsreports,1
DaSchTour/matomo-mediawiki-extension,1
rlespinasse/github-slug-action,1
istio/envoy,1
jamesmartin/inline_svg,1
rrainn/PortProcesses,1
AndreRenaud/PDFGen,1
mkj/dropbear,1
graphpaperpress/Sell-Media,1
feross/simple-get,1
motor-admin/motor-admin,1
PrestaShop/blockwishlist,1
cookiecutter/cookiecutter,1
PowerDNS/pdns,1
protobuf-c/protobuf-c,1
hsimpson/vscode-glsllint,1
bustle/mobiledoc-kit,1
ArtifexSoftware/jbig2dec,1
google/fscrypt,1
Minichan/Minichan,1
ppp-project/ppp,1
rpm-software-management/libcomps,1
nmanousos/email-existence,1
melisplatform/melis-asset-manager,1
SAML-Toolkits/ruby-saml,1
geotools/geotools,1
ScottTZhang/voter-js,1
makedeb/mprweb,1
math-geon/Geon,1
esnet/iperf,1
stripe/smokescreen,1
google/oss-fuzz-vulns,1
zwczou/weixin-python,1
lierdakil/click-reminder,1
jgraph/mxgraph,1
jonschlinkert/set-value,1
api-platform/core,1
dpup/fittr-flickr,1
sharetribe/sharetribe,1
kohler/gifsicle,1
Tethik/flask-session-captcha,1
vuetifyjs/vuetify,1
wireapp/wire-server,1
kmackay/micro-ecc,1
gregkh/usbview,1
wp-plugins/subscribe-to-comments,1
MrOxizen/image-hover-effects-ultimate,1
phoenixframework/phoenix_html,1
MrRio/jsPDF,1
arrow-kt/arrow,1
ohmyzsh/ohmyzsh,1
stachenov/quazip,1
w3c/Unicorn,1
wal-g/wal-g,1
stripe/stripe-cli,1
open-power/skiboot,1
mjmlio/mjml,1
pluginsGLPI/sccm,1
GNOME/libgsf,1
catfan/Medoo,1
nim-lang/nimble,1
ApollosProject/apollos-apps,1
npm/hosted-git-info,1
plone/Products.CMFPlone,1
filp/whoops,1
jianlinwei/cool-php-captcha,1
sigstore/policy-controller,1
ether/ueberDB,1
maekitalo/tntnet,1
yiisoft/yii,1
kalcaddle/KodExplorer,1
pyupio/dparse,1
nanobox-io/golang-nanoauth,1
rathena/FluxCP,1
Kenny2github/kenny2automate,1
minimagick/minimagick,1
ai/nanoid,1
tony-tsx/cookiex-deep,1
Karlatemp/UnsafeAccessor,1
ge0rg/yaxim,1
mvpoland/django-ajax-utilities,1
hoperyy/get-npm-package-version,1
spotweb/spotweb,1
PrivateSky/apersistence,1
ayttm/ayttm,1
aaugustin/websockets,1
sproctor/php-calendar,1
cronvel/string-kit,1
yeswiki/yeswiki,1
validatorjs/validator.js,1
dmlc/ps-lite,1
Bouke/django-two-factor-auth,1
hoppscotch/hoppscotch,1
paypal/nemo-appium,1
xwiki-contrib/application-ckeditor,1
caolan/forms,1
faye/websocket-extensions-node,1
jaredhanson/passport,1
nats-io/nats.ws,1
vmware/xenon,1
openstack/swauth,1
dwisiswant0/cwa-filter-rules,1
justingit/dada-mail,1
netdisco/netdisco,1
neo4j-contrib/neo4j-apoc-procedures,1
overdrive-diy/course-builder,1
ikeay/vinemv,1
agy/pontifex.http,1
Sterc/Analytics-dashboard-widget,1
Gemorroj/phpwhois,1
fosnola/libstaroffice,1
coreos/coreos-installer,1
CESNET/perun,1
orchest/orchest,1
backdrop-contrib/basic_cart,1
Redon-Tech/Roblox-Purchasing-Hub,1
aws/amazon-cloudwatch-agent,1
wp-plugins/dynamic-widgets,1
TryGhost/node-sqlite3,1
netless-io/flat-server,1
alkacon/opencms-core,1
frouriojs/frourio,1
hueniverse/hawk,1
haml/haml,1
rofl0r/MacGeiger,1
mozilla/PollBot,1
MrSwitch/hello.js,1
protobufjs/protobuf.js,1
rejetto/hfs2,1
gregkh/linux,1
Turistforeningen/node-im-resize,1
rsantamaria/papercrop,1
appium/appium-desktop,1
goreleaser/nfpm,1
DBRisinajumi/d2files,1
ipfs/go-unixfsnode,1
iubenda/iubenda-cookie-class,1
antfu/utils,1
opencv/opencv,1
dnnsoftware/dnn.platform,1
jech/polipo,1
Ysurac/openmptcprouter-vps-admin,1
janko/image_processing,1
ssn2013/cis450Project,1
clientIO/joint,1
GStreamer/gst-plugins-ugly,1
aws/efs-utils,1
Turante/sandbox-theme,1
ibus/ibus-anthy,1
lifion/lifion-verify-deps,1
frontaccounting/faplanet,1
symbiote/silverstripe-seed,1
actions/toolkit,1
jupyter/jupyter_core,1
LibVNC/x11vnc,1
OpenSC/pam_p11,1
yuda-lyu/w-zip,1
zerochplus/zerochplus,1
ChatSecure/ChatSecure-iOS,1
dart-archive/http_server,1
ytti/oxidized-web,1
GreycLab/CImg,1
fastify/fastify-bearer-auth,1
braintree/sanitize-url,1
growthbook/growthbook,1
fatcerberus/minisphere,1
silverstripe/silverstripe-omnipay,1
fwupd/fwupd,1
OpenIDC/mod_auth_openidc,1
ulikunitz/xz,1
barrykooij/related-posts-for-wp,1
encode/starlette,1
natelong/p4,1
alliedmodders/amxmodx,1
liangliangyy/djangoblog,1
lquixada/cross-fetch,1
spiral-project/ihatemoney,1
flyteorg/flyteadmin,1
oetiker/rrdtool-1.x,1
wildfly/wildfly-core,1
github/hub,1
tildearrow/furnace,1
lionello/secp256k1-js,1
389ds/389-ds-base,1
apache/cordova-plugin-inappbrowser,1
PrestaShop/ps_socialfollow,1
oyvindkinsey/easyXDM,1
qos-ch/slf4j,1
crossplane/crossplane-runtime,1
RebeccaStevens/deepmerge-ts,1
vgropp/bwm-ng,1
containrrr/shoutrrr,1
m6w6/ext-http,1
libexpat/libexpat,1
Zimbra/zm-mailbox,1
ruby/openssl,1
CanonicalLtd/subiquity,1
jdhwpgmbca/pcapture,1
xnio/xnio,1
samtools/htsjdk,1
moment/luxon,1
yi-ge/unzip,1
mitmproxy/mitmproxy,1
abhilash1985/PredictApp,1
jfhbrook/node-ecstatic,1
MediaArea/ZenLib,1
jonschlinkert/mixin-deep,1
CircuitVerse/CircuitVerse,1
gpg/libgcrypt,1
doxygen/doxygen,1
ClusterLabs/crmsh,1
yrutschle/sslh,1
Jasig/dotnet-cas-client,1
open-formulieren/open-forms,1
dandavison/delta,1
Flask-Middleware/flask-security,1
collective/collective.task,1
typestack/class-transformer,1
openipam/django-openipam,1
pkp/omp,1
solokeys/solo,1
syncthing/syncthing,1
mapserver/mapserver,1
Netflix/security_monkey,1
amazeeio/lagoon,1
cention-mujibur-rahman/cention-chatserver,1
opencontainers/umoci,1
discourse/discourse-bbcode,1
jens-maus/RaspberryMatic,1
Bytom/bytom,1
migueldeicaza/SwiftTerm,1
sipcapture/homer-app,1
sparklemotion/nekohtml,1
s-gv/orangeforum,1
silnrsi/graphite,1
iamdroppy/phoenixcf,1
mtrmac/IPTables-Parse,1
unrealircd/unrealircd,1
twangboy/salt,1
Bcfg2/bcfg2,1
monitorjbl/excel-streaming-reader,1
futurepress/epub.js,1
apexcharts/apexcharts.js,1
dlundquist/sniproxy,1
benbusby/whoogle-search,1
web2project/web2project,1
mrbobbybryant/Jobs-Plugin,1
HtmlUnit/htmlunit,1
xiph/opusfile,1
goadesign/goa,1
sshnet/SSH.NET,1
scylladb/scylladb,1
Brondahl/EnumStringValues,1
lkiesow/python-feedgen,1
eclipse-californium/californium,1
newcontext-oss/kitchen-terraform,1
documize/community,1
michaelschwarz/Ajax.NET-Professional,1
YunoHost-Apps/transmission_ynh,1
ossec/ossec-wui,1
dominictarr/libnested,1
rust-osdev/linked-list-allocator,1
ibmdb/node-ibm_db,1
ffi/ffi,1
detekt/detekt,1
mltframework/shotcut,1
golang/gddo,1
angular/angular,1
klacke/yaws,1
claviska/jquery-minicolors,1
ada-l0velace/Bid,1
GNUAspell/aspell,1
agnivade/easy-scrypt,1
NiklasMerz/cordova-plugin-fingerprint-aio,1
siacs/Conversations,1
atwellpub/resend-welcome-email,1
icsharpcode/SharpZipLib,1
VSCodeVim/Vim,1
sandhje/vscode-phpmd,1
DCIT/perl-Crypt-JWT,1
visegripped/stracker,1
Security-Onion-Solutions/securityonion,1
mnoorenberghe/ZoneMinder,1
wekan/wekan,1
webbukkit/dynmap,1
jfm-so/piWallet,1
appsmithorg/appsmith,1
voten-co/voten,1
h2o/h2o,1
nivit/redports,1
ruby-ldap/ruby-net-ldap,1
dtschump/CImg,1
jhuckaby/pixl-class,1
projectcontour/contour,1
chocolatey/boxstarter,1
Typesetter/Typesetter,1
mayan-edms/mayan-edms,1
ambiot/amb1_sdk,1
OpenCycleCompass/server-php,1
angus-c/just,1
containers/image,1
mholt/archiver,1
stiiv/contact_app,1
2071174A/vinylmap,1
GuyMograbi/kill-by-port,1
GNOME/evince,1
openenclave/openenclave,1
veracrypt/VeraCrypt,1
gnuboard/youngcart5,1
actions/http-client,1
sveltejs/svelte,1
mirumee/saleor,1
kjur/jsrsasign,1
kataras/iris,1
dom4j/dom4j,1
wenzhixin/bootstrap-table,1
matrix-org/dendrite,1
ArtifexSoftware/mupdf,1
mbdavid/LiteDB,1
stylerw/styler_praat_scripts,1
robbert229/jwt,1
LiuWoodsCode/LiuOS,1
githuis/P2Manage,1
garden-io/garden,1
dracutdevs/dracut,1
Pylons/horus,1
bonzini/qemu,1
soshtolsus/wing-tight,1
sea75300/fanpresscm3,1
nolimits4web/swiper,1
Nozbe/WatermelonDB,1
wp-plugins/freshdesk-support,1
happyworm/jPlayer,1
strangerstudios/paid-memberships-pro,1
convos-chat/convos,1
ITRS-Group/monitor-ninja,1
vexim/vexim2,1
evandro-machado/Trabalho-Web2,1
fluent/fluentd,1
zmister2016/mrdoc,1
discourse/discourse-mermaid-theme-component,1
fastify/fastify-reply-from,1
webbuilders-group/silverstripe-kapost-bridge,1
landfillbaby/png2webp,1
eugeneware/changeset,1
cooltey/C.P.Sub,1
mqttjs/MQTT.js,1
uvdesk/community-skeleton,1
zopefoundation/Products.CMFCore,1
jvvlee/MerlinsBoard,1
aws-amplify/aws-sdk-android,1
FurqanSoftware/node-whois,1
mikebharris/simple_php_link_shortener,1
browserless/chrome,1
phaag/nfdump,1
ScratchVerifier/ScratchVerifier,1
boothj5/profanity,1
LEMS/jLEMS,1
icecoder/icecoder,1
mjg59/linux,1
Vincit/objection.js,1
kriszyp/json-schema,1
digint/btrbk,1
gollum/gollum,1
apache/ofbiz-framework,1
aedart/ion,1
NixOS/nixpkgs,1
excon/excon,1
jrspruitt/ubi_reader,1
cube-js/cube.js,1
scandipwa/create-magento-app,1
gburton/CE-Phoenix,1
mafintosh/dns-packet,1
Qix-/color-string,1
sylabs/scs-library-client,1
containers/libpod,1
sullo/nikto,1
nodejs/node,1
OPCFoundation/UA-.NET-Legacy,1
pfsense/pfsense-packages,1
google/closure-library,1
troglobit/ssdp-responder,1
vercel/next.js,1
Singular/Singular,1
libxmljs/libxmljs,1
libguestfs/libguestfs,1
operatorequals/wormnest,1
kaidomc-pm-pl/RegionProtect,1
FreePBX/arimanager,1
InternalError503/forget-it,1
linux-application-whitelisting/fapolicyd,1
ualbertalib/NEOSDiscovery,1
TekMonksGitHub/monkshu,1
git-for-windows/git,1
cnlh/nps,1
gitter-badger/ezpublish-modern-legacy,1
gnome-exe-thumbnailer/gnome-exe-thumbnailer,1
koala-framework/koala-framework,1
facebookincubator/mvfst,1
snakeyaml/snakeyaml,1
libssh2/libssh2,1
FireBlinkLTD/object-collider,1
openrazer/openrazer,1
CapsAdmin/pac3,1
artdarek/go-unzip,1
dojo/dojo,1
mkdynamic/omniauth-facebook,1
ChaoticOnyx/OnyxForum,1
crawl/crawl,1
effectindex/tripreporter,1
lukeed/tempura,1
jenkinsci/subversion-plugin,1
bacula-web/bacula-web,1
swaywm/swaylock,1
shred/cilla,1
chaskiq/chaskiq,1
atampy25/quickentity-editor-next,1
onlaj/Piano-LED-Visualizer,1
grafana/synthetic-monitoring-agent,1
vslavik/winsparkle,1
apptainer/apptainer,1
jshmrtn/hygeia,1
drogatkin/TJWS2,1
oliversalzburg/i18n-node-angular,1
samholmes/node-open-graph,1
moodle/moodle,1
authelia/authelia,1
samtools/htslib,1
danschultzer/pow,1
mholt/PapaParse,1
tenancy/multi-tenant,1
nuxtlabs/github-module,1
scikit-learn/scikit-learn,1
davideicardi/confinit,1
nuxsmin/sysPass,1
eclipse/mosquitto,1
Backblaze/B2_Command_Line_Tool,1
ipfs/go-ipfs,1
StarsAlliance/PsychoStats,1
naparuba/shinken,1
viakondratiuk/cash-machine,1
stakira/OpenUtau,1
TheThingsNetwork/lorawan-stack,1
tindy2013/subconverter,1
jhipster/jhipster-kotlin,1
wp-plugins/google-analytics-top-posts-widget,1
syoyo/tinygltf,1
fracpete/vfsjfilechooser2,1
laverdet/isolated-vm,1
Jabberd2/jabberd2,1
Azure/setup-kubectl,1
stoth68000/media-tree,1
devent/globalpom-utils,1
sah-comp/bienlein,1
appwrite/appwrite,1
caolan/async,1
GNOME/nautilus,1
nightscout/cgm-remote-monitor,1
lojban/jbovlaste,1
influxdata/influxdb,1
zitadel/zitadel,1
markedjs/marked,1
knowledgecode/date-and-time,1
peerigon/angular-expressions,1
ultravnc/UltraVNC,1
paritytech/libsecp256k1,1
EvanHerman/yikes-inc-easy-mailchimp-extender,1
sroehrl/neoan3-template,1
xibosignage/xibo-cms,1
siderolabs/talos,1
uNetworking/uWebSockets,1
thi-ng/umbrella,1
gettalong/kramdown,1
sternenseemann/sternenblog,1
Nordaaker/convos,1
ipoelnet/php-login,1
delgan/loguru,1
rudloff/alltube,1
beanshell/beanshell,1
soruly/whatanime.ga,1
openhab/openhab-addons,1
GNOME/librsvg,1
ajenti/ajenti,1
drupalprojects/email_registration,1
openshift/assisted-installer,1
chalk/ansi-regex,1
manuelstofer/json-pointer,1
onc-healthit/code-validator-api,1
miraheze/DataDump,1
pouetnet/pouet2.0,1
tidwall/gjson,1
recurly/recurly-client-python,1
Supervisor/supervisor,1
AuthGuard/AuthGuard,1
rozbb/readtomyshoe,1
solj/bcfg2,1
TooTallNate/node-degenerator,1
liyansong2018/elfspirit,1
pymumu/smartdns,1
irontec/klear-library,1
rhalff/dot-object,1
jappix/jappix,1
matrix-org/gomatrixserverlib,1
auth0/ad-ldap-connector,1
MobSF/Mobile-Security-Framework-MobSF,1
brandonfire/miRNA_Database_by_PHP_MySql,1
hexojs/hexo,1
miraheze/ManageWiki,1
bywatersolutions/bywater-koha-xslt,1
davemckain/qtiworks,1
shirasagi/shirasagi,1
snapcore/snapd,1
SimpleMachines/SMF2.1,1
microsoft/typed-rest-client,1
mozilla/node-convict,1
github/trilogy,1
fluture-js/fluture-node,1
gost-engine/engine,1
CherishSin/klattr,1
planetlabs/planet-client-python,1
volca/markdown-preview,1
darktable-org/rawspeed,1
swaggo/http-swagger,1
freifunk-gluon/ecdsautils,1
gophergala/sqldump,1
redpanda-data/redpanda,1
indutny/elliptic,1
ciubotaru/share-on-diaspora,1
jtdowney/private_address_check,1
syoyo/tinyexr,1
i7MEDIA/mojoportal,1
miraheze/CreateWiki,1
npm/fstream,1
sabberworm/PHP-CSS-Parser,1
yoe/nbd,1
Stellarium/stellarium,1
owncast/owncast,1
wp-plugins/icons-for-features,1
sjwall/mdx-mermaid,1
concrete5/concrete5-legacy,1
adodb/adodb,1
DataTables/DataTablesSrc,1
EGroupware/egroupware,1
simplesamlphp/simplesamlphp-module-openidprovider,1
shopware/SwagPayPal,1
Arno0x/TwoFactorAuth,1
bcosca/fatfree-core,1
drybjed/ansible-ntp,1
seccomp/libseccomp-golang,1
wp-plugins/tinychat-roomspy,1
RackTables/racktables,1
stnoonan/spnego-http-auth-nginx-module,1
pagekit/pagekit,1
npm/npm-user-validate,1
Cotonti/Cotonti,1
ezsystems/ezjscore,1
jcubic/jquery.terminal,1
openshift/osin,1
brocaar/chirpstack-network-server,1
zblogcn/zblogphp,1
corosync/corosync,1
OpenSMTPD/OpenSMTPD,1
rulex-rs/rulex,1
duzun/URL.js,1
psf/requests,1
xrootd/xrootd,1
kiwitcms/kiwi,1
RainLoop/rainloop-webmail,1
juju2143/walrusirc,1
Miccighel/PR-CWT,1
joseconti/WangGuard,1
JoeScho/get-ip-range,1
perwendel/spark,1
Irrelon/irrelon-path,1
harttle/liquidjs,1
tynx/wuersch,1
s-cart/core,1
GNS3/ubridge,1
Talend/tmdm-server-se,1
punkave/sanitize-html,1
iGamingModules/flashgames,1
nextcloud/cookbook,1
pear/Crypt_GPG,1
jcupitt/libvips,1
robrichards/xmlseclibs,1
HolgerHees/cloudsync,1
poljar/matrix-nio,1
ADOdb/ADOdb,1
thoughtbot/administrate,1
Soontao/cycle-import-check,1
signalwire/freeswitch,1
randombit/botan,1
Vanessa219/vditor,1
jnunemaker/httparty,1
mayankmetha/Rucky,1
vesse/node-ldapauth-fork,1
discourse/DiscoTOC,1
orbeon/orbeon-forms,1
libuv/libuv,1
arnoldle/phplist-plugin-submitByMailPlugin,1
slimphp/Slim-Psr7,1
MrP/image-tiler,1
little-apps/little-software-stats,1
jcubic/sysend.js,1
hoffie/larasync,1
minio/console,1
johnpapa/generator-hottowel,1
haakonnessjoen/MAC-Telnet,1
tramyardg/hotel-mgmt-system,1
samg/diffy,1
typcn/Blogile,1
facebook/react-native,1
madgicweb/buddystream,1
linlinjava/litemall,1
Katello/katello,1
univention/univention-corporate-server,1
lavv17/lftp,1
dpgaspar/Flask-AppBuilder,1
coturn/coturn,1
rotelok/weblabyrinth,1
01org/opa-ff,1
q2a/question2answer,1
Boonstra/Slideshow,1
mrobit/robitailletheknot,1
andrzuk/FineCMS,1
libexif/exif,1
rtcwcoop/rtcwcoop,1
bradyvercher/gistpress,1
openthread/openthread,1
firecracker-microvm/versionize,1
codingjoe/django-s3file,1
jnunemaker/crack,1
node-red/node-red-dashboard,1
jtojnar/pengu,1
ned14/nedmalloc,1
facebook/redex,1
glpi-project/glpi-inventory-plugin,1
elabftw/elabftw,1
cdr/code-server,1
beego/beego,1
httplib2/httplib2,1
platzhersh/pacman-canvas,1
openstack/nova-lxd,1
RasaHQ/rasa,1
azuracast/azuracast,1
BraveUX/for-the-badge,1
nsrr/sleepdata.org,1
antonbolling/clan7ups,1
Assfugil/nickchanbot,1
runatlantis/atlantis,1
mantisbt-plugins/source-integration,1
czproject/git-php,1
spring-projects/spring-framework,1
nhosoya/omniauth-apple,1
samba-team/samba,1
keszybz/systemd,1
fragglet/lhasa,1
j-nowak/workout-organizer,1
vert-x3/vertx-stomp,1
zeromq/libzmq,1
Seiji42/cub-scout-tracker,1
Umbraco/Umbraco-CMS,1
rf-/keynote,1
javamelody/javamelody,1
solana-labs/solana-pay,1
shannah/xataface,1
toastdriven/django-tastypie,1
youngerheart/nodeserver,1
nghttp2/nghttp2,1
rakibtg/docker-web-gui,1
samboy/MaraDNS,1
Zarthus/irc-twitter-bot,1
GeoNode/geoserver-geonode-ext,1
GoogleCloudPlatform/esp-v2,1
pluck-cms/pluck,1
SchedMD/slurm,1
rubygems/rubygems.org,1
hoppscotch/proxyscotch,1
PrestaShop/contactform,1
relan/exfat,1
strapi/strapi,1
debug-js/debug,1
fgribreau/node-request-retry,1
xmldom/xmldom,1
check-spelling/check-spelling,1
01org/tpm2.0-tools,1
GNOME/gimp,1
LearnPress/learnpress,1
wp-plugins/ip-blacklist-cloud,1
deislabs/oras,1
rust-blockchain/evm,1
IET-OU/open-media-player,1
ssnau/killport,1
epiphyt/form-block,1
gperson/angular-test-reporter,1
snoyberg/xml,1
PrestaShop/ps_facetedsearch,1
userfrosting/UserFrosting,1
GNOME/libxml2,1
wp-plugins/maxbuttons,1
NagiosEnterprises/ncpa,1
ATM-Consulting/dolibarr_module_quicksupplierprice,1
broofa/node-uuid,1
zephyrkul/FluffyCogs,1
osuosl/twisted_vncauthproxy,1
aresch/rencode,1
camptocamp/terraboard,1
racket/racket,1
cydrobolt/polr,1
kizniche/Mycodo,1
roest01/node-pdf-image,1
bblfsh/bblfshd,1
wp-plugins/video-playlist-and-gallery-plugin,1
salesagility/SuiteCRM,1
ipmitool/ipmitool,1
apostrophecms/sanitize-html,1
cronvel/tree-kit,1
timbuckingham/bigtree-events,1
cvat-ai/cvat,1
gazay/gon,1
datacharmer/dbdeployer,1
1up-lab/OneupUploaderBundle,1
JATOS/JATOS,1
LocutusOfBorg/ettercap,1
codenameone/CodenameOne,1
ivantcholakov/starter-public-edition-4,1
inex/IXP-Manager,1
elric1/knc,1
ericcornelissen/git-tag-annotation-action,1
openresty/lua-nginx-module,1
cubecart/v6,1
openstack/glance,1
delcroip/dolibarr_project_timesheet,1
eivindfjeldstad/dot,1
squidex/squidex,1
chbrown/rfc6902,1
dojo/dojox,1
osclass/OSClass,1
sharkdp/bat,1
pluginsGLPI/fields,1
sulu/sulu,1
prometheus/exporter-toolkit,1
autolab/autolab,1
vova07/yii2-fileapi-widget,1
bigfork/silverstripe-form-capture,1
dgl/cgiirc,1
aheckmann/mquery,1
ananich/bitstorm,1
uyuni-project/uyuni,1
cfire24/ajaxlife,1
kelvinmo/simplexrd,1
x-stream/xstream,1
fritsch/xbmc,1
brookinsconsulting/bccie,1
snyk/cli,1
mperham/sidekiq,1
michaelliao/jopenid,1
q2a-projects/Q2A-Ultimate-SEO,1
eberhardt/moodle-block_sitenews,1
pow-auth/pow_assent,1
Kozea/Radicale,1
FederatedAI/FATE,1
TribalSystems/Zenario,1
aiven/aiven-extras,1
vmg/redcarpet,1
webdetails/cpf,1
typelevel/fs2,1
alexreisner/geocoder,1
rpm-software-management/yum-utils,1
cve-search/cve-search,1
opencontainers/distribution-spec,1
RedSnapper/NView,1
ipfs/boxo,1
frappe/frappe,1
eiskalteschatten/compile-sass,1
teejee2008/timeshift,1
m0ver/bible-online,1
asrashley/dash-live,1
ioBroker/ioBroker.admin,1
peel/filebroker,1
openSUSE/libsolv,1
lift/framework,1
ganglia/ganglia-web,1
instedd/pollit,1
Cog-Creators/Red-Dashboard,1
crypto-org-chain/cronos,1
top-think/thinkphp,1
russellhaering/gosaml2,1
socketio/socket.io,1
bradleyfalzon/ghinstallation,1
nmap/nmap,1
python-restx/flask-restx,1
peders/Imprint-CMS,1
alibaba/fastjson,1
jupyterhub/systemdspawner,1
google/exposure-notifications-internals,1
thm-mni-ii/feedbacksystem,1
Nheko-Reborn/nheko,1
wp-plugins/woosidebars,1
panates/putil-merge,1
mongo-express/mongo-express,1
bits-and-blooms/bloom,1
joshf/Burden,1
strukturag/libheif,1
sdfsky/tipask,1
sddm/sddm,1
inliniac/suricata,1
hgzojer/vocabletrainer,1
Bricco/authenticator-plugin,1
trevp/tlslite,1
petergoldstein/dalli,1
01-Scripts/01-Artikelsystem,1
apache/openoffice,1
apache/cordova-plugin-file-transfer,1
collective/collective.dms.basecontent,1
go-ldap/ldap,1
twisted/twisted,1
budibase/budibase,1
acpica/acpica,1
cloudendpoints/esp,1
kakwa/ldapcherry,1
AndyA/CGI--Simple,1
Turistforeningen/node-im-metadata,1
hapijs/nes,1
github/paste-markdown,1
ICEPAY/REST-API-NET,1
boonebgorges/buddypress-docs,1
peterbraden/node-opencv,1
kaminari/kaminari,1
foxoverflow/MySimplifiedSQL,1
StevenWeathers/thunderdome-planning-poker,1
Clever/underscore.deep,1
OWASP/NodeGoat,1
mongodb/mongo-python-driver,1
fastify/fastify-passport,1
faye/faye,1
CIRCL/AIL-framework,1
FreeRADIUS/freeradius-server,1
videojs/video.js,1
PiranhaCMS/piranha.core,1
AttorneyOnline/akashi,1
LaurentTreguier/vscode-rpm-spec,1
editorconfig/editorconfig-core-c,1
triaxtec/openapi-python-client,1
DIPlib/diplib,1
whyrusleeping/tar-utils,1
adaltas/node-csv-parse,1
line/armeria,1
holdennb/CollabCal,1
flatCore/flatCore-CMS,1
AenBleidd/FiND,1
ioBroker/ioBroker.js-controller,1
aws/amazon-redshift-jdbc-driver,1
wp-plugins/portfolio-gallery,1
wireapp/wire-ios-transport,1
OCLC-Research/oaicat,1
ssshooter/mind-elixir-core,1
tinymighty/wiki-seo,1
pimcore/data-hub,1
braekling/WP-Matomo,1
risheesh/debutsav,1
phppgadmin/phppgadmin,1
warp-tech/russh,1
occlum/occlum,1
danynab/movify-j,1
gwsw/less,1
OpenSlides/OpenSlides,1
denkGroot/Spina,1
Duncaen/OpenDoas,1
CycloneDX/cyclonedx-bom-repo-server,1
w8tcha/CKEditor-oEmbed-Plugin,1
npat-efault/picocom,1
Countly/countly-server,1
express-handlebars/express-handlebars,1
Nayshlok/Voyager,1
autotrace/autotrace,1
glennrp/libpng,1
openacs/bug-tracker,1
saeedseyfi/exec-local-bin,1
junit-team/junit4,1
nautobot/nautobot,1
