441e9ad2b	f04fbf5b0	Thu Jul 20 16:02:23 2023 +0000	Fix the missing header issue for OPENSSL_NO_SOCK
a4f8755f8	2a900c16a	Fri Jul 14 22:19:25 2023 +0000	Fix error handling in bssl_shim socket object
d43fef7cd	b98ce18c5	Thu Jul 13 01:26:16 2023 +0000	Fix aarch64 build with GCC
b98ce18c5	690dcdf5c	Wed Jul 12 01:04:17 2023 +0000	Fix error condition in new iOS CRYPTO_sysrand
c807a2371	6033a9a97	Mon Jul 10 23:55:50 2023 +0000	Fix truncation warnings with the iteration count
51ed32f19	0f222e69b	Mon Jul 10 21:02:41 2023 +0000	Fix spelling nits
de0d05a0a	847a395a5	Wed Jul 5 21:09:07 2023 +0000	Fix Android shared library tests
824f0e911	a36924781	Fri Jun 23 17:47:13 2023 +0000	Fix libpki build
a36924781	a905bbb52	Fri Jun 23 17:45:54 2023 +0000	Fix the Windows fuzzer build
acfb1062f	ae88f198a	Tue Jun 13 20:52:40 2023 +0000	Fix tests on Arm when NEON is unavailable
ae88f198a	754bcf6dc	Sat Jun 10 21:01:58 2023 +0000	Fix fiat asm .private_extern declaration on Apple platforms
aaf771e49	d86e2fdd7	Wed Jun 7 23:22:18 2023 +0000	Fix the combined asm source lists in generate_build_files.py
99d3c2283	d995d82ad	Wed Jun 7 16:32:03 2023 +0000	Prefix the private stack functions
7e5605179	89a625375	Tue May 23 17:28:55 2023 +0000	Miscellaneous size_t truncation fixes
dd5219451	2eaf07075	Tue May 16 21:55:13 2023 +0000	Fix RAND_enable_fork_unsafe_buffering when called after fork
722f5d878	4d3088850	Fri May 5 21:11:34 2023 +0000	Fix PKCS8Test to not rely on RSA-512
a38d60080	1a5570b8e	Wed Apr 19 21:16:25 2023 +0000	Fix allowlist regex in bindgen invocation
94235101d	c5f762dc7	Wed Apr 12 18:50:02 2023 +0000	Fix up do_ext_i2d\'s error-handling
a438519f9	bf1b79288	Tue Apr 11 21:40:44 2023 +0000	Fix miscellaneous size_t truncations
e8b168dff	6e723e5b3	Fri Apr 7 06:25:43 2023 +0000	Fix size_t truncations in bio_mem.c
28226f584	fca688f26	Thu Mar 30 04:56:45 2023 +0000	Fix handling of critical X.509 policy constraints
fca688f26	678bae408	Wed Mar 29 15:18:36 2023 +0000	Fix policy validation when the user policy set is NULL
2e13e36e7	b6a50fd62	Fri Mar 24 00:30:40 2023 +0000	Fix parameter name for i2d_X509_EXTENSION
abb9af83b	3a7dfdb98	Mon Mar 6 20:05:26 2023 +0000	Work around a NASM bug
e06f172bf	76cb7c5eb	Thu Mar 2 17:10:21 2023 +0000	Fix use of unitialized cbb on failure case.
e3a5face8	3c6085b6a	Mon Feb 27 21:53:43 2023 +0000	Fix ninja run_tests
3c6085b6a	92859cc74	Mon Feb 27 21:49:02 2023 +0000	Workaround yet more NULL + 0 language bugs
92859cc74	8c4ec3b7b	Mon Feb 27 20:26:30 2023 +0000	Fix the generated CMake build
92272956a	583c60bd4	Wed Feb 22 17:14:05 2023 +0000	Fix Android tests with new recipe changes
f39826d9f	016de5ae5	Wed Feb 22 00:31:38 2023 +0000	acvp: write updated tests without `.bz2` suffix
016de5ae5	bade46179	Wed Feb 22 00:31:20 2023 +0000	acvp: fix tests
ec64d7e01	dcabfe2d8	Tue Feb 14 15:10:14 2023 +0000	Fix a -Wignored-qualifiers warning in trust_token_test.cc
f219ae96b	60d61196e	Tue Feb 7 16:20:47 2023 +0000	Fix the type of x400Address in GENERAL_NAME
f7d37fba9	5e356a8a9	Mon Feb 6 21:33:21 2023 +0000	Fix various malloc failure paths.
a028a5e01	eb0b7e4df	Mon Feb 6 18:07:30 2023 +0000	Fix leak in set_dist_point_name error handling.
eb0b7e4df	8f220ece1	Fri Feb 3 21:12:58 2023 +0000	Fix leak in error-handling for issuingDistributionPoint
210674b62	53b876a4d	Fri Feb 3 17:37:30 2023 +0000	Fix some clang-format formatting.
3c7053975	50de086ab	Thu Feb 2 22:39:35 2023 +0000	Fix leak on error in v2i_POLICY_MAPPINGS
67bb28c0f	0a1af7828	Wed Feb 1 19:51:58 2023 +0000	Fix OPENSSL_NO_ASM builds with the generated CMake build.
07d353680	a5ab81885	Wed Feb 1 14:42:33 2023 +0000	Fix leak on invalid input to a2i_GENERAL_NAME.
4ed497f0c	54b04fdc2	Tue Jan 31 19:19:37 2023 +0000	Fix stray */s in // line comment license headers
507ac8300	a7fbc543c	Tue Jan 31 17:59:34 2023 +0000	Fix error-handling in X509V3_EXT_add_nconf_sk and X509v3_add_ext.
a43c76dbe	4a264b2c1	Thu Jan 26 20:05:55 2023 +0000	Work around nasm bug with empty assembly files
ba68ca070	029d0e77f	Fri Jan 20 20:08:25 2023 +0000	Fix inhibitPolicyMapping in the new policy tree code.
871704b87	0308131c8	Tue Jan 17 22:18:36 2023 +0000	Fix crash if \'@section\' is used with no CONF.
5f6d57a48	90e3b6e68	Thu Dec 22 04:32:17 2022 +0000	Fix some memory leaks in policy_cache_new.
d1b20a958	97dd962a2	Tue Dec 20 23:15:31 2022 +0000	Fix handling of EXFLAG_INVALID_POLICY on the leaf.
dc139e2e6	42ba95f5c	Thu Dec 15 20:42:02 2022 +0000	Fix return value on malloc failure in tree_calculate_user_set.
23b1ec016	047ec2c60	Fri Dec 9 19:10:34 2022 +0000	Fix some more implicit size_t truncations.
6ce77afa9	faac9aa33	Fri Dec 9 02:25:55 2022 +0000	Unexport X509V3_NAME_from_section and fix the type of chtype.
7ff871acb	726585c58	Wed Dec 7 19:01:54 2022 +0000	Fix -Wshorten-64-to-32 errors in ex_data.c.
28f96c268	99eac424d	Tue Dec 6 23:14:50 2022 +0000	Fix timebomb by disabling time check in this test
e30a652a3	9211b80f1	Sat Dec 3 00:10:21 2022 +0000	Remove unnecessary L suffixes on DES constants.
9211b80f1	55c32b642	Sat Dec 3 00:06:35 2022 +0000	Fix up some integer types in crypto/asn1
de434576d	3ae0778f3	Mon Nov 28 23:17:25 2022 +0000	Fix allocation size in BN_mod_exp_mont_consttime.
7ab49bf0a	a880d2ac8	Sun Nov 27 17:10:30 2022 +0000	Fix comments now BN_mod_exp_mont_consttime is not cache-line-sensitive
7ac94aa27	dd81bf770	Mon Nov 14 20:24:08 2022 +0000	More -Wshorten-64-to-32 fixes.
0faffc7a3	6b785f6e0	Fri Nov 11 17:18:40 2022 +0000	Fix the comment in ecp_nistz256_ord_sqr_mont to match code and prototype.
b2536a2c6	eeb3333f4	Mon Nov 7 22:43:58 2022 +0000	Fix integer overflow in OPENSSL_gmtime_adj
045129c80	11c25a65c	Thu Oct 27 15:58:32 2022 +0000	Fix EC public key output in EVP_PKEY_print_*
1e0f0423d	4b35543cf	Wed Oct 26 21:23:15 2022 +0000	Fix trailing whitespace in EVP_PKEY_print_*
9d64d8d23	671ccb1a9	Tue Oct 25 20:21:33 2022 +0000	Miscellaneous -Wshorten-64-to-32 fixes.
b819f7e93	1eea82a92	Tue Oct 18 03:02:02 2022 +0000	Fix linking with non-MSVC toolchain in Windows platform
ca6fa61cd	9cd85d0b4	Thu Oct 13 15:51:47 2022 +0000	Further fixups on the new tests.
818c4aafa	da96eeb95	Wed Oct 12 16:39:55 2022 +0000	Fix comments around TBSCertificate cache.
da96eeb95	d66bba912	Wed Oct 12 15:59:26 2022 +0000	Test (and, for CSRs, fix) TBS cache invalidation on signing.
254b8e113	15ba28f83	Tue Oct 11 21:24:34 2022 +0000	Some CBB_init_fixed simplifications.
15ba28f83	19d6ec9c4	Tue Oct 11 18:44:26 2022 +0000	Make CBB_init_fixed infallible and allocationless.
1b2b7b2e7	bbd9f18fb	Fri Sep 9 20:56:26 2022 +0000	Various -Wshorten-64-to-32 fixes.
f3374b141	db54a42b6	Tue Aug 2 23:24:56 2022 +0000	Fix some typos in comments.
4da5a9473	45aadce33	Tue Aug 2 22:19:26 2022 +0000	Fix SSL_load_client_CA_file when given an empty file.
5c2ef100a	2cc2aa9f6	Tue Jul 26 20:19:34 2022 +0000	Fix possible ODR violations for ecp_nistz256_from_mont
b95c7e53d	64bf8c50a	Mon Jul 25 18:53:51 2022 +0000	Fix up book-keeping between the write buffer and pending writes.
64bf8c50a	28883d4d8	Mon Jul 25 15:49:28 2022 +0000	Fix an edge case in SSL_write\'s retry mechanism.
28883d4d8	4d7b383e9	Mon Jul 25 15:48:21 2022 +0000	Fix unused variable warning on macOS + ASan
1b5899510	81587d369	Fri Jul 15 15:26:29 2022 +0000	Fix the documentation of X509_pubkey_digest.
7528f03c8	f2029899b	Fri Jul 8 20:00:30 2022 +0000	Fix memory leak with X509V3_ADD_DELETE.
520ad645d	46350487c	Wed Jun 22 20:22:51 2022 +0000	Post-clang-format fixups.
aa5f60182	1f51cfc7d	Wed Jun 22 14:50:31 2022 +0000	Add fixed key generation for Trust Token.
1f51cfc7d	652464ec7	Thu Jun 16 18:47:46 2022 +0000	Fix duplicate declarations
167f1760d	f8f97bfcb	Tue Jun 14 17:57:23 2022 +0000	Fix build with MSVC 2022.
67d4f2835	1f7525e99	Mon May 30 22:26:22 2022 +0000	Manually fix a few tables in advance of clang-format.
701d8b28c	a51821a53	Thu May 26 22:15:20 2022 +0000	Fix docs for EVP_Cipher given an AEAD.
48f794765	15302de89	Tue Apr 26 16:13:27 2022 +0000	Fix build for older CMake versions.
f299342e3	6686352e4	Thu Apr 21 22:33:05 2022 +0000	[build] Fix build with HEAD clang.
4984e4a63	f94a7ce59	Thu Mar 24 22:32:05 2022 +0000	Work around another C language bug with empty spans.
fa2cd1ee8	d258de724	Tue Mar 8 15:57:54 2022 +0000	Fix theoretical overflow in ASN1_INTEGER_cmp.
e4b3e6afb	657c69b3c	Mon Mar 7 22:20:34 2022 +0000	Fix x509v3_bytes_to_hex when passed the empty string.
ac3f4fb8e	c5179c693	Mon Feb 7 22:10:33 2022 +0000	Fix OPENSSL_NO_ASM definition in bazel.
c03e99a59	345c86b1c	Tue Jan 25 16:27:29 2022 +0000	Fix Unicode strings for C++20
960ddfee4	ea46caf26	Mon Jan 24 17:11:55 2022 +0000	Fix mac_arm64 builder.
066469055	94089a8b5	Thu Dec 16 15:45:34 2021 +0000	Fix X509_CRL_print error-handling.
4f1fae304	e21f272a6	Wed Dec 15 22:59:35 2021 +0000	Fix the easy -Wformat-signedness errors.
686d05aaa	ae274a25a	Mon Oct 18 21:52:49 2021 +0000	Fix error-handling for i2a_ASN1_OBJECT.
a7e807481	4298fce7d	Mon Oct 18 20:48:23 2021 +0000	Fix BIT STRING comparison in ASN1_STRING_cmp.
8a5ec7255	370a3c2e2	Fri Oct 15 22:01:15 2021 +0000	Fix up some doc.go nits in asn1.h.
052453852	a406ad76a	Wed Oct 6 15:21:27 2021 +0000	Fix BN_CTX usage in BN_mod_sqrt malloc error paths.
551ccd7e9	03cae7a2b	Tue Sep 28 17:33:28 2021 +0000	Fix CRYPTO_malloc, etc., definitions.
27a3328a3	62c4f1547	Mon Sep 13 17:55:46 2021 +0000	Fix the TLS fuzzers for ECH draft-13.
019cc625b	0446b5942	Mon Sep 13 15:42:36 2021 +0000	Fix BN_prime_checks_for_validation to align with false-positive rate.
3b6cebb1e	27b31cfc5	Wed Sep 8 21:27:33 2021 +0000	Fix x509_name_ex_i2d error-handling.
19fe7943c	18b6836b2	Thu Sep 2 22:11:49 2021 +0000	Fix calculation of draft-13 ECH confirmation signal.
c6d3fd1d0	d55f450c4	Thu Aug 26 00:59:10 2021 +0000	Work around yet another MSVC 2015 SFINAE bug.
cdfc2595b	4bf0a19ac	Wed Aug 25 18:13:02 2021 +0000	Fix some error-handling in i2v functions.
4bf0a19ac	5984cfe8e	Wed Aug 25 16:35:21 2021 +0000	Fix typo.
2d10c18b3	4f9a7ba47	Tue Aug 24 22:30:37 2021 +0000	Fix i2v_GENERAL_NAME to not assume NUL terminated strings
69ec7c8de	b9ee7b143	Fri Aug 13 19:16:56 2021 +0000	Fix some error returns from SSL_read and SSL_write.
b9ee7b143	1b2db8c7c	Wed Aug 11 21:21:37 2021 +0000	Fix negative ENUMERATED values in multi-strings.
b319e3b89	e3a365554	Wed Aug 11 19:39:07 2021 +0000	Fix ASN1_STRING_print_ex with negative integers.
61a21e7ec	ad5db9658	Fri Jul 9 16:58:00 2021 +0000	Fix sign bit in BN_div if numerator and quotient alias.
7ada84669	919a97393	Fri Jul 2 18:44:51 2021 +0000	conf: fix getting keys from the default section.
c41a3a937	479adf98d	Wed Jun 23 18:24:37 2021 +0000	runner: Fix process exit timeout.
ec8c67dfb	7f85116be	Tue Jun 22 22:45:32 2021 +0000	Prefix internal LHASH functions.
f25ada3a7	f315a86df	Mon Jun 21 17:21:47 2021 +0000	Prefix and unexport a2i_ipadd.
f315a86df	9cbe737ec	Mon Jun 21 15:05:57 2021 +0000	Fix a -Wdeprecated-copy warning.
350fe3bf3	b32aa0553	Thu Jun 10 16:41:40 2021 +0000	Fix ext_pre_shared_key_clienthello_length calculation.
5fd91dba0	246c556b6	Thu Jun 10 16:26:22 2021 +0000	Fix documentation typo.
88df13d73	3a036c76e	Thu Jun 3 21:31:32 2021 +0000	Fix ECH-Server-RepeatedConfigID test.
7a3e80121	a1d3bfb64	Thu Jun 3 16:44:06 2021 +0000	fix #415: Perl scripts fail when building from a path with spaces
92c6fbfc4	47cefed43	Tue Jun 1 15:09:34 2021 +0000	Fix array-parameter warnings
a4646740e	940475da0	Fri May 14 18:59:57 2021 +0000	Fix some includes.
8349dfc87	070a6c3e0	Tue May 11 15:28:20 2021 +0000	Fix the ech_accept comment.
198c5f56f	e4d655648	Thu May 6 18:20:08 2021 +0000	Fix a memory leak with d2i_ASN1_OBJECT object reuse.
2e54edf32	eec7f3247	Thu Apr 22 16:47:12 2021 +0000	A couple of Aarch64 FIPS delocate fixes.
68a799af7	f0e64904a	Mon Apr 19 22:17:07 2021 +0000	acvptool: Fix typo hard-coding the HTTP method.
2f3958a41	b571e7777	Fri Apr 16 16:41:54 2021 +0000	Fix issuerUID and subjectUID parsing in the key usage checker.
3af88549c	669ffe64a	Mon Apr 12 16:44:40 2021 +0000	Fix ppc64le build.
fa2d3d56b	7d2ddd299	Tue Apr 6 20:56:34 2021 +0000	runner: Fix ECH confirmation calculation with PSKs in tests.
7d2ddd299	d791fbd30	Tue Apr 6 18:30:03 2021 +0000	runner: Fix HPKE parameter order.
5f757bc39	7a15a702a	Tue Apr 6 17:23:51 2021 +0000	runner: Fix writeClientHash and writeRecord ordering.
fd739853a	dfde04f07	Tue Apr 6 15:13:31 2021 +0000	Fix the spelling of HPKE AEAD constants.
8501579ac	15e0f6784	Fri Apr 2 18:57:56 2021 +0000	Fix MockQuicTransport::Flush error handling.
9bcf307c4	0a6c3fc9c	Fri Apr 2 04:13:36 2021 +0000	Fix some unreachable code in the QUIC handshaker driver.
08b1729f0	b62a48f31	Thu Apr 1 21:13:55 2021 +0000	Fix ssl/internal.h sectioning.
139adff9b	49f032911	Mon Mar 29 16:25:12 2021 +0000	Fix mismatch between header and implementation of bn_sqr_comba8.
502fceede	e5fe31cfe	Mon Mar 22 20:01:49 2021 +0000	Test empty EVP_CIPHER inputs and fix exact memcpy overlap.
8c31179d8	d9ee55a89	Mon Mar 22 17:57:56 2021 +0000	Fix unnecessarily direction-specific tests in cipher_tests.txt
e7bb89bae	0a86cbff4	Mon Mar 1 18:53:55 2021 +0000	Fix OPENSSL_EC_* constants and add EC_GROUP_get_asn1_flag
238a25831	85bda4b24	Sat Feb 13 04:22:30 2021 +0000	Fix Bazel build breakage.
4d3e540cc	a2278d4d2	Tue Feb 9 22:22:14 2021 +0000	acvp: fix CMAC verify
c5e4538e3	ae2bb6417	Fri Jan 29 19:20:59 2021 +0000	Fix TLS13SessionID-TLS13 test.
39093c1bf	c47bfce06	Thu Jan 21 20:39:18 2021 +0000	Fix comments that refer to old draft of HPKE.
a9319d9b0	2f2d27eb5	Tue Jan 19 23:17:12 2021 +0000	Fix client 0-RTT handling with ALPS.
595cdc29d	3d8b8c3df	Fri Jan 15 20:27:30 2021 +0000	doc: fix SSL_set0_rbio
71ed9d753	f4a88296f	Wed Jan 13 18:35:42 2021 +0000	Fix ALPS state machine in QUIC servers.
13da18050	5dd18d017	Thu Jan 7 22:59:08 2021 +0000	Optimize suffix building in FileTest::ReadNext().
9422ac61f	bac5544e9	Wed Jan 6 00:23:03 2021 +0000	Fix chacha20_poly1305_x86_64.pl comments.
bac5544e9	92c48be84	Tue Jan 5 22:49:29 2021 +0000	Fix awkward wording in comment.
4ab14ea27	86854828e	Fri Dec 18 00:48:55 2020 +0000	acvp: fix silly errors.
f2adafe73	cd204d8e1	Tue Dec 15 01:09:10 2020 +0000	Fix ChaCha20-Poly1305 x86-64 asm on Windows
329c0cbb2	225961dc4	Tue Dec 8 18:47:24 2020 +0000	acvp: fix subprocess_test.go
aa4ecb492	455b78d5f	Tue Dec 8 18:12:17 2020 +0000	Fix EDIPartyName parsing and GENERAL_NAME_cmp.
5656fec51	53bbb1803	Tue Nov 17 23:58:07 2020 +0000	Fix NETSCAPE_SPKI_get_pubkey documentation.
25f9d7a9f	7be158d18	Wed Nov 11 14:33:36 2020 +0000	aarch64: Fix name of gnu property note section
17e530c43	8591d539b	Wed Nov 4 21:31:29 2020 +0000	Fix x509_rsa_ctx_to_pss when saltlen is md_size.
3989c9970	6d904d5b8	Fri Oct 9 21:06:44 2020 +0000	Fix crash when flushing an SSL BIO.
723faad51	b117a3a0b	Fri Oct 2 21:39:45 2020 +0000	Fix some malloc error handling.
5e086956f	38bcb5368	Wed Sep 30 22:02:34 2020 +0000	Fix handling of quic_early_data_context.
809763247	3ff161cc0	Tue Sep 29 20:35:50 2020 +0000	modulewrapper: fix unknown functions.
437eabd03	bb72a8d64	Tue Sep 29 18:37:22 2020 +0000	modulewrapper: fix sending empty spans.
662bfad81	6ad3b46b2	Tue Sep 15 20:25:16 2020 +0000	Fix potential leak in bssl::Array::Shrink.
7d3a24d9d	70fee1720	Wed Jul 29 21:19:25 2020 +0000	Fix the naming of alert error codes.
d054e1bc6	1a63507c4	Thu Jul 23 20:52:15 2020 +0000	Fix unterminated clang-format off.
e2abade42	5d7446330	Tue Jun 30 16:48:54 2020 +0000	sha1-x86_64: fix CFI.
b3c5ac51d	86f86cbdf	Mon Jun 29 15:41:10 2020 +0000	Add a -wait-for-debugger flag to runner.
fd86eaa86	cbac9c3a2	Fri Jun 19 16:55:51 2020 +0000	Fix x509v3_cache_extensions error-handling.
c17985424	8afdbf04b	Wed Jun 17 17:22:18 2020 +0000	Fixes warning when redefining PATH_MAX when building with MINGW.
0313b59d5	fbaf1c054	Thu Jun 11 18:41:45 2020 +0000	Let memory hooks override the size prefix.
8f12996be	78b3337a1	Mon May 18 17:00:25 2020 +0000	Fix docs link for SSL_CTX_load_verify_locations
78b3337a1	3e4dfbb2f	Thu May 14 19:21:22 2020 +0000	Fix TRUST_TOKEN experiment_v1 SRR map.
b7acfff8e	49e95dc0f	Wed May 13 17:00:31 2020 +0000	Fix OPENSSL_TSAN typo.
49e95dc0f	1274d1d97	Tue May 12 19:40:02 2020 +0000	Fix p256-x86_64-table.h indentation.
17078f21a	dc06e320d	Fri May 1 17:29:22 2020 +0000	Fix the types used in token counts.
14d192e93	21f694210	Fri Apr 24 16:01:58 2020 +0000	Fix typo in comment.
25ab623a8	8bbc5e9a6	Thu Apr 23 19:05:07 2020 +0000	Prefix g_pre_comp in p256.c as well.
367d64f84	8f3019e84	Fri Apr 17 18:40:28 2020 +0000	Fix error-handling in EVP_BytesToKey.
8f3019e84	785361955	Fri Apr 17 16:42:58 2020 +0000	Fix Trust Token CBOR.
0f86c142a	f20772cc0	Thu Apr 9 15:32:38 2020 +0000	Fix hash-to-curve comment.
12840915a	300ef4767	Tue Apr 7 19:33:30 2020 +0000	Fix CFI for AVX2 ChaCha20-Poly1305.
577eadc42	141062fe7	Wed Apr 1 14:49:21 2020 +0000	Fix test build with recent Clang.
959c76d92	0b710a305	Wed Mar 11 18:23:46 2020 +0000	Fix comment for |BORINGSSL_self_test|.
bfe527fa3	2fb729d4f	Tue Mar 3 17:09:35 2020 +0000	Fix ec_point_mul_scalar_public\'s documentation.
472d91c39	a12a2497f	Tue Feb 18 20:36:28 2020 +0000	Fix a couple of comment typos.
754d4c99c	83ea777db	Fri Feb 14 17:20:17 2020 +0000	Fix client handling of 0-RTT rejects with cipher mismatch.
986afedaa	0416e8c30	Thu Jan 16 22:22:59 2020 +0000	Work around another NULL/0 C language bug.
ff631133c	f50a8a77b	Wed Jan 15 16:59:50 2020 +0000	Maybe fix generated-CMake build on Android and iOS.
2c58c2fda	aaa1a84d6	Mon Jan 6 17:34:02 2020 +0000	Fix double-free under load.
b63123ca0	243b5cc9e	Thu Dec 5 18:11:57 2019 +0000	Fix check_bn_tests.go.
243b5cc9e	134fb89c4	Wed Dec 4 16:49:42 2019 +0000	Fix MSan error in SSLTest.Handoff test.
5746add69	98ba3bd6e	Mon Dec 2 21:48:21 2019 +0000	Fix EVP_has_aes_hardware on ppc64le.
af609d885	913a240c2	Tue Nov 12 23:34:21 2019 +0000	Add missing boringssl_prefix_symbols_asm.h include.
43890dbd6	279740ed8	Thu Nov 7 16:09:13 2019 +0000	Fix build warning if _SCL_SECURE_NO_WARNINGS is defined globally
6be491b7b	bf7b331d1	Wed Oct 30 17:02:32 2019 +0000	Work around more C language bugs with empty spans.
e481d94a6	da8caf5b1	Fri Oct 18 21:21:29 2019 +0000	Fix the standalone Android FIPS build.
9709ad52e	eec840da6	Wed Oct 16 21:25:03 2019 +0000	Fix $OPENSSL_ia32cap handling.
31302a473	a7a75f208	Tue Oct 15 20:50:47 2019 +0000	Fix up BN_GENCB_call calls.
f3bd757ee	642664838	Tue Oct 15 20:00:07 2019 +0000	Fix GRND_NONBLOCK flag when calling getrandom.
5cf329814	2865bce1b	Mon Oct 14 21:32:23 2019 +0000	Fix the FIPS + fuzzing build.
7458ded26	86ee70b6f	Fri Oct 11 21:16:38 2019 +0000	Fix run_android_tests.go with shared library builds.
49de1fc29	9c49713ba	Fri Oct 4 22:09:32 2019 +0000	Fixed quic_method lookup in TLS 1.3 server side handshake.
bd522862a	0bb4345bf	Mon Sep 30 17:20:03 2019 +0000	fix build with armv6  Error: .size expression for _vpaes_decrypt_consts does not evaluate to a constant
053880d3f	0142c87a2	Mon Sep 16 21:07:01 2019 +0000	Fix vpaes-armv7.pl in ARM mode.
f7b830d8d	356a9a089	Fri Sep 6 16:13:01 2019 +0000	Revert "Fix VS build when assembler is enabled"
d041f1113	3b62960c5	Wed Sep 4 17:20:44 2019 +0000	Fix cross-compile of Android on Windows.
ae223d613	f5270004a	Thu Aug 8 21:12:19 2019 +0000	Update TODO to note that Clang git doesn\'t have the POWER bug.
f5270004a	ab26b556a	Thu Aug 8 21:12:13 2019 +0000	Fix paths in break-tests.sh.
ab26b556a	67f3ada0c	Thu Aug 8 21:05:13 2019 +0000	Fix POWER build with OPENSSL_NO_ASM.
67f3ada0c	2c880a204	Thu Aug 8 20:41:33 2019 +0000	Workaround Clang bug on POWER.
81080a729	974f4dddf	Mon Aug 5 15:24:28 2019 +0000	Fix typo in valgrind constant-time annotations.
303f1a86a	621c9d45e	Wed Jul 31 18:09:55 2019 +0000	Fix misspelled TODO.
07432f325	1a3178cf0	Fri Jul 19 18:15:13 2019 +0000	Prefix all the SIKE symbols.
0fc4979dd	b7f0c1b4d	Wed Jul 17 00:46:14 2019 +0000	Fix shim error message endings.
d59682c42	92b7c89e6	Thu Jun 20 15:24:02 2019 +0000	Fix runner tests with Go 1.13.
567e463ce	20d43e2fa	Wed Jun 5 18:24:12 2019 +0000	Fix various typos.
20d43e2fa	95147ea89	Tue Jun 4 13:40:07 2019 +0000	Fix name clash in test structures
326f12135	4ef217a1e	Thu May 30 20:57:16 2019 +0000	Fix various mistakes in ec_GFp_nistp_recode_scalar_bits comment.
4ef217a1e	0ad091adc	Thu May 30 20:57:07 2019 +0000	Fix filename in comment.
79ab5e8fa	b4b41cad0	Fri May 17 13:51:48 2019 +0000	Fix the last casts in third_party/sike.
c12b7cda7	f014d609c	Tue May 14 19:12:15 2019 +0000	tool: fix speed tests.
ffe384cfe	b3239c626	Wed May 1 18:23:54 2019 +0000	Fix spelling in comments.
e79cc432e	1b878e7cc	Tue Apr 30 17:43:28 2019 +0000	Fix up EVP_DigestSign implementation for Ed25519.
85eef297e	a486c6c84	Mon Apr 29 16:14:38 2019 +0000	Compute the delegated credentials length prefix with CBB.
2e26348e2	d1a6d2368	Mon Apr 15 22:22:35 2019 +0000	Fix and test EVP_PKEY_CTX copying.
65dc45cb5	4a8c05ffe	Mon Apr 15 21:55:06 2019 +0000	Fix EVP_CIPHER_CTX_copy for AES-GCM.
da8bb847f	8d685ec86	Tue Mar 5 17:53:16 2019 +0000	Tell ASan about the OPENSSL_malloc prefix.
8d685ec86	55db667c6	Tue Mar 5 17:52:28 2019 +0000	modes/asm/ghash-armv4.pl: address "infixes are deprecated" warnings.
f1f73f896	6443173d0	Wed Feb 27 02:06:21 2019 +0000	Fix bsaes-armv7.pl getting disabled by accident.
24a18b8a4	190866701	Thu Feb 21 16:50:17 2019 +0000	Fix x86_64-xlate.pl comment regex.
55b9acda9	0a87c4982	Tue Feb 5 21:17:54 2019 +0000	Fix ABI error in bn_mul_mont on aarch64.
0a67eba62	28f035f48	Tue Feb 5 19:38:23 2019 +0000	Fix the order of Windows unwind codes.
9978f0a86	d7266ecc9	Fri Feb 1 02:51:11 2019 +0000	Add instructions for debugging on Android with gdb.
23e1a1f2d	ab578adf4	Mon Jan 28 21:09:40 2019 +0000	Test and fix an ABI issue with small parameters.
9847cdd78	fc27a1919	Tue Jan 22 23:27:34 2019 +0000	Fix signed left-shifts in curve25519.c.
2fe0360a4	72f015562	Tue Jan 22 23:18:36 2019 +0000	Fix undefined pointer casts in SHA-512 code.
823effe97	73b1f181b	Wed Jan 16 20:02:16 2019 +0000	Revert "Fix protos_len size in SSL_set_alpn_protos and SSL_CTX_set_alpn_protos"
8285ccd8f	b65ce68c8	Tue Jan 15 21:53:52 2019 +0000	Fix SSL_R_TOO_MUCH_READ_EARLY_DATA.
5349ddb74	3cbb0299a	Mon Jan 14 20:04:39 2019 +0000	Fix RSAZ\'s OPENSSL_cleanse.
de3c1f69c	2bee22910	Mon Jan 14 19:49:39 2019 +0000	Fix header file for _byteswap_ulong and _byteswap_uint64 from MSVC CRT
35771ff8a	9cde848bd	Mon Jan 7 18:14:42 2019 +0000	Fix protos_len size in SSL_set_alpn_protos and SSL_CTX_set_alpn_protos
e67b625e4	6effbf24b	Thu Jan 3 21:46:45 2019 +0000	Fix some size_t to long casts.
c2e8d016f	a306b1b90	Wed Jan 2 23:47:34 2019 +0000	Fix beeu_mod_inverse_vartime CFI annotations and preamble.
a306b1b90	6ef1b6455	Wed Jan 2 23:39:21 2019 +0000	Fix CFI annotations in p256-x86_64-asm.pl.
fb3f0638b	8e8f25042	Wed Jan 2 19:26:54 2019 +0000	Fix some indentation nits.
e1b2a65e7	9b0970f1b	Mon Dec 17 17:39:46 2018 +0000	Fix typo in AES-GCM-SIV comments.
9b0970f1b	4cce955d1	Fri Dec 14 17:12:49 2018 +0000	Fix HRSS build error on ARM
4cce955d1	200fe6786	Thu Dec 13 19:30:49 2018 +0000	Fix thread-safety bug in SSL_get_peer_cert_chain.
2526c66b7	7b935937b	Wed Dec 12 18:04:25 2018 +0000	Fix bug in HRSS tests.
750fea158	ff433815b	Wed Dec 5 22:05:28 2018 +0000	Fix d2i_*_bio on partial reads.
ff433815b	90247be1d	Tue Dec 4 20:35:05 2018 +0000	Fix |BN_HEX_FMT2|.
e157dc920	8c23d3a5d	Tue Nov 27 22:35:17 2018 +0000	Make symbol-prefixing work on 32-bit x86.
8c23d3a5d	c8cf62bba	Tue Nov 27 22:13:22 2018 +0000	Make Windows symbol-prefixing work.
00d72d342	8b0dad4a7	Tue Nov 27 21:35:56 2018 +0000	Fix stack_test.cc in the prefixed build.
6965d2560	4f746a907	Wed Nov 21 18:22:57 2018 +0000	Work around a JDK 11 TLS 1.3 bug.
adeb72b35	f09df6930	Mon Nov 12 16:34:45 2018 +0000	Fix r = p-n+epsilon ECDSA tests.
26b3fb0a7	9edbc7ff9	Thu Nov 8 22:35:51 2018 +0000	Fix build when bcm.c is split up.
32345ce6f	42d723f63	Tue Oct 30 21:00:45 2018 +0000	Minor fixes to bytestring.h header.
144d924e0	aa8d29dbd	Mon Oct 29 18:26:27 2018 +0000	Fix EVP_tls_cbc_digest_record is slow using SHA-384 and short messages
53d9fdd54	749d18706	Wed Oct 24 17:39:48 2018 +0000	Fix the build on glibc 2.15.
127a1ec08	b64c53fcf	Wed Oct 24 00:29:29 2018 +0000	Fix redefinition of AEAD asserts in e_aes.c.
6f579c0e9	cbfe4f5a8	Thu Oct 18 19:53:35 2018 +0000	Fix documentation sectioning.
b68b83223	1eff9482c	Mon Oct 15 23:53:24 2018 +0000	Fix undefined function pointer casts in LHASH.
e34180280	28babde15	Wed Oct 10 15:33:35 2018 +0000	Fix div.c to divide BN_ULLONG only if BN_CAN_DIVIDE_ULLONG defined.
62a4dcd25	e1ee0f5b4	Wed Oct 3 16:23:08 2018 +0000	Fix section header capitalization.
e1ee0f5b4	c1eef7f79	Tue Oct 2 22:49:32 2018 +0000	Fix build in consumers that flag unused parameters.
52483994c	fb4e2e0f0	Mon Oct 1 20:25:15 2018 +0000	Mostly fix undefined casts around STACK_OF\'s comparator.
fb4e2e0f0	cbc3e076f	Mon Oct 1 20:04:07 2018 +0000	Fix undefined casts in sk_*_pop_free and sk_*_deep_copy.
73535ab25	419144adc	Mon Oct 1 17:35:02 2018 +0000	Fix undefined block128_f, etc., casts.
419144adc	217bfd3c9	Mon Oct 1 17:34:53 2018 +0000	Fix undefined function pointer casts in {d2i,i2d}_Foo_{bio,fp}
217bfd3c9	3474270ab	Mon Oct 1 17:34:44 2018 +0000	Fix undefined function pointer casts in IMPLEMENT_PEM_*.
1764d7a3e	e7692f559	Wed Sep 26 19:02:42 2018 +0000	Fix ERR_GET_REASON checks.
3f18c4c5b	ff997452f	Fri Sep 14 20:47:26 2018 +0000	Fix doc.go error capitalization.
689019fe4	bef6cc293	Tue Sep 11 16:39:42 2018 +0000	Fix BORINGSSL_NO_CXX.
bef6cc293	695e589b0	Tue Sep 11 16:35:22 2018 +0000	Fix check of the pointer returned by BN_CTX_get
19ac2666b	4b85a9454	Fri Sep 7 17:43:05 2018 +0000	Make symbol-prefixing work on ARM.
8c7c6356e	492c9aa90	Thu Sep 6 20:07:52 2018 +0000	Support symbol prefixes
3a08fbd2a	3faf3db6d	Thu Sep 6 15:38:25 2018 +0000	Fix Fiat path.
3faf3db6d	12f58786a	Thu Sep 6 15:38:11 2018 +0000	Fix GCC (8.2.1) build error.
8e09d9014	8cd61f710	Wed Sep 5 19:06:48 2018 +0000	Clarify "reference" and fix typo.
8cd61f710	f016f814c	Wed Sep 5 00:00:14 2018 +0000	Fix corner case in cpuinfo parser.
23849f09a	1c2532ffe	Wed Aug 22 15:47:11 2018 +0000	Fix TLS 1.3 downgrade tests.
1c2532ffe	4ac9405eb	Wed Aug 22 01:26:47 2018 +0000	Fix error strings for SSL_R_TLS13_DOWNGRADE.
367115b05	a711b53e0	Fri Aug 10 18:24:36 2018 +0000	Fix SSL_CTX_set1_sigalgs fuzzer and make them all more type-safe.
ddedf6d45	17dc94e87	Fri Aug 10 14:44:43 2018 +0000	Fix SSL_CTX_set1_sigalgs_list fuzzer.
74bfa0c08	e5388e097	Thu Aug 2 13:55:01 2018 +0000	Fix header include for handshake.
c448f1759	fadd8b424	Mon Jul 30 22:43:25 2018 +0000	Fix the build with FIPS + NO_ASM.
8d1203d6c	861abccb9	Tue Jul 17 20:01:26 2018 +0000	Fix some malloc error handling.
4685376b2	7bb0fbf77	Fri Jul 6 19:49:13 2018 +0000	Remove other unnecessary tlsext_ prefixes.
e7b2b13fd	c7db3232c	Fri Jul 6 18:54:12 2018 +0000	Add link to CMake bugfix.
c7db3232c	859679518	Thu Jul 5 14:36:02 2018 +0000	Add \xe2\x80\x9cbssl::\xe2\x80\x9d prefix to |UpRef| and |PushToStack| in fuzzer code.
791f2822b	26f829717	Fri Jun 29 20:38:22 2018 +0000	Fix VS build when assembler is enabled
7139f755b	9f9c938af	Fri Jun 15 02:37:45 2018 +0000	Fix some timing leaks in the DSA code.
fe7a17440	a827d1809	Wed May 30 15:42:35 2018 +0000	Fix typo.
9229b4fb8	700631bdf	Tue May 29 14:33:16 2018 +0000	Fix typo in build flags.
e6737a865	911cc0a0a	Tue May 15 22:58:22 2018 +0000	x509_test: Fix gcc-8 build
f64c37378	bb3a45693	Tue May 8 22:21:45 2018 +0000	Fix build with GCC 4.9.2 and -Wtype-limits.
57eaeaba2	91374e0cd	Tue May 8 16:26:05 2018 +0000	Fix include path.
1d339558a	26aa7c88d	Mon May 7 19:34:11 2018 +0000	Fix clang-cl build.
3d9705d0a	28385db6e	Mon May 7 19:05:00 2018 +0000	Fix bssl handling of buffered read data.
28385db6e	2a92847c2	Mon May 7 19:04:00 2018 +0000	Fix bssl select loop on Windows.
3c37d0aba	0cdbc876a	Mon May 7 17:19:59 2018 +0000	Reland "Fix bssl client/server\'s error-handling."
0cdbc876a	e7ca8a5d7	Mon May 7 16:53:09 2018 +0000	Revert "Fix bssl client/server\'s error-handling."
e7ca8a5d7	e30fac637	Mon May 7 15:44:08 2018 +0000	Fix bssl client/server\'s error-handling.
179c4e257	cf341d028	Fri May 4 17:08:44 2018 +0000	Update Wycheproof, add keywrap tests, and fix a bug.
f6d9f0b58	3e87165d3	Thu May 3 23:21:22 2018 +0000	bn/asm/*-mont.pl: fix memory access pattern in final subtraction.
dd444b1d8	0c9ac2e7b	Thu May 3 17:40:43 2018 +0000	Fix bugs in X509_NAME_add_entry.
bf4bcdf16	2d10c3688	Fri Apr 27 15:56:57 2018 +0000	Fix some stuttering.
a7c8f2b7b	a63d0ad40	Tue Apr 24 19:48:49 2018 +0000	ghashv8-armvx.pl: Fix various typos.
3f8074c2d	cd0125490	Tue Apr 24 15:27:17 2018 +0000	Fix the error on overly large group orders.
e3aba378c	a2938719a	Mon Apr 23 19:21:01 2018 +0000	Fix typo in ssl_cert_cache_chain_certs.
56ea9e276	e0ae249f0	Wed Apr 18 22:13:16 2018 +0000	Fix bn_mod_exp_mont_small when exponentiating to zero.
024f5df3c	e325c3f47	Tue Apr 17 15:13:55 2018 +0000	Avoid some divisions in Lucky 13 fix.
de20810fb	acddb8c13	Fri Apr 13 16:36:27 2018 +0000	Fix return value in speed tool.
85c2cd8a4	eb7c3008c	Mon Apr 2 17:07:46 2018 +0000	Fix up AUTHORITY_INFO_ACCESS/ACCESS_DESCRIPTION\'s deleter.
718c88c96	72bc2328b	Tue Mar 27 18:03:14 2018 +0000	Fix a bug in p224-64.c.
ad066861d	d89d65ba1	Mon Mar 26 18:53:43 2018 +0000	Add bn_usub_fixed.
5fca61391	6291af4e5	Fri Mar 23 21:12:29 2018 +0000	Fix typo in point_add.
3ab1a6954	fa3e9c338	Thu Mar 15 17:52:23 2018 +0000	fix compilation error for non-english windows (like cjk)
10bfb8985	47d88415d	Thu Mar 8 21:53:06 2018 +0000	Fix 20-year-old typo in BN_mask_bits.
6dc994265	0f4f6c2e0	Sun Feb 11 01:00:35 2018 +0000	Sync up some perlasm license headers and easy fixes.
38c20fe8d	61dedd681	Fri Feb 9 22:17:11 2018 +0000	Fix threading issues with RSA freeze_private_key.
6488f4e2b	2bf82975a	Tue Feb 6 02:57:55 2018 +0000	Fix over-allocated bounds on bn_mul_part_recursive.
150ad30d2	5b10def1c	Tue Feb 6 02:39:45 2018 +0000	Split BN_uadd into a bn_uadd_fixed.
76ce04bec	0758b6837	Fri Feb 2 18:52:15 2018 +0000	Fix up BN_MONT_CTX_set with non-minimal values.
48669209b	ddb57cfb5	Wed Jan 31 22:57:51 2018 +0000	Fix fuzzer mode suppressions.
a1bc1ba47	8017cdde3	Tue Jan 23 22:19:03 2018 +0000	Fix up CTR_DRBG_update comment.
017fbf094	05a843448	Mon Jan 22 18:13:38 2018 +0000	Fix sort order.
c7ef069ac	37c6eb428	Thu Jan 18 19:08:50 2018 +0000	Fix format-string error in delocate.go.
afd1cd959	7c5e1400d	Tue Jan 16 16:52:46 2018 +0000	Work around an NDK / Android bug.
7c5e1400d	94cd196a8	Tue Jan 16 16:23:36 2018 +0000	Fix reference to nonexistent function.
380bc30f0	f8d05579b	Tue Jan 2 16:11:31 2018 +0000	Fix |ASN1_INTEGER_set| when setting zero.
80ede1df8	36fce983b	Thu Dec 21 21:41:39 2017 +0000	Fix early_mac_len computation.
0c9c1aad3	f98b582de	Tue Dec 12 20:58:58 2017 +0000	Fix generate_build_files.py.
f98b582de	6fe960d17	Tue Dec 12 17:20:07 2017 +0000	Fix tls13_variant check to check max_version.
8f53fc0a9	46304abf7	Mon Dec 11 20:12:11 2017 +0000	Fix fuzzer mode suppressions.
21baf6421	eb9232f06	Mon Dec 11 15:54:15 2017 +0000	Fix CustomExtensions-Server-EarlyDataAccepted test.
296a61d60	2bc937068	Thu Dec 7 16:54:32 2017 +0000	bn/asm/rsaz-avx2.pl: fix digit correction bug in rsaz_1024_mul_avx2.
bc37ad91f	9986f6b04	Fri Dec 1 22:32:17 2017 +0000	Fix alignment-violating cast.
9986f6b04	48eaa28a1	Fri Dec 1 17:56:55 2017 +0000	Fix renegotiation with TLS 1.3 draft 22.
27bc0f26c	2fce1beda	Mon Nov 27 17:47:47 2017 +0000	Fix CBS tag class docs.
67623735e	c367ee543	Tue Nov 21 17:48:00 2017 +0000	Fix memory leak on sk_X509_EXTENSION_push failure.
8793942c5	6d218d6d7	Mon Nov 20 18:44:18 2017 +0000	Fix fuzzer mode suppressions.
e7c95d91f	3bba5ccf3	Mon Nov 20 18:19:18 2017 +0000	Run TLS 1.3 tests at all variants and fix bugs.
b25140c7b	8db94be1d	Mon Nov 20 16:18:09 2017 +0000	Fix timing leak in BN_from_montgomery_word.
13761f283	ba8f1864c	Tue Nov 14 05:38:48 2017 +0000	Fix TLSInnerPlaintext limit.
4ddbc7bd0	ca8c2c7ea	Sat Nov 11 06:35:25 2017 +0000	Fix early data printout in bssl client.
3bcbb3755	a00fd08c2	Sat Nov 11 06:19:56 2017 +0000	Fix -early-data documentation.
0a9222b82	238c27405	Fri Nov 10 22:22:42 2017 +0000	Fix comment typo.
aa4c3f218	d5dda9b80	Tue Nov 7 19:43:31 2017 +0000	fix a typo in third_party/fiat/METADATA
2d07d30c4	cd8470f7f	Thu Nov 2 17:07:57 2017 +0000	bn/asm/x86_64-mont5.pl: fix carry bug in bn_sqrx8x_internal.
dca1afb32	f1db1a398	Wed Nov 1 16:32:56 2017 +0000	Fix up make_errors.go.
08e817d3e	ba94746eb	Tue Oct 31 16:45:29 2017 +0000	Fix Python code formatting in comment in SPAKE2.
a67b10159	98ca81daa	Mon Oct 30 18:40:17 2017 +0000	Fix memory leak in GENERAL_NAME_set0_othername.
2a768d04c	f5beb883c	Fri Oct 27 19:08:08 2017 +0000	Fix overflow checks when converting ASN.1 integers to long.
3f5d13812	fed560ff2	Fri Oct 27 13:49:57 2017 +0000	Remove EVP_set_buggy_rsa_parser stub.
a37f286f4	ea712e317	Tue Oct 24 17:39:46 2017 +0000	Remove the buggy RSA parser.
f66e88228	2eb4bc5e8	Tue Oct 17 09:17:42 2017 +0000	Fix documentation for |ssl_ticket_aead_method_st|.
619c8cec8	e1068b76b	Mon Oct 16 19:09:02 2017 +0000	Fix uninitialized warning.
168fb2e98	11ac519d7	Fri Oct 13 18:22:24 2017 +0000	Fix DEPS defaults.
5dde62364	00f48c827	Thu Oct 12 17:56:16 2017 +0000	Fix location of Clang stamp file.
1f1ac63bf	666d16e26	Wed Oct 11 23:30:42 2017 +0000	Fix typo in TODO comment.
be165a2e7	e05b72c25	Tue Oct 10 21:03:10 2017 +0000	Fix missing TicketMaxEarlyDataInfo in first session ticket.
a84b6f26a	c64d12393	Tue Oct 10 15:33:07 2017 +0000	Fix comment.
2e9bb4eb9	861f28a62	Fri Oct 6 22:46:57 2017 +0000	Fix comment about EarlyCCS.
e7136a978	a4bafd33b	Tue Oct 3 22:24:34 2017 +0000	Fix sha1.c\'s preprocessor checks.
63a0797ff	b94935513	Mon Oct 2 20:02:22 2017 +0000	Remove now unnecessary _POSIX_C_SOURCE bits to work around macOS bug.
6666886a9	15868b3bb	Wed Sep 27 17:20:06 2017 +0000	Fix EnableIfContainer with MSVC 2015.
15868b3bb	42e93b6cf	Tue Sep 26 22:27:47 2017 +0000	Revert "Work around a Java client bug when rotating certificates."
c03c21819	4015000e1	Wed Sep 20 21:06:00 2017 +0000	Fix some issues with name constraints test certs.
246e27d80	f231d6bfa	Mon Sep 18 19:42:51 2017 +0000	Switch the buggy RSA parser off by default.
683ffbbe5	9c2b36adb	Tue Sep 12 19:32:14 2017 +0000	Fix fuzzer mode suppressions.
c7d4d2141	aba057a4e	Tue Sep 12 18:05:50 2017 +0000	Add experiment without client CCS and fix session ID bug.
aba057a4e	1682126fd	Tue Sep 12 15:56:59 2017 +0000	Work around a Java client bug when rotating certificates.
54c259dec	a9c96bae8	Fri Sep 8 21:20:34 2017 +0000	Clarify RSA_add_pkcs1_prefix must be released with OPENSSL_free.
e51fb0fa7	769b386e9	Thu Sep 7 22:11:10 2017 +0000	Fix empty fragment handling in DTLS message reassembly.
769b386e9	b86be3617	Thu Sep 7 22:06:50 2017 +0000	Fix error handling/cleanup
3c995f30e	d0beda01f	Wed Sep 6 21:58:26 2017 +0000	Fix overflow in c2i_ASN1_BIT_STRING.
1ab133a9d	6abaa316f	Thu Aug 31 14:24:45 2017 +0000	Fix some style guide samples.
66d49b495	c79ae7aa8	Tue Aug 29 20:44:42 2017 +0000	Fix SSL_CTX client_CA list locking.
2c46c1063	302b818d4	Thu Aug 24 00:35:05 2017 +0000	Fix build when linux-headers are not installed.
1a66326f0	e2568c41c	Thu Aug 17 23:18:00 2017 +0000	Refactor ssl_test ForEachVersion into a GTest fixture.
f6ae9e6c2	016ebe2d0	Wed Aug 9 00:40:45 2017 +0000	Fix more hard-coded TLS 1.3 variant strings.
d8ea3902b	26ababbf6	Fri Aug 4 23:32:25 2017 +0000	Fix doc.go against Go tip.
26ababbf6	c90be3b14	Fri Aug 4 21:36:13 2017 +0000	Fix a bug in bssl::OpenRecord.
78b8b99cf	bda7b9adf	Thu Aug 3 18:52:47 2017 +0000	Fix a bug in and test the message callback.
27e377ec6	6c5454704	Tue Aug 1 20:39:46 2017 +0000	Fix miscellaneous clang-tidy warnings.
6c5454704	921aba3c0	Tue Aug 1 20:01:39 2017 +0000	Fix a bug in convert_comments.go.
a4cb62f0a	d363247f1	Mon Jul 31 18:04:44 2017 +0000	Fix build against LLVM CFI.
d363247f1	4d1b57ae7	Fri Jul 28 23:45:54 2017 +0000	Fix Bazel build and make it work on Windows.
abbf365b6	182b57332	Fri Jul 28 21:42:25 2017 +0000	Make the bssl::SealRecord out_suffix arg fixed length.
56851c85f	e664a534a	Tue Jul 25 19:03:16 2017 +0000	Fix bssl sockets on Windows.
9f9f4eaa2	6dc8bf626	Thu Jul 20 21:26:32 2017 +0000	Fix typo.
11d11d618	09ed11928	Mon Jul 17 18:52:06 2017 +0000	Fix and/or annotate all switch fall-throughs.
b853f315d	c66e39710	Fri Jul 14 23:17:40 2017 +0000	Fix handling of ServerHellos with omitted extensions.
2abda63a4	3ba4fb47e	Fri Jul 14 20:21:24 2017 +0000	Fix TLS 1.3 variant fuzzers.
6fb16cc93	8a5dcbcaa	Fri Jul 14 15:39:31 2017 +0000	Fix linux_fuzz bot.
a93a68d3c	52586f952	Wed Jul 12 20:11:04 2017 +0000	Fix comment for SSL_ERROR_PENDING_CERTIFICATE.
08fea48a9	96ee4a810	Mon Jul 10 19:52:00 2017 +0000	Fix fuzzer mode test suppressions.
d9cbb5356	2ec3b3154	Fri Jul 7 17:43:07 2017 +0000	Fix SSL_version on 0-RTT.
13f1f17b4	d68618b21	Thu Jul 6 18:25:07 2017 +0000	Fix typo in FUZZING.md.
c3648faaa	364af7840	Wed Jul 5 23:50:41 2017 +0000	Add tests for SSL_VERIFY_PEER_IF_NO_OBC and fix TLS 1.3.
353577cdc	8f36c51f9	Wed Jul 5 19:43:26 2017 +0000	Fix SSL_set_{min,max}_proto_version APIs in invalid versions.
3c9729212	d977eaa12	Wed Jun 28 13:35:29 2017 +0000	Fix chacha-armv4.pl with clang -fno-integrated-as.
5df5be1a4	5aaaa98f8	Fri Jun 23 23:01:36 2017 +0000	Fix record header callback on writes.
cd60bf0e0	05d4c9727	Thu Jun 22 02:37:19 2017 +0000	Fix PPC redirectors.
773ae91d0	68161cb8b	Tue Jun 20 22:19:43 2017 +0000	Fix PPC ELF ABI citation.
0391f1667	e831a8151	Thu Jun 15 19:38:59 2017 +0000	Fix some malloc failure handling.
17ce286e0	d91e1efd8	Wed Jun 7 19:59:24 2017 +0000	Work around an apparent Linux or glibc bug on ppc64le in FIPS mode.
8ba6a1496	ce9f6937e	Wed Jun 7 18:56:06 2017 +0000	Fix build with VS 2017.
0da939d3a	f6e5b1f29	Wed Jun 7 13:51:40 2017 +0000	Fix bazel crypto target dependencies.
f6e5b1f29	055375ef2	Wed Jun 7 02:15:27 2017 +0000	Revert "Fix platforms that don\'t define UINT64_MAX."
e345f9b6d	cd334a54c	Fri Jun 2 13:55:47 2017 +0000	Fix typo in comments.
b22e15c33	2c84a469b	Thu Jun 1 02:57:52 2017 +0000	Fix platforms that don\'t define UINT64_MAX.
7f07fb2b5	f64a6eeaf	Tue May 30 18:21:37 2017 +0000	Fix standalone ppc64le build.
d55bd797e	250542312	Thu May 18 15:49:31 2017 +0000	Fix SSL_COMP_get_compression_methods type signature.
4dcc290eb	b056ed304	Mon May 15 23:33:15 2017 +0000	Fix GOTPCREL accesses to symbols defined outside the module.
ad50a0d7c	82a83ff57	Thu May 11 23:30:01 2017 +0000	Fix diff_asm.go and revert another local MASM perlasm change.
768e6822c	edafe4796	Thu May 11 22:14:07 2017 +0000	Only fixup CMAKE_ASM_FLAGS -isysroot if CMAKE_OSX_SYSROOT is set.
43e5a26b5	c5f0c16b6	Thu May 11 16:55:29 2017 +0000	Fixing assembly coverage reporting.
ce3ec70ed	d4847c6d9	Wed May 10 20:49:58 2017 +0000	Fix cq.cfg formatting.
1d59f6e3e	8b0515b0f	Wed May 10 15:49:33 2017 +0000	Add a flag to toggle the buggy RSA parser.
8b0515b0f	f99d2c614	Wed May 10 15:18:01 2017 +0000	Fix fuzzer build.
ac52908e5	61ae41f19	Thu May 4 19:21:04 2017 +0000	Fix RSA KeyGen CAVP test padding.
a3d9c39c0	02690f758	Thu May 4 14:51:30 2017 +0000	Fix ECDSA KeyPair CAVP test.
616c4c26e	073391f7d	Wed May 3 20:02:21 2017 +0000	Fix make_errors.go.
2d933590c	c0ae51dfe	Wed May 3 17:18:27 2017 +0000	Fix some error path logic in i2v_AUTHORITY_INFO_ACCESS and i2v_GENERAL_NAME
c0ae51dfe	9afa7bc92	Wed May 3 17:17:48 2017 +0000	Fix URL links in comment
9afa7bc92	e5adaef98	Wed May 3 16:23:16 2017 +0000	Fix time offset calculation.
05821b0ee	8a3a2a99b	Tue May 2 20:29:47 2017 +0000	Consistently check length in RSA_add_pkcs1_prefix.
8ee0d1479	2b2676f69	Tue May 2 14:07:33 2017 +0000	Fix comment typo.
1ac76f7ed	eb599890b	Mon May 1 20:41:02 2017 +0000	Fix copy-pasted comment in fipsoracle/cavp_ctr_drbg_test.cc.
0fcac4bf9	58e449904	Mon May 1 17:59:38 2017 +0000	Fix cavp_aes_gcm_test.cc line endings.
d617e01cf	321fcdc45	Tue Apr 25 16:42:28 2017 +0000	Fix fuzzer build.
8da870a9e	02ba1789a	Fri Apr 21 22:52:10 2017 +0000	Fix build on android_aarch64.
a54ebffa7	4b65693c7	Thu Apr 20 20:43:52 2017 +0000	Fix lower bound in e in FIPS RSA checking.
696b6b50b	30bcb3bd2	Thu Apr 20 15:40:53 2017 +0000	Fix several issues with prime numbers.
fb83bc32a	2c45fa0b9	Mon Apr 17 19:32:21 2017 +0000	Fix possible infinite loop in delocate.go.
2c673f15f	61c4e2741	Thu Apr 13 20:19:29 2017 +0000	Emit redirector functions in a fixed order.
b15143fec	400d0b7b5	Thu Apr 13 17:33:40 2017 +0000	Fix check_fips for public keys and synchronize the EC and RSA versions.
89abf7a46	a0eb4a819	Thu Apr 13 16:43:52 2017 +0000	Fix ECDSA signing for FIPS compliance.
a0eb4a819	82b2b8574	Thu Apr 13 16:41:42 2017 +0000	\xe2\x80\x9cFix\xe2\x80\x9d FIPS build under ASAN.
10f6bc7fd	aff72a380	Fri Apr 7 17:33:24 2017 +0000	Fix Android build.
2065481c4	d0a405910	Fri Apr 7 15:57:31 2017 +0000	Fix CRYPTO_once_t initialization test.
7f26bf842	323f1eb70	Fri Apr 7 04:41:21 2017 +0000	Partially fix FIPS build under clang.
0aef1686d	d69d94e7e	Thu Apr 6 02:54:50 2017 +0000	Comment typo fix: 1024 bits is too small, not too large.
0686c09ee	b18cb6a5d	Tue Apr 4 18:21:49 2017 +0000	Fix CRYPTO_dup_ex_data.
519118f98	a5f1b38de	Thu Mar 30 16:54:18 2017 +0000	Fix FUZZING.md typo.
a5f1b38de	7e9949c30	Thu Mar 30 16:43:30 2017 +0000	Use vec_vsx_ld to performance unaligned load instead of dereferencing a pointer and relying on a compiler to generate code for unaligned access.  Both gcc and llvm currently do that but llvm is going to change to generate code for aligned access.  The change in llvm will break SHA-1 on POWER without this fix.
f368c7382	fef78b035	Thu Mar 30 02:39:56 2017 +0000	Fix fuzzer excludes.
95321e15f	bbfe60351	Mon Mar 27 14:29:55 2017 +0000	Fix diff_asm.go.
f35e8384a	7179e53ea	Sat Mar 25 16:29:06 2017 +0000	Fix parsing of PBKDF2 parameters.
aea20c15c	5c1277894	Tue Mar 21 18:10:51 2017 +0000	Fix potential memory leak in ASN1_TIME_to_generalizedtime()
2d05568a7	fd67f61bb	Tue Mar 21 16:19:22 2017 +0000	Fix out-of-memory condition in conf.
fd67f61bb	5916207dd	Tue Mar 21 16:17:19 2017 +0000	Fix bounds check in RSA_verify_PKCS1_PSS_mgf1 when sLen is -2.
6a53b99f3	076c6a338	Tue Mar 21 14:54:47 2017 +0000	Fix generate-coverage.sh.
076c6a338	aefc6b27e	Tue Mar 21 14:51:17 2017 +0000	Fix a memory leak in X509_STORE_add_cert/crl error handling.
aefc6b27e	b22854112	Tue Mar 21 14:50:26 2017 +0000	Fix a crash in print_notice.
73812e06b	edb729959	Mon Mar 20 22:12:16 2017 +0000	Fix SSLv3 version check in BoGo.
edb729959	3c8652d0c	Mon Mar 20 19:10:10 2017 +0000	Fix typo in the |ssl_ticket_aead_success| documentation
3c8652d0c	438229a8d	Mon Mar 20 17:39:42 2017 +0000	tool: fix typo in -root-certs description
2070f8ad9	707af294a	Sat Mar 11 16:33:50 2017 +0000	Apply bugs to second, TLS 1.3 ClientHello.
91222b8d3	6ad20dc91	Fri Mar 10 01:20:25 2017 +0000	Fix configuring the empty cipher list.
218f51bce	898be92b6	Mon Feb 27 23:18:25 2017 +0000	Fix Android bots.
de5c325e0	a57dcfb69	Wed Feb 22 14:05:44 2017 +0000	Fix SSL_write doc comment
ced189596	c4d5925ca	Fri Feb 17 01:21:29 2017 +0000	Fix mis-import of upstream cc598f321fbac9c04da5766243ed55d55948637d.
c4d5925ca	ec1d9637e	Fri Feb 17 01:11:21 2017 +0000	Fix various malloc failure checks.
ec1d9637e	fb2ac390f	Fri Feb 17 01:11:14 2017 +0000	Fix crashes in EVP_CIPHER if cipher_data was not allocated.
c5be327ef	3e8b782c0	Thu Feb 16 23:24:53 2017 +0000	Tidy up EVP_PKEY_CTX_dup and fix malloc error crash.
f3cc7a336	4c4053191	Thu Feb 16 22:21:18 2017 +0000	perlasm/x86_64-xlate.pl: fix pair of typo-bugs in the new cfi_directive.
4c4053191	cb1b333c2	Thu Feb 16 22:20:33 2017 +0000	perlasm/x86_64-xlate.pl: typo fix in comment.
0f28691d3	26e1ff3df	Thu Feb 16 18:50:51 2017 +0000	Fix a few typos.
952f7bff7	86c069249	Tue Feb 14 00:14:06 2017 +0000	Spelling fixes in Perl files.
689eb3d03	9ad43cbf6	Mon Feb 13 21:52:39 2017 +0000	x86_64-xlate.pl: import fix(?) from upstream.
7ebe61a58	bc6ef7a83	Fri Feb 10 18:20:52 2017 +0000	Fix server-side KeyUpdates.
5bd8a09f2	023d419ea	Tue Feb 7 00:45:22 2017 +0000	Fix a crash with malformed user notice policy numbers
e0ca4879e	3f2611a98	Mon Feb 6 20:19:22 2017 +0000	Fix EVP_get_digestbyobj for NID-less ASN1_OBJECTs.
5c9d411e1	17b308337	Thu Feb 2 22:05:06 2017 +0000	Fix some compact unwind errors.
d103616db	47383aadf	Thu Jan 26 18:29:44 2017 +0000	bn/asm/x86_64-mont5.pl: fix carry bug in bn_sqr8x_internal.
3b584332e	c0263ab4c	Wed Jan 25 16:23:10 2017 +0000	Fix ssl_test with BORINGSSL_ANDROID_SYSTEM.
358baeb9a	5b410b6be	Mon Jan 23 20:19:40 2017 +0000	Add missing src/ prefix to GTest sources.
9fb326d47	c10c29861	Sat Jan 21 00:12:17 2017 +0000	Fix MSVC C4826 issues in googletest.
c10c29861	9b5028523	Sat Jan 21 00:12:10 2017 +0000	Fix ColorPrintf issues in googletest.
67ccf5916	c25386499	Sat Jan 14 01:03:01 2017 +0000	Fix crypto/rand/urandom header guards for Fuchsia.
dcecdfd62	1d6eeb3b8	Thu Jan 12 18:35:25 2017 +0000	Fix a couple of missing spaces in comments.
e2c083dfd	7c7ab2178	Tue Jan 10 23:32:12 2017 +0000	ASN1_UTCTIME_print: fix, comment, test.
9c33ae856	6add9f172	Mon Jan 9 03:37:19 2017 +0000	Fix TLS 1.3 NewSessionTicket processing.
6add9f172	45573cc04	Fri Jan 6 21:15:28 2017 +0000	Fix setsockopt call.
322f431b2	2214f4e42	Wed Jan 4 01:46:32 2017 +0000	Fix API-CONVENTIONS.md typos.
14e18ca25	55696cecd	Wed Jan 4 01:45:31 2017 +0000	Fix AES-GCM-SIV on large inputs.
3e3495130	1444c3ace	Thu Dec 22 03:17:59 2016 +0000	Fix fuzzer mode build.
ec6b53068	17cf2cb1d	Wed Dec 21 21:47:24 2016 +0000	Fix comment on OPENSSL_memcmp, etc.
17cf2cb1d	56cadc3da	Wed Dec 21 20:34:47 2016 +0000	Work around language and compiler bug in memcpy, etc.
39ae14475	16bfff716	Fri Dec 16 18:21:41 2016 +0000	Revert "Revert "crypto/rand: Fix a crash bug in RAND_enable_fork_unsafe_buffering." and "Enable getrandom for entropy gathering.""
a36255cd4	4f57074bf	Fri Dec 16 17:17:38 2016 +0000	Fix RSA-PSS documentation.
97db926cf	b479c5df3	Thu Dec 15 20:17:27 2016 +0000	Revert "crypto/rand: Fix a crash bug in RAND_enable_fork_unsafe_buffering." and "Enable getrandom for entropy gathering."
36ca21415	4cc1ccd3f	Wed Dec 14 21:59:18 2016 +0000	crypto/rand: Fix a crash bug in RAND_enable_fork_unsafe_buffering.
9434b6bb5	edb4c796e	Mon Dec 12 21:40:20 2016 +0000	Fix BN_kronecker on unreachable BN_rshift error.
b79cc8463	30c4c30d4	Thu Dec 8 16:57:57 2016 +0000	Fix SSL_clear\'s interaction with session resumption.
c8006be22	9d125dcde	Thu Dec 8 16:20:49 2016 +0000	Fix X509_parse_from_buffer when failing to parse.
7d7597840	5fa253816	Mon Dec 5 23:12:49 2016 +0000	Fix x509v3_cache_extensions locking.
e4a9dbcf0	bfe5f0817	Tue Nov 29 01:03:28 2016 +0000	Minor formatting fixups.
1c68effac	14ebb4ff2	Tue Nov 29 00:55:04 2016 +0000	Fix error code for unreduced x.
e7f60a285	12d6bafed	Thu Nov 17 06:45:38 2016 +0000	Fix alert on tls1_process_alert failure.
4008c7a80	ca0b60315	Wed Nov 16 19:20:27 2016 +0000	Fix some more negative zeros and add tests for each case.
6929f27ed	71186e85d	Wed Nov 16 13:13:50 2016 +0000	Fix return values for TLS 1.3 state machine code.
0b8f85ebe	ba28dfc38	Wed Nov 16 07:55:27 2016 +0000	Fix AcceptAnyVersion bug.
1e21e994e	bca451e08	Tue Nov 15 18:17:41 2016 +0000	More flexible detection of arm processors to fix cmake errors on armv6l and armv7l devices
dde19c6cd	4a9313a7e	Tue Nov 15 17:06:27 2016 +0000	Fix booth_recode_w5 comment.
9b63f2964	dfb413819	Tue Nov 15 07:01:24 2016 +0000	Fix run_tests on fuzzer-mode builds.
e8b554dff	2c51645c5	Tue Nov 15 01:45:19 2016 +0000	Fix Android bots.
49b5038b7	eab773a8a	Sun Nov 13 05:27:28 2016 +0000	Speculative fix to Android bots.
7f2ee3522	14c7e8d28	Thu Nov 10 16:01:39 2016 +0000	bn/asm/x86_64-mont.pl: fix for CVE-2016-7055 (not affected).
b348897a0	da4789e41	Wed Nov 9 19:06:10 2016 +0000	Correctness fixes for NaCl and other platforms.
da4789e41	4e4192677	Wed Nov 9 19:01:59 2016 +0000	Fix BoGo HelloVerifyRequest version handling.
e75cc2766	0a011fc49	Tue Nov 8 23:03:06 2016 +0000	Fix ssl3_send_new_session_ticket error-handling.
7bb88bb68	9ef31f01a	Wed Nov 2 18:06:41 2016 +0000	Fix comment on session version field.
1e5ac5d50	af3b8a990	Tue Nov 1 20:50:18 2016 +0000	Fix more clang-tidy warnings.
af3b8a990	70aba26c7	Tue Nov 1 17:28:02 2016 +0000	Fix multiple PSK identity parsing.
9415a14ac	a1bbacac5	Wed Oct 26 17:18:42 2016 +0000	Fix SSL_CTX_set1_curves fuzzer.
7784c4c4d	955940147	Thu Oct 20 21:49:13 2016 +0000	Fix fuzzer mode suppressions.
c984611d2	60a85cb5e	Thu Oct 20 20:57:48 2016 +0000	Fix bogo implementation of Channel ID for TLS < 1.2.
b1133e956	840445d40	Tue Oct 18 18:28:23 2016 +0000	Fix up macros.
99dce5403	89917a5c6	Tue Oct 18 17:23:52 2016 +0000	Fix copy-paste error in SSL_CTX fuzzer.
89917a5c6	e228bd299	Tue Oct 18 14:13:53 2016 +0000	Fix memory leak in set_signing_algorithm_prefs.
ac9a7f638	cef36f0cf	Fri Oct 14 16:01:47 2016 +0000	Fix the run_tests target in fuzzer mode.
ab6306bcb	a128a55e0	Thu Oct 13 19:12:44 2016 +0000	Fix fuzzer mode suppressions.
0939f80c6	490469f85	Wed Oct 12 14:59:56 2016 +0000	Fix fuzzer signatures.
6dbde984a	97227dc52	Tue Oct 4 14:57:24 2016 +0000	Fix TLS 1.3 minimum version tests.
1f53747ba	ad75a661b	Mon Oct 3 18:30:36 2016 +0000	"Fix" some trailing whitespace.
592b532dd	7f0965a66	Mon Oct 3 18:26:55 2016 +0000	Fix TLS 1.3 downgrade detection tests.
54afdab58	31f5b3c60	Fri Sep 30 19:13:36 2016 +0000	Fix X509_CRL construction under malloc failures.
083872126	7b9bbd963	Fri Sep 30 19:12:42 2016 +0000	Fix bn_test under malloc tests.
b6f6927ca	0d81373f9	Wed Sep 28 23:46:36 2016 +0000	Fix CMake negation and make error fatal
5ab459607	1eeb0b00b	Tue Sep 27 13:27:06 2016 +0000	Fix ssl_ctx_make_profiles error handling.
d5c72c8bc	7358fab64	Mon Sep 26 22:13:03 2016 +0000	Fix run_tests target.
16279bc55	5b556200d	Fri Sep 23 18:39:11 2016 +0000	Fix up x509_vpm.c comment.
5b556200d	bd672ae8c	Fri Sep 23 18:02:48 2016 +0000	Fix documentation for POINT_CONVERSION_UNCOMPRESSED in ec.h
01a905717	ac5e47f30	Thu Sep 22 21:14:00 2016 +0000	Fix remaining non-determinism in fuzzer transcripts.
7e1f984a7	e47069063	Wed Sep 21 20:40:10 2016 +0000	Fix some bugs in TLS 1.3 server key_share code.
7a4aaa4ce	e0ff76702	Wed Sep 21 17:18:40 2016 +0000	Fix TLS 1.3 fuzzer mode in Go.
7208822d5	54091230c	Mon Sep 12 19:53:52 2016 +0000	Build debug symbols for assembly.
2f401ecaa	31168c999	Fri Sep 9 23:56:01 2016 +0000	Fix IWYU violation in speed.cc.
934b57e8c	c241d7926	Fri Sep 9 20:17:16 2016 +0000	Fix a few leaks in X509_REQ_to_X509.
707288435	2aae802d2	Wed Sep 7 15:05:23 2016 +0000	Fix bssl client -session-out.
2aae802d2	0fb46d4a3	Tue Sep 6 21:41:36 2016 +0000	Fix a typo in ssl.h.
c72e6f9c6	311c2579f	Wed Aug 24 04:40:39 2016 +0000	Fix off by 1 in ASN1_STRING_set()
0fc37ef08	7bee853d1	Wed Aug 24 00:24:34 2016 +0000	Fix a number of sigalg scope issues.
4c4ff02fe	7c7d8313a	Tue Aug 23 17:49:47 2016 +0000	Fix bn_wexpand\'s documentation.
ee32bea1d	9b01c6148	Thu Aug 18 19:41:22 2016 +0000	Fix TLS 1.2 sigalgs fallback logic for ECDSA.
722ba2db7	2a795a177	Tue Aug 16 19:46:06 2016 +0000	sha/asm/sha1-x86_64.pl: fix crash in SHAEXT code on Windows.
05cad5e00	5013fb41f	Tue Aug 16 18:05:47 2016 +0000	Fix typo.
505cf39af	5a9150382	Wed Aug 10 16:54:09 2016 +0000	Fix STARTTLS detection.
3f26a49eb	65d74e4d7	Wed Aug 10 03:52:48 2016 +0000	Fix up EVP_tls_cbc_remove_padding\'s calling convention.
057b678dc	9f55b53fa	Wed Aug 3 21:41:01 2016 +0000	Remove spurious \';\' and fix indentation for macro arguments in one file
7259f2fd0	7b689f6b9	Tue Aug 2 23:13:29 2016 +0000	Prefix ext_key_share methods.
d4aae0f96	489016550	Mon Aug 1 19:49:06 2016 +0000	Minor typo fixes.
c5aa8414d	9498e74a9	Mon Aug 1 18:38:22 2016 +0000	Fix up header file handling.
0d1b0961f	1dc53d284	Mon Aug 1 14:52:39 2016 +0000	Fix mixed comment markers.
5a8d48ee8	49054544d	Thu Jul 28 21:49:48 2016 +0000	Fix the comments for |SHA[256|384|512]_Transform|.
64ac92560	1d4f4c012	Tue Jul 26 22:41:42 2016 +0000	Fix ASN1_STRING_to_UTF8 could not convert NumericString
abaef2e86	ee2aea0d9	Tue Jul 26 20:01:37 2016 +0000	Fix omitted selector handling.
ee2aea0d9	51162639e	Tue Jul 26 19:53:44 2016 +0000	Fix an error path leak in int X509_ATTRIBUTE_set1_data()
51162639e	599922fee	Tue Jul 26 19:47:12 2016 +0000	Import (unreachable) bsaes-armv7.pl XTS fixes.
599922fee	4ff41f614	Tue Jul 26 19:11:01 2016 +0000	Fix an error path leak in do_ext_nconf()
0e0449893	613fe3baa	Mon Jul 25 15:01:10 2016 +0000	Fix funny line-wrapping.
3a28755ba	e776cc295	Tue Jul 19 10:03:55 2016 +0000	Fix sending draft_version.
0ee2e1107	bf5aa846d	Fri Jul 15 11:20:41 2016 +0000	Fixing TLS 1.3 Go Handshake Bugs.
49ec9bb35	5c900c8c4	Thu Jul 14 16:14:11 2016 +0000	Fix ssl3_get_cert_verify key type checks.
f74ec79f9	bbfff7cb7	Thu Jul 14 15:51:26 2016 +0000	Fix Go TLS 1.3 sigalg handling.
c87ebdec5	c78aa4a35	Wed Jul 13 22:17:44 2016 +0000	Fix up TLS 1.3 PSK placeholder logic in the Go code.
ff26f09a0	95c69563d	Thu Jul 7 17:28:36 2016 +0000	Fix c.in.decrypt error handling in runner.
cecee27c9	4c3ddf7ec	Wed Jul 6 20:35:03 2016 +0000	Fix the Go code to be aware of DTLS version bounds.
57a6f3c42	d09f53c94	Tue Jun 28 19:58:19 2016 +0000	Fix missing cert length prefix.
96f9447e3	8b66feffa	Mon Jun 27 23:06:20 2016 +0000	Fix naming of non-bc bn_tests.
f0ee90794	10e664b91	Mon Jun 27 18:43:33 2016 +0000	Remove the \'ssl_\' prefix on most SSL_PROTOCOL_METHOD hooks.
9acf0ca26	c9ae27ca7	Mon Jun 27 17:03:22 2016 +0000	Don\'t use bugs to test normal cipher/version pairs.
53409ee3d	ff594ca8c	Thu Jun 23 21:22:33 2016 +0000	Fix BN_is_prime* calls.
c9a436887	fd4d67cb5	Tue Jun 21 21:34:23 2016 +0000	Fix the new ECDHE_PSK ciphers.
40e390623	34fce8896	Sat Jun 18 16:44:33 2016 +0000	Fix ssl.h copy-paste fail in doc
34fce8896	2f02854c2	Thu Jun 16 21:07:09 2016 +0000	Fix TLS 1.3 seal logic.
7975056ac	3675dddab	Thu Jun 16 17:04:14 2016 +0000	Fixing iv_length for TLS 1.3.
da7f0c65e	054e59767	Thu Jun 16 16:24:44 2016 +0000	Unwind X509_LU_RETRY and fix a lot of type confusion.
2b360714a	80ef43335	Thu Jun 16 16:03:46 2016 +0000	win: Add an explicit intrin.h include to work around a clang-cl bug.
65dac9c8a	41e08045f	Wed Jun 15 21:29:50 2016 +0000	Fix the name of OPENSSL_add_all_algorithms_conf.
41e08045f	f715c4232	Tue Jun 14 19:57:35 2016 +0000	Fix typo.
6278e24a6	54217e4d8	Tue Jun 14 15:48:54 2016 +0000	shim: fix var unused when asserts compiled out
171b5403e	166958944	Thu Jun 9 23:51:08 2016 +0000	Fix ssl3_do_write error handling.
166958944	a353cdb67	Thu Jun 9 21:35:16 2016 +0000	Bazel: allow arbitrary path prefix before \'src\'
95d7a498c	bf1905a91	Thu Jun 9 21:11:22 2016 +0000	Fix the alias checks in dtls_record.c.
bf1905a91	2446db0f5	Thu Jun 9 19:49:12 2016 +0000	Revert "Import chacha-x86.pl fix."
67cb49d04	8f1e113a7	Thu Jun 9 19:05:31 2016 +0000	Fix BN_mod_word bug.
ac2920200	4e9cc71a2	Wed Jun 8 18:16:14 2016 +0000	Fix typo.
0a45822af	26b7c35d8	Tue Jun 7 22:05:10 2016 +0000	Fix some missing inits
26b7c35d8	0d275bdb3	Tue Jun 7 19:29:18 2016 +0000	Fix DSA, preserve BN_FLG_CONSTTIME
a34bd8e38	77fe71101	Fri Jun 3 14:37:03 2016 -0700	crypto/newhope: fix comment typo.
8ca0b4127	27e863e71	Thu Jun 2 19:48:27 2016 +0000	Fix X25519 on OS X when using build systems other than CMake.
f1012b5c3	2b1ca80e0	Fri May 20 15:42:01 2016 +0000	Fix HKDF leak.
5693e42ae	ea77107e9	Thu May 19 14:46:02 2016 +0000	Fix discovery rule for perl and go for Android
68a533c0e	7f6706ce6	Tue May 17 21:57:16 2016 +0000	Fix line-number counting in doc.go.
ada97998f	c6cc6e76a	Fri May 13 18:24:57 2016 +0000	Fix stack macro const-ness.
f0bba6166	de2cf273d	Tue May 3 16:58:51 2016 +0000	Fix ASN1_INTEGER handling.
204dea8da	a43fd90c5	Tue May 3 16:43:12 2016 +0000	Fix encrypt overflow
8861daa5a	bbe6af0e2	Mon May 2 19:25:53 2016 +0000	Fix vs_toolchain.py, possibly.
d18cb7786	176dbf04b	Fri Apr 29 20:26:52 2016 +0000	Fix d2i_X509_AUX.
3bb5a7720	6f621bd8f	Fri Apr 29 16:20:14 2016 +0000	Fix memory leak on error in BN_mpi2bn.
992c20aed	0a63b9653	Thu Apr 28 17:32:42 2016 +0000	Another OPENSSL_NO_THREADS build fix.
0a63b9653	b3be1cf97	Thu Apr 28 16:42:21 2016 +0000	Make CRYPTO_is_NEON_capable aware of the buggy CPU.
e3118b8dc	c0d8b83b4	Wed Apr 27 18:44:58 2016 +0000	Fix Windows build.
e75f0530a	bc57d55c9	Tue Apr 26 16:25:31 2016 -0700	More fixes for MSVC.
ede2e2c5c	b32a9151d	Tue Apr 26 18:49:09 2016 +0000	Fix buffer overrun in ASN1_parse() and signed/unsigned warning.
f040d3c7e	dc9194f78	Tue Apr 26 15:53:09 2016 +0000	Fix build.
dc9194f78	f13444a5a	Tue Apr 26 15:19:26 2016 +0000	Fix a bug in obj_dat.pl and add basic crypto/obj tests.
919610b4c	4365c3f52	Fri Apr 15 19:43:26 2016 +0000	Fix memory leak on invalid ecPublicKey parameters.
0fe4d8bef	9980ce1dc	Thu Apr 14 20:50:36 2016 +0000	chacha/asm/chacha-armv8.pl: fix intermittent build failures.
9980ce1dc	a82e8dd9d	Thu Apr 14 20:49:31 2016 +0000	Add BORINGSSL_PREFIX for prefixing symbols
2a187a431	14420e91e	Mon Apr 11 17:26:50 2016 -0400	No-op change to test bugdroid.
d44a94311	046b27815	Thu Mar 31 22:15:51 2016 +0000	Fix docs typo.
44477c03b	9d354693f	Tue Mar 29 00:44:10 2016 +0000	Fix |BN_CTX_get| error checking in |BN_from_montgomery|.
b7c5e8484	e29ea166a	Mon Mar 28 17:17:32 2016 +0000	Fix some malloc test failures.
762e1d039	17d729e61	Mon Mar 28 15:58:24 2016 +0000	Import chacha-x86.pl fix.
2aca22641	baca950e8	Mon Mar 28 15:57:00 2016 +0000	Fix typo in comment.
dc6c1b838	db50299b2	Fri Mar 25 21:39:52 2016 +0000	Fix build when using Visual Studio 2015 Update 1.
4c34026d1	fdb88ba2e	Thu Mar 24 15:04:23 2016 +0000	Fix poly1305-x86.pl.
fdb88ba2e	897be6afe	Thu Mar 24 03:11:20 2016 +0000	Fix build with -Wwrite-strings.
0a0f83d30	afd6d9d61	Wed Mar 23 18:23:42 2016 +0000	Fixing assembly coverage
c087c332f	be1224882	Tue Mar 22 15:17:32 2016 +0000	Fix potential double free in EVP_DigestInit_ex
be1224882	95b976934	Mon Mar 21 22:56:55 2016 +0000	Fix aarch64 build.
95b976934	e11988f51	Mon Mar 21 20:26:21 2016 +0000	Fix error handling in |bn_blinding_update|.
fdc955cf1	df1201e6e	Sun Mar 20 17:18:35 2016 +0000	Fix parameter type of p256-64.c\'s |select_point|.
f188f9dce	cd4cf9a12	Sun Mar 20 16:55:41 2016 +0000	Fix typo in function name.
cd4cf9a12	8b0fe8c0a	Sun Mar 20 16:46:10 2016 +0000	Fix Windows build
5c05648b8	a2f2bc3a4	Tue Mar 15 18:42:08 2016 +0000	Tiny documentation fix for EC_POINT_set_affine_coordinates_GFp
6b6e0b208	15c1488b6	Mon Mar 14 23:12:22 2016 +0000	Fix a memory leak in ssl3_get_certificate_request.
23afa6893	f284a7dab	Wed Mar 9 20:13:41 2016 +0000	Fix the shared library build.
f284a7dab	f202d9687	Wed Mar 9 12:09:00 2016 -0800	Fix Windows build.
f202d9687	ef18746ad	Wed Mar 9 20:06:46 2016 +0000	Fix bug in obj_decrepit.c
3d38c03a8	f945952d5	Tue Mar 8 21:08:48 2016 +0000	Fix a few more missing CBB_cleanups.
cdd704835	6e96eaebe	Tue Mar 8 01:57:24 2016 +0000	Fix windows build.
1b0c438e1	05c7bb456	Mon Mar 7 15:48:21 2016 +0000	Fix i2d_RSAPrivateKey, i2d_RSAPublicKey memory leaks
f2b836357	bc5b2a2e2	Thu Mar 3 01:36:55 2016 +0000	Fix the tests for the fuzzer mode.
8b9e7802a	bf82aede6	Wed Mar 2 23:47:43 2016 +0000	Fix up all_tests.go parallelism support.
2b07fa4b2	ff3a1498d	Wed Mar 2 15:49:30 2016 +0000	Fix a memory leak in an error path.
42c8c63fc	d7305d50e	Mon Feb 29 22:01:04 2016 +0000	Fix build.
7e8ed4401	a14934ff2	Mon Feb 29 20:56:19 2016 +0000	Fix possible memory leak on BUF_MEM_grow_clean failure
c4eec0c16	b944882f2	Mon Feb 29 20:07:03 2016 +0000	Fix encoding bug in i2c_ASN1_INTEGER
136df6bd9	95a79eec4	Fri Feb 26 22:17:35 2016 +0000	Fix implementation-specific behavior in gcm_test.c
3f81b607f	06c5fb451	Thu Feb 25 20:43:58 2016 +0000	Fix missing ok=0 with cert verification.
06c5fb451	fd26b7a01	Thu Feb 25 20:23:38 2016 +0000	Revert "Fix missing ok=0 with cert verification."
b0576889f	e42da0e4b	Thu Feb 25 20:01:07 2016 +0000	Fix missing ok=0 with cert verification.
e42da0e4b	cd8d1761d	Thu Feb 25 19:23:58 2016 +0000	Fix bssl rand -hex.
e412bbd9a	85003903f	Tue Feb 23 23:31:18 2016 +0000	Fix wildcard match on punycode/IDNA DNS names
030d08513	a3d9528e9	Tue Feb 23 23:18:53 2016 +0000	ymm registers are not suffixed with w.
295960044	ea4d6863c	Tue Feb 23 01:07:48 2016 +0000	Fix chacha-armv4.pl.
b104517f1	65dcfc7f9	Mon Feb 22 20:16:48 2016 +0000	Add some bug references to the LICENSE file.
de9423821	d3a49953d	Wed Feb 17 22:05:29 2016 +0000	Fix SSL_get_{read,write}_sequence.
11aac1098	168297e87	Thu Feb 4 17:23:28 2016 +0000	Fix theoretical memory leak on malloc error in CBS_asn1_ber_to_der.
5fa8f5bc9	2cdf39877	Thu Jan 28 23:58:45 2016 +0000	Fix |-Werror=old-style-declaration| violations in poly1305_vec.c.
c3774c118	0a2c9938a	Thu Jan 28 00:51:45 2016 +0000	Fix some indentation.
c612e61e1	719594e51	Thu Jan 28 00:35:35 2016 +0000	Fix minor stylistic problem.
719594e51	b6155e60f	Thu Jan 28 00:34:38 2016 +0000	Un-const EVP_PKEY_CTX_set0_rsa_oaep_label and fix overflow check.
647cd02e5	b04c905da	Wed Jan 27 22:29:52 2016 +0000	Fix 32-bit build.
8f2d4e344	87c764077	Wed Jan 27 22:20:32 2016 +0000	Fix documentation string.
9333d6df1	f5f4be8fa	Wed Jan 27 22:08:26 2016 +0000	Fix data <-> function pointer casts in thread_win.c.
f5f4be8fa	54a8d7c14	Wed Jan 27 22:06:11 2016 +0000	Fix pointer-to-non-volatile cast in thread_win.c.
ef7dba6ac	ce9d85eed	Tue Jan 26 15:31:23 2016 -0800	Fix error in ce9d85ee.
95219feaf	d3a4e280d	Thu Jan 21 22:12:08 2016 +0000	Fix some documentation comments.
d3a4e280d	a646258c1	Thu Jan 21 21:06:02 2016 +0000	Fix trivial -Wcast-qual violations.
d92f1d39a	8d3c43e4b	Thu Jan 21 20:59:35 2016 +0000	Fix |sscanf| format string in cpu-intel.c.
0687bdfc1	6c22f542f	Thu Jan 21 20:56:59 2016 +0000	Fix -Wformat-nonliteral violation in ssl_cipher.c.
6c22f542f	fc6e5a737	Wed Jan 20 23:08:03 2016 +0000	Fix build of x509_test.
fc6e5a737	d2f0ce80a	Wed Jan 20 17:26:13 2016 +0000	Drop the silly \'ECDH_\' prefix on X25519.
b8ba65a73	0b553eb53	Tue Jan 19 16:35:20 2016 +0000	Fix arm perlasm trailing newline.
625475f3e	7b8b9c17d	Wed Jan 13 22:28:54 2016 +0000	Fix bits vs. bytes confusion in RSA encryption.
6544426d8	fe5f7c7b5	Tue Dec 22 23:30:22 2015 +0000	Fix a ** 0 mod 1 = 0 for real this time.
23a681b9f	e3203923b	Wed Dec 16 21:26:12 2015 +0000	Fix build.
fef6fb592	60a08ac21	Wed Dec 16 21:20:49 2015 +0000	Fix ChaCha20-Poly1305 tests.
2936170d6	a01deee96	Wed Dec 16 21:17:09 2015 +0000	Fix memory leak in DSA redo case.
f28dd64d4	423488557	Wed Dec 16 15:40:18 2015 +0000	Fix flaky BadRSAClientKeyExchange-1 test.
e701f16bd	cb852981c	Thu Dec 3 16:44:35 2015 +0000	bn/asm/x86_64-mont5.pl: fix carry propagating bug (CVE-2015-3193).
cb852981c	c4f25ce0c	Thu Dec 3 16:43:34 2015 +0000	Fix leak with ASN.1 combine.
c4f25ce0c	c5eb4676b	Mon Nov 30 22:41:24 2015 +0000	Work around yaSSL bug.
e8fe07fcc	93a5b4429	Thu Nov 19 18:08:33 2015 +0000	Fix AES XTS mode key size.
301efc8ce	e2136d9c2	Thu Nov 19 00:52:33 2015 +0000	Fix error handling in |p256-x86_64|.
3ac32b1ed	4fb0dc4b0	Tue Nov 17 15:15:05 2015 -0800	Fix curve25519 code for MSVC.
b324159be	f584a5aaa	Mon Nov 16 23:27:27 2015 +0000	Fix ssl3_send_server_key_exchange error path.
780cd92b9	f9c77dedf	Mon Nov 16 23:11:19 2015 +0000	modes/asm/ghash-armv4.pl: extend Apple fix to all clang cases.
f87295188	8bde5d2e5	Thu Nov 12 20:05:13 2015 +0000	Fix null pointer dereference when using "simple" EC.
7104cc96b	9a4beb8ad	Tue Nov 10 23:37:36 2015 +0000	Update and fix fuzzing instructions.
e348ff4a7	6e8076577	Fri Nov 6 22:58:14 2015 +0000	Fix build.
5f88999a1	e57a19203	Thu Nov 5 20:12:45 2015 +0000	Fix up several comments and detect problems in the future.
bb875350b	d93831d71	Tue Nov 3 23:28:56 2015 +0000	Fix ASan bot.
165248c24	8f7ecb8f0	Tue Nov 3 14:31:33 2015 -0800	Fix several MSVC warnings.
8f7ecb8f0	466b9895a	Tue Nov 3 14:29:01 2015 -0800	(Hopefully) fix a warning on Windows.
13e81fc97	ebda9b373	Mon Nov 2 23:16:22 2015 +0000	Fix DTLS asynchronous write handling.
069bedfe0	ce514698f	Mon Nov 2 22:53:27 2015 +0000	Fix documentation typo.
ce514698f	d9e817309	Fri Oct 30 17:24:03 2015 -0700	Fix a missing initializer that only Clang warns about.
d9e817309	bb85f3d65	Fri Oct 30 21:11:48 2015 +0000	Fix several warnings that arise in Android.
7063b6d06	96b9f3b68	Thu Oct 29 13:19:53 2015 +0000	Fix assert in SSL_set_shutdown.
8e4db8b1c	278d34234	Wed Oct 28 21:09:46 2015 +0000	Fix even more ChaCha20 rename deadlocks.
7dd3f7725	f8e9dcaee	Wed Oct 28 17:50:23 2015 +0000	Fix aead.h header typo.
de659cdc2	13f1dd497	Tue Oct 27 16:18:51 2015 -0700	Fix PKCS#8 on 32-bit systems.
13f1dd497	96c2a2817	Tue Oct 27 16:07:26 2015 -0700	Fix a couple more signed/unsigned compares.
96c2a2817	0dc2a8aee	Tue Oct 27 22:48:00 2015 +0000	Fix all sign/unsigned warnings with Clang and GCC.
5dbdad9c3	f0523e9f2	Tue Oct 27 16:39:12 2015 +0000	For now, give the unsuffixed ChaCha20 AEAD name to the old version.
da084a3eb	6dc1851f3	Mon Oct 26 23:39:47 2015 +0000	Fix shared library build on OS X.
6dc1851f3	953cfc837	Mon Oct 26 23:32:38 2015 +0000	Fix aarch64 (64-bit ARM) guard on chacha_vec_arm.S.
0f9f0ead2	75885e29c	Mon Oct 26 23:26:40 2015 +0000	Fix the shared builders by exporting GCM symbols.
3f3f25d8a	eca509c8d	Mon Oct 26 21:40:04 2015 +0000	Fix constness of |gcm128_context.key|.
79680ffae	68b4e8933	Mon Oct 26 19:41:01 2015 +0000	Fix various malloc failure codepaths.
60be02762	f91fa5cfc	Mon Oct 26 18:47:51 2015 +0000	Style: fix some header guards
1b92f64b7	7227990ef	Mon Oct 26 17:58:08 2015 +0000	Fix comment style in crypto/rand/rand.c.
d5635d476	8370bfd6d	Mon Oct 26 17:50:32 2015 +0000	Fix ssl3.h / ssl.h circular dependency.
9f6b5266d	036152e6a	Mon Oct 26 17:48:24 2015 +0000	Fix typo.
036152e6a	0ea470fdb	Mon Oct 26 17:48:10 2015 +0000	Fix incorrect error-handling in BN_div_recp.
0ea470fdb	dd6fed970	Mon Oct 26 17:46:22 2015 +0000	Fix self-signed handling.
b8c1446c1	03bad147b	Tue Oct 13 18:14:26 2015 +0000	Fix comment typo in poly1305_test.txt.
20605684e	d4ebc9912	Wed Sep 30 23:59:22 2015 +0000	Fix |max_tag_len| for TLS CBC AEADs.
502ca43fc	43a58ad43	Mon Sep 28 23:17:01 2015 +0000	Fix up pkcs8.h.
43a58ad43	dbb032101	Mon Sep 28 22:40:30 2015 +0000	Fix SSL_set_session documentation comment.
c8e664b70	8c9b8783e	Thu Sep 24 22:08:50 2015 +0000	Fix several minor points noticed by Kenny.
5e4158fe1	b86b0f282	Wed Sep 23 23:57:01 2015 +0000	Fix the comment for POINT_CONVERSION_UNCOMPRESSED
b86b0f282	79c59a30b	Wed Sep 23 23:56:40 2015 +0000	RT 3493: fix RSA test
306ece31b	c71567dd5	Fri Sep 18 19:30:09 2015 +0000	Fix some malloc failure crashes.
1ac08feed	2079ee70c	Tue Sep 15 23:22:07 2015 +0000	Fix SSL and SSL_CTX ex_data variable names.
2079ee70c	1f5e9456a	Tue Sep 15 23:19:57 2015 +0000	Fix minor documentation mistake.
361ecc023	ee0c82789	Mon Sep 14 23:31:43 2015 +0000	Replace skipPast with strings.TrimPrefix.
c99807d84	626c68601	Mon Sep 14 22:25:17 2015 +0000	Tidy up dtls1_hm_fragment_new and fix (unreachable) memory leak.
6fad7bc58	c0125ef8f	Fri Sep 11 20:56:53 2015 +0000	Some documentation fixes.
c0125ef8f	a0a8dc208	Wed Sep 9 17:56:59 2015 +0000	Fix SSL_CIPHER_is_AESGCM.
809829ee9	65703b45c	Thu Sep 3 18:37:14 2015 +0000	Fix a typo in PORTING.md and mention one more renego restriction.
2c99d289f	43c4d1723	Tue Sep 1 20:18:21 2015 +0000	Fix buffer size computation.
fe71f1d4a	8d100366e	Tue Sep 1 19:10:01 2015 +0000	Fix spurious bn_test failures.
8d100366e	ee0b02a10	Tue Sep 1 19:09:22 2015 +0000	Fix dsa keygen for too-short seed
aa9361bc6	885fc046a	Mon Aug 31 18:55:49 2015 +0000	Fix discarding records in bidirectional shutdown.
885fc046a	1f9f9c4b5	Mon Aug 31 18:54:17 2015 +0000	Fix memory leaks on error in x_x509a.c.
a1fadd399	8be79a335	Fri Aug 28 22:27:33 2015 +0000	Fix MSVC build.
ba13402c1	4cf369b92	Fri Aug 28 22:03:54 2015 +0000	Fix the type of ASN1_i2d_bio\'s last argument.
73415b6aa	61821bf14	Wed Aug 26 01:57:59 2015 +0000	Move arm_arch.h and fix up lots of include paths.
50485c7c0	685402fad	Mon Aug 24 20:30:06 2015 +0000	Fix a memory leak in |NCONF_free|.
55a3cf4ad	6488725e5	Wed Aug 19 00:45:42 2015 +0000	Fix documentation generation on Windows.
874586545	a6ee3de08	Mon Aug 17 20:35:10 2015 +0000	Fix a couple other leaks on failure in X509_verify_cert.
a6ee3de08	5f4de9aa8	Mon Aug 17 20:34:44 2015 +0000	Fix leak on malloc failure in X509_verify_cert.
5f4de9aa8	9e45d6e42	Mon Aug 17 20:32:51 2015 +0000	Fix pub_key comment in dh.h.
2deb98418	21cdada60	Fri Aug 7 18:21:20 2015 +0000	Fix NULL dereference in the case of an unexpected extension from a server.
21cdada60	b8a6c9e1e	Fri Aug 7 16:11:08 2015 +0000	Fix warning about unused |EVP_PKEY_METHOD.ctrl_str|.
b8a6c9e1e	02e1834bc	Fri Aug 7 16:10:41 2015 +0000	Fix CRYPTO_hwrand comment.
7b5f08edb	07bf9f69b	Fri Aug 7 00:48:03 2015 +0000	Fix null pointer dereference in file_test.cc.
906e2993a	d0e1f1ca8	Wed Aug 5 21:26:34 2015 +0000	Fix Windows build.
78fe4fd29	16f774f8b	Tue Aug 4 02:09:39 2015 +0000	Fix more warnings about old-style prototypes.
6bfdc6311	820731a2b	Wed Jul 29 21:22:59 2015 +0000	Fix NID of |EVP_CIPHER des3_cbc|.
820731a2b	a3a80b23e	Wed Jul 29 19:23:51 2015 +0000	Fix some typos in license headers.
a7278561f	a54cc0c55	Mon Jul 27 22:21:11 2015 +0000	Fix license on rsaz_exp.h.
209b25622	0c893f14c	Mon Jul 20 20:39:43 2015 +0000	Fix o2i_ECPublicKey documentation.
c4737331a	207bb4391	Thu Jul 16 20:38:54 2015 +0000	Fix typo in |HMAC_CTX_cleanup|.
7ca4b4214	4a59709ca	Mon Jul 13 20:49:18 2015 +0000	Fix Chromium NaCl build.
4a59709ca	723f3534f	Fri Jul 10 19:07:24 2015 +0000	Fix Windows build.
723f3534f	0851f6748	Fri Jul 10 18:59:49 2015 +0000	Fix shared library build.
a5e2915ba	ecdf7f998	Fri Jul 10 01:51:16 2015 +0000	Fix build on Unix systems without POSIX realtime extensions.
7ed35fb9f	2e40091dd	Mon Jul 6 19:35:44 2015 -0700	Fix my screwup in review.
6df1ac909	f3cdc5030	Mon Jul 6 19:01:48 2015 -0700	Fix Windows build.
67dc83851	b9c579db6	Tue Jul 7 01:09:45 2015 +0000	Fix ssl3_send_client_certificate state machine.
dfa4069a1	3e536334b	Thu Jul 2 00:02:27 2015 +0000	Fix MSVC build some more.
3e536334b	6a1275b62	Wed Jul 1 23:01:05 2015 +0000	Fix Windows build.
deedad123	a8653208e	Wed Jul 1 21:33:29 2015 +0000	Fix documentation typo.
cb41d7702	d13a5e15d	Wed Jul 1 19:40:04 2015 +0000	Fix kTwoPrimeKey and kSixPrimeKey samples in rsa_test.
d13a5e15d	961ad6ad2	Wed Jul 1 19:39:16 2015 +0000	Fix crypto/bytestring test for too long lengths.
be9eda4a8	705076ac9	Wed Jul 1 17:56:19 2015 +0000	Fix Renegotiate-Client-NoExt test.
b3cda6565	c0fe12cdf	Tue Jun 23 15:46:00 2015 -0700	Fix signed/unsigned warnings for MSVC.
e17d45f06	9eaf07d46	Tue Jun 23 21:20:04 2015 +0000	Restore |BIO_f_base64| from OpenSSL at b4f0d1a, modulo style fixes.
b0acb7743	d87021d24	Tue Jun 16 19:09:45 2015 +0000	Export pkcs1_prefixed_msg as RSA_add_pkcs1_prefix.
d87021d24	184494dfc	Tue Jun 16 19:07:15 2015 +0000	Fix length checks in X509_cmp_time to avoid out-of-bounds reads.
dd45e3b23	1a3c23234	Fri Jun 5 12:25:51 2015 -0700	Possible Windows build fix.
1a3c23234	e3ed21058	Fri Jun 5 19:13:31 2015 +0000	Fix build.
691992b0e	cc1e3df75	Thu Jun 4 21:59:45 2015 +0000	Minor typo fix in comment.
9a4996e35	485a50ae1	Tue Jun 2 18:15:37 2015 +0000	Fix compilation of sha256-armv4.S when using -march=armv6
049756be4	338e06771	Mon Jun 1 22:12:21 2015 +0000	Fix integer types in low-level hash functions.
bd15a8e74	15eaafb18	Fri May 29 22:59:38 2015 +0000	Fix DTLS handling of multiple records in a packet.
15eaafb18	efd8eb322	Thu May 28 17:25:41 2015 +0000	Fix bn_test\'s bc output and shut it up a little.
eb930b870	b3a7b51f1	Wed May 27 22:04:16 2015 +0000	Fix signed/unsigned warning in bn_test.cc.
b3a7b51f1	074cc0402	Wed May 27 22:03:05 2015 +0000	Fix off-by-one in BN_rand
75fb74ae9	ff81e1031	Wed May 27 21:58:27 2015 +0000	aes/asm/bsaes-armv7.pl: fix compilation with Xcode 6.3.
159081111	e76ccae68	Wed May 27 21:55:14 2015 +0000	Fix typo in valid_star.
9c0918fc3	91af02a9d	Wed May 27 21:49:08 2015 +0000	Fix typo in objects.txt
3d59e04bc	5f387e38f	Thu May 21 13:27:37 2015 -0700	Fix test used for not-in-place CBC mode.
76e48c51d	3fa65f0f0	Thu May 21 18:25:32 2015 +0000	Fix Windows mode.
3fa65f0f0	0b635c52b	Thu May 21 18:00:10 2015 +0000	Fix some malloc test crashs.
3b7456e03	b48042820	Wed May 20 21:41:00 2015 +0000	Fix some documentation typos.
12a4768f7	cb56c2a13	Wed May 20 13:42:12 2015 -0700	Try to fix MSVC and __STDC_VERSION__ again.
b3a262c9f	f0320d3c7	Wed May 20 17:44:44 2015 +0000	Fix |SSLeay|.
f0320d3c7	3dacff94d	Tue May 19 19:16:44 2015 +0000	Fix use after free in X509.
a07c0fc8f	4b27d9f8b	Thu May 14 23:02:16 2015 +0000	Fix SSL_get_current_cipher.
5694b3a84	9b68e72d1	Tue May 12 19:26:53 2015 +0000	Fix invalid assert in CRYPTO_ctr128_encrypt.
2607383e7	af3d5bd5a	Tue May 12 01:06:32 2015 +0000	Fix generate_build_files.py to account for crypto/test.
4a5982813	bc1fde320	Mon May 11 19:17:10 2015 +0000	Fix asserts in CRYPTO_ctr128_encrypt_ctr32.
d100c2498	65a7e9442	Fri May 8 13:41:58 2015 -0700	Fix doc reference to EVP_AEAD_max_overhead.
a24265cfb	9e1a66070	Wed May 6 23:25:58 2015 +0000	Fix random magic number in ssl3_output_cert_chain.
60da0cd7c	605641ed9	Wed May 6 22:55:16 2015 +0000	Fix STACK_OF pointer style.
e92d24f32	8eb65e814	Wed May 6 15:47:17 2015 -0700	Build fix.
255fa1be8	c04546981	Wed May 6 22:28:49 2015 +0000	Fix EVP_PKEY_assign_DH.
9a727c21c	517da2f1e	Tue May 5 18:30:52 2015 +0000	Remove SSL_set_tlsext_debug_callback.
f86840912	ab9017b0f	Tue May 5 00:28:44 2015 +0000	Fix SSL_get0_chain_certs.
041e4dd5e	f7535aed7	Tue May 5 00:24:59 2015 +0000	Fix ARM Clang build.
27b08e9ec	a921d550d	Tue May 5 00:20:35 2015 +0000	Fix OPENSSL_NO_ASM build and promote to a cmake build flag.
0ce78a757	2755a3eda	Mon May 4 23:17:01 2015 +0000	Fix some missing OBJ_dup failure checks.
4a6293692	dc0150fd2	Mon May 4 22:45:35 2015 +0000	aes/asm/aesni-x86.pl: fix typo affecting Windows build.
c521b305c	96ac81919	Mon May 4 22:43:58 2015 +0000	aes/asm/bsaes-armv7: fix kernel-side XTS and harmonize with Linux.
15a08fcca	1022dd3d5	Tue Apr 28 21:26:34 2015 +0000	perlasm/arm-xlate.pl update (fix end-less loop and prepare for 32-bit iOS).
0fd37062b	90da8c881	Tue Apr 28 20:55:29 2015 +0000	sha/asm/sha256-armv4.pl: fix compile issue in kernel and eliminate little-endian dependency.
9bc266e68	c85573ccd	Thu Apr 23 17:28:27 2015 -0700	Fix typo in comment for SSL_MODE_SEND_FALLBACK_SCSV.
9626f2632	83f182c6c	Thu Apr 23 01:46:15 2015 +0000	Fix logic error that was breaking OBJ_create.
3fa27774b	f0df86a1f	Mon Apr 20 18:54:37 2015 +0000	Fix some unsigned long cipher masks.
f0df86a1f	caf6b0959	Mon Apr 20 16:50:18 2015 +0000	Fix standalone build on Mac.
caf6b0959	7eaf4015f	Fri Apr 17 21:45:50 2015 +0000	runner: fix a couple of nits from govet.
7eaf4015f	92b6b0247	Fri Apr 17 17:39:38 2015 +0000	(d2i_SSL_SESSION): Fix a memory leak that occurs on error.
e65855c36	25f084631	Wed Apr 15 21:04:52 2015 +0000	Fix memory leak in ecdsa_test.
f86c199f6	b828cfde3	Wed Apr 15 03:07:07 2015 +0000	Fix Windows newline in err.h from commit 83a8298.
b828cfde3	370077824	Wed Apr 15 03:06:53 2015 +0000	Fix typos in documentation in rsa.h.
370077824	c3ef76f32	Wed Apr 15 03:06:29 2015 +0000	Fix Windows build failures caused by 310d4dd.
087e4fa47	5c366d62e	Mon Apr 13 22:06:19 2015 +0000	Fix minor stylistic issues with ssl.h.
1a9bc4412	655764a22	Mon Apr 13 20:29:05 2015 +0000	Fix standalone Windows release-mode builds.
48b3150c0	e00fc887e	Fri Apr 10 22:27:10 2015 +0000	Fix some parsing bugs in doc.go.
e00fc887e	107db5804	Fri Apr 10 22:25:59 2015 +0000	Fix typo.
0fd563970	d6405beb2	Wed Apr 8 17:32:55 2015 -0700	Fix up whitespace in headers for doc.go.
ff9c74f6f	06e516142	Tue Apr 7 00:25:17 2015 +0000	Fix bssl_shim build in MSVC.
06e516142	57581da62	Tue Apr 7 00:24:57 2015 +0000	Fix the linux_shared bot.
883e49fdd	4417d055e	Mon Apr 6 21:39:58 2015 +0000	Remove dead code in do_dtls1_write and document another bug.
72f5911a1	4d78718cd	Thu Apr 2 21:07:17 2015 +0000	Fix the standalone shared library build.
e12c4378e	5a3162a52	Wed Apr 1 18:22:23 2015 +0000	Fix leak in ssl_test.
e5a3ac2ca	8056343a5	Mon Mar 23 23:08:48 2015 +0000	Fix fail_second_ddos_callback flag.
8056343a5	b6d0c6db5	Mon Mar 23 23:08:20 2015 +0000	Fix CRYPTO_add_lock documentation.
4b1510c71	7a8e62dbd	Thu Mar 19 19:50:32 2015 +0000	Fix a failure to NULL a pointer freed on error.
7a8e62dbd	61c0d4e8b	Thu Mar 19 19:48:41 2015 +0000	Fix ASN1_TYPE_cmp
7e3b5840c	078abceb2	Thu Mar 19 19:41:28 2015 +0000	Fix more missing error checks in v3_cpols.c
8b368412d	9e13e1a31	Thu Mar 19 11:52:44 2015 +0000	Minor formatting fixes.
cdcecf546	a5a3eeb9c	Thu Mar 19 11:36:10 2015 +0000	Fix regression in ASN1_UTCTIME_cmp_time_t
ced555394	34860739d	Thu Mar 19 11:33:46 2015 +0000	Fix undefined behavior in shifts.
34860739d	859a04b7f	Thu Mar 19 11:32:45 2015 +0000	ASN.1 print fix.
859a04b7f	a9c6667ca	Thu Mar 19 11:31:03 2015 +0000	Fix missing return checks in v3_cpols.c
a9c6667ca	e30f3fb08	Thu Mar 19 11:28:48 2015 +0000	Fix asn1_item_print_ctx
c02f148fa	87b2a13a8	Thu Mar 19 11:10:27 2015 +0000	Fix error handling in bn_exp
87b2a13a8	2ddba8cd4	Thu Mar 19 11:08:50 2015 +0000	Fix seg fault in ASN1_generate_v3/ASN1_generate_nconf
330585834	f21645f4e	Thu Mar 19 11:07:45 2015 +0000	Fix wrong numbers being passed as string lengths
f21645f4e	067321502	Wed Mar 18 22:01:26 2015 +0000	Typo fix in comment.
1df63e93f	0e782a9eb	Wed Mar 18 21:17:40 2015 +0000	Fix a couple of issues with building with strict C99.
ab2a8e03d	d434f28ef	Tue Mar 17 23:58:20 2015 +0000	Fix duplicate lock IDs & simplify lock ID maintenance.
d434f28ef	1b3a95122	Tue Mar 17 23:57:02 2015 +0000	Fix bssl speed.
d53b2c3c8	4df48dd30	Tue Mar 17 19:12:54 2015 +0000	Fix out-of-bounds memory write in speed.cc.
28120a18f	dc3da9389	Sat Mar 14 00:14:40 2015 +0000	Fix mistaken use of CRYPTO_EX_INDEX_DSA in rsa.c.
bcd374570	bf0df9296	Fri Mar 13 19:17:01 2015 +0000	Fix some missing return value checks in ssl3_send_new_session_ticket.
bf0df9296	389939422	Tue Mar 10 05:28:56 2015 +0000	Fix Windows build.
5a93342fa	c4482d65d	Tue Mar 10 02:31:29 2015 +0000	Fix two unchecked mallocs in crypto/asn1.
8cb7a7c0d	7538122ca	Tue Mar 10 01:10:09 2015 +0000	Fix types of hm_header_st.
d03b5eddb	8a4ab4fc1	Tue Mar 10 00:55:22 2015 +0000	Fix some stray tabs that snuck into e_tls.c.
f46cea8cd	a4e6d4874	Fri Mar 6 18:56:57 2015 +0000	Fix the derivation of SSL3_RT_SEND_MAX_ENCRYPTED_OVERHEAD.
e023ad2d8	5f5bf6f21	Thu Mar 5 22:44:00 2015 +0000	Fix SHA-384 and -512 in NO_ASM mode.
2b48d6b7d	3f5917f32	Mon Feb 23 19:44:50 2015 +0000	sha/asm/sha1-586.pl: fix typo.
c35fb014d	776597dac	Fri Feb 13 18:43:01 2015 +0000	Fix more memory leaks on malloc failure.
3bb417820	491b9219a	Wed Feb 11 23:18:45 2015 +0000	Fix memory leak in pqueue_test.
3673be7cb	689be0f4b	Wed Feb 11 23:13:52 2015 +0000	Fix standalone build on Win64.
96396b3aa	c9a202fee	Wed Feb 11 23:11:55 2015 +0000	Fix cross-module errors.
efec193d2	32f165065	Wed Feb 11 18:43:56 2015 +0000	Fix some function parameters in OPENSSL_PUT_ERROR.
9e128b06a	2d445c092	Tue Feb 10 01:23:34 2015 +0000	Fix memory leak on malloc failure.
931ab3484	e0e7d0da6	Mon Feb 9 19:52:08 2015 +0000	Fix handshake check when False Start is used with implicit read.
1eed2c0e4	42ca3a462	Mon Feb 9 19:39:41 2015 +0000	Fix some unchecked mallocs.
42ca3a462	4e04ee878	Fri Feb 6 20:56:18 2015 +0000	Fix memory-leak in evp_test.
2683af70e	a84f06fc1	Tue Feb 3 01:03:59 2015 +0000	Fix typo and ASN.1 tag number range comment in bytestring.h.
64b17ccf1	23343e4b1	Mon Feb 2 16:30:27 2015 -0800	Fix patch collision of d062c8af and 2b2d66d4.
23343e4b1	d062c8afb	Mon Feb 2 19:56:13 2015 +0000	Fix AES-256 NIDs.
0bb81fcd6	ab21891e3	Fri Jan 30 22:31:00 2015 +0000	Fix misleading comment.
be629e0e9	911575500	Fri Jan 30 10:28:37 2015 -0800	Another fix for the regenerated chacha_vec_arm.S.
36eb7d5fb	53cbd6c8a	Tue Jan 27 01:38:57 2015 +0000	Fix buffer size in aead_test.c.
53cbd6c8a	bed8f7307	Tue Jan 27 01:34:54 2015 +0000	Fix unused variable warning in OPENSSL_NO_ASM build.
bed8f7307	cca4d5991	Mon Jan 26 16:34:37 2015 -0800	Fix build after mistake addressing comments in cca4d599.
2a0e72f08	df1cda345	Mon Jan 26 18:37:47 2015 +0000	Fix segfault with empty fields as last in the config.
e3b24674e	8604eda63	Mon Jan 26 18:37:01 2015 +0000	sha256-armv4.pl: fix typo.
384673ceb	cb878e20f	Thu Jan 22 19:22:39 2015 +0000	Fix tool build on Windows.
cb878e20f	07100c6e6	Thu Jan 22 19:22:33 2015 +0000	More documentation fixes.
5b082e880	d1d7d3d26	Wed Jan 14 21:50:50 2015 +0000	Various documentation fixes.
710d227da	2adb7ec28	Wed Jan 14 21:49:04 2015 +0000	Fix memory leak in SSL_new if errors occur.
af19de310	17a5f85cb	Wed Jan 14 21:48:40 2015 +0000	Fix the test async_bio in datagram mode.
95e18c52f	ca9a538aa	Mon Jan 12 22:29:10 2015 +0000	Fix DER checks for DSA_check_signature and add tests.
ca9a538aa	44e2709cd	Fri Jan 9 19:41:59 2015 +0000	Fix various certificate fingerprint issues.
44e2709cd	a83cc803b	Fri Jan 9 19:41:47 2015 +0000	Fix DTLS memory leak.
a83cc803b	7cc3f992a	Fri Jan 9 02:49:10 2015 +0000	Fix for CVE-2014-3570.
aac2f6a6a	0ed0cf6f3	Tue Jan 6 19:46:52 2015 +0000	Fix a compile error on Windows.
b9e0ccc65	a7f6d3c1d	Tue Jan 6 00:27:22 2015 +0000	Fix a couple of minor compiler warnings.
4841ce49a	ef5885e41	Tue Dec 16 01:51:55 2014 +0000	Fix EVP_Cipher error-handling.
63c55a8e3	1f48fba86	Sat Dec 13 15:22:21 2014 -0800	Fix memory leak on failure.
83abdd6e5	e518f65d2	Fri Dec 5 17:26:48 2014 +0000	Fixed memory leak due to incorrect freeing of DTLS reassembly bit mask
90eeb1165	edb03cf31	Thu Dec 4 00:22:14 2014 +0000	Remove SSL_set_debug.
0105ece17	94d701b7e	Tue Dec 2 20:27:57 2014 +0000	Fix standalone Windows build.
ff42cc1ea	e58a71b9b	Tue Dec 2 19:31:35 2014 +0000	Fix FALLBACK_SCSV, Channel ID, OCSP stapling, and SCTs with the generic method.
8b8c00656	65ea8ff84	Tue Dec 2 19:27:54 2014 +0000	Fix DTLS_ANY_VERSION and add tests.
65ea8ff84	95f9cfcde	Tue Dec 2 19:27:33 2014 +0000	Debug resumption connections with -debug too.
192f34b17	4e0a7e5a1	Mon Dec 1 19:06:59 2014 +0000	Fix bio_test.c build on Windows.
ae3e487d5	69a01608f	Wed Nov 19 22:17:50 2014 +0000	Fix a couple more malloc test crashes.
3087f6e59	4cd8c43e7	Fri Nov 14 18:47:41 2014 +0000	Fix garbage free on malloc failure in ec_wNAF_mul.
2f3ba910a	e18d821df	Wed Nov 12 19:39:55 2014 +0000	Fix ec_test build on Windows.
0d82482e4	f2f3cfedb	Mon Nov 10 23:09:59 2014 +0000	Fix ownership of error data in ERR_peek_*.
1df112448	525a0fe31	Mon Nov 10 23:01:07 2014 +0000	Fix memory leak in ssl3_send_client_key_exchange error handling.
6867f4854	d8138e91d	Mon Nov 10 22:45:17 2014 +0000	Remove #if 0\'d code documenting an old bug.
1a8b54909	9da9035b5	Thu Nov 6 02:03:05 2014 +0000	Fix memory leak in calling SSL_clear.
a85093f5b	ab2815eaf	Thu Nov 6 01:44:43 2014 +0000	Fix error handling in X509_PURPOSE_add and X509_TRUST_add.
ab2815eaf	4aa86f1cd	Thu Nov 6 01:40:58 2014 +0000	Fix leak in X509V3_EXT_add on error.
626fb8b75	74072ac84	Thu Nov 6 01:30:59 2014 +0000	Fix leaks in and de-macro X509_PKEY_new.
74072ac84	3f383908e	Thu Nov 6 01:29:59 2014 +0000	Fix a2i_ASN1_* leak on failure.
8b1d900c5	bc786a956	Mon Nov 3 20:52:10 2014 +0000	Fix unused variables in bn/generic.c
f44aa68a2	e92fc1812	Fri Oct 31 22:00:45 2014 +0000	Fix standalone Win64 build.
2a0f3420f	5f51c2530	Wed Oct 29 21:17:27 2014 +0000	Fix standalone bio_test and v3name_test on Win64.
8f1ef1d55	93d67d36c	Wed Oct 29 20:34:25 2014 +0000	Fix double-frees on malloc failure in ssl3_get_client_key_exchange.
491956c86	48cae0856	Wed Oct 29 20:32:45 2014 +0000	Fix ECDHE_PSK key exchange.
773bb55c6	eb380a463	Mon Oct 27 23:00:20 2014 +0000	Fix build (broken by removal of key_arg from SSL_SESSION parsing).
eb380a463	aeb8d00e7	Mon Oct 27 22:10:39 2014 +0000	Fix build on Windows.
3b73c18fc	7571292ea	Fri Oct 24 22:12:49 2014 +0000	Fix "integer constant is too large for \'long\' type" errors.
a650e0548	383117374	Mon Oct 20 19:18:53 2014 +0000	Fix pqueue_test.c memory leak.
383117374	88333ef7d	Mon Oct 20 19:05:48 2014 +0000	Fix memory leak when decoding corrupt tickets.
88333ef7d	024888995	Mon Oct 20 19:05:23 2014 +0000	Fix switching between AEAD and non-AEAD in a renegotiation.
f4b495271	5db5d4e2b	Thu Oct 9 21:04:36 2014 +0000	Fix rsa_pss_to_ctx return value.
b1659f597	57e52f2a6	Thu Oct 9 21:03:11 2014 +0000	Fix err_test.
57e52f2a6	5f1374e20	Mon Oct 6 19:30:44 2014 -0700	Fix invariant broken in 5f1374e2.
622a6db14	83e52bce3	Mon Oct 6 23:51:50 2014 +0000	Fix SHA*_Final documentation.
bce495c9f	51fcd8710	Mon Oct 6 23:50:31 2014 +0000	Fix a_{digest,verify}.c error codepaths.
51fcd8710	ad912f348	Thu Oct 2 22:45:22 2014 +0000	Fix NaCl build.
b99106a7a	66a353123	Wed Oct 1 17:24:22 2014 +0000	Fix bio_test on Windows.
66a353123	fb3ff2c66	Wed Oct 1 17:22:56 2014 +0000	Fix BIO_printf on Windows.
775b75f9d	de211dbd7	Wed Oct 1 02:01:53 2014 +0000	Fix Windows shared library build.
a9ca90abb	42e9a77c4	Tue Sep 30 22:58:21 2014 +0000	Fix ServerHello EC point format extension check.
172fc2c42	a70c75cfc	Mon Sep 15 19:02:28 2014 +0000	Fix some OPENSSL_PUT_ERROR calls.
60d612fdc	df90a6448	Wed Sep 3 19:23:25 2014 +0000	Fix ARM build with OPENSSL_NO_ASM.
120a674c0	5c24a1d6b	Tue Sep 2 23:41:22 2014 +0000	Fix the return values for most of SRTP.
f852599f1	f0fd37323	Tue Sep 2 22:42:43 2014 +0000	Fix doc.config for header files being moved.
b2cb0ece7	ed8270a55	Tue Sep 2 22:39:41 2014 +0000	Fix minor issues found by Clang\'s analysis.
ed8270a55	04dbb7f1d	Tue Sep 2 21:30:50 2014 +0000	Fix crash as server when resuming with SNI.
25c93ffc8	854dd654d	Wed Aug 27 17:41:08 2014 +0000	Fix BN_sub documentation.
912806b1b	bbac844d7	Tue Aug 26 23:30:32 2014 +0000	Fix build (broken by MD4_CTX redefine).
98ad22ec7	58f90951e	Tue Aug 26 22:07:14 2014 +0000	Fix "integer constant is too large for \'long\' type" errors.
4e99c52bf	2561dc335	Mon Aug 25 23:00:59 2014 +0000	Fix FalseStart-SessionTicketsDisabled tests.
f9b96fa49	2a0c496ab	Mon Aug 25 21:49:36 2014 +0000	Fix flipped DTLS checks.
2a0c496ab	8e16b6e65	Mon Aug 25 21:47:25 2014 +0000	Fix duplicate test name.
bd30f8e34	d0639af97	Wed Aug 20 02:07:00 2014 +0000	Remove support on both sides for *_fixed_(ec)dh client auth.
e7bf281be	389e3f0da	Tue Aug 19 19:01:15 2014 +0000	Fix (harmless) memory leak in the test harness.
389e3f0da	66c249ce9	Tue Aug 19 19:01:03 2014 +0000	Fix minor comment typos.
16c623b83	584d28cad	Wed Aug 13 17:59:59 2014 +0000	Fix of handling weak dh server keys.
f476d30de	03d31ed3e	Mon Aug 11 16:58:33 2014 -0700	Fix err_test.
ded93581f	d83f38c13	Mon Aug 11 22:10:02 2014 +0000	Windows build fixes.
90974e708	2cd63877b	Mon Aug 11 18:46:56 2014 +0000	Fixed reporting wrong function to OPENSSL_PUT_ERROR.
0fecacd46	a8e3e0e93	Fri Aug 8 17:08:41 2014 +0000	Fix protocol downgrade bug in case of fragmented packets
c3d79605a	5ba06a753	Thu Aug 7 21:13:45 2014 +0000	Fix DTLS anonymous EC(DH) denial of service
5ba06a753	0dccfbc6c	Thu Aug 7 21:11:23 2014 +0000	Fix race condition in ssl_parse_serverhello_tlsext
0dccfbc6c	abae631fb	Thu Aug 7 21:09:47 2014 +0000	Fix OID handling.
e24f686e3	8506609ca	Thu Aug 7 21:09:21 2014 +0000	Same fix as in dtls1_process_out_of_seq_message.
8506609ca	e951ff4fc	Thu Aug 7 21:09:12 2014 +0000	Fix return code for truncated DTLS fragment.
e951ff4fc	2306fe5ff	Thu Aug 7 21:09:00 2014 +0000	Fix memory leak from zero-length DTLS fragments.
2306fe5ff	3873f6f33	Thu Aug 7 21:08:49 2014 +0000	Fix DTLS handshake message size checks.
8e89e6455	4518d3920	Thu Aug 7 18:09:01 2014 +0000	bytestring: fix ASN.1 data longer than 127 bytes.
bf681a40d	993fde516	Wed Aug 6 00:11:47 2014 +0000	Fix out-of-bounds read in BN_mod_exp_mont_consttime.
734fca089	95fcaa4f4	Tue Aug 5 18:07:32 2014 +0000	Fix memory leak in ssl3_get_cert_verify.
95fcaa4f4	dd1c246f7	Tue Aug 5 18:07:13 2014 +0000	Fix server-side ClientHello state machine.
dd1c246f7	aa4efe766	Mon Aug 4 22:34:50 2014 +0000	Fix C99-ism in bio_test.c.
aa4efe766	a59fbb0ed	Mon Aug 4 21:11:21 2014 +0000	Fix BIO_printf crash on Mac.
cf052cf73	581a17f5c	Fri Aug 1 17:17:21 2014 +0000	Fix build for PNaCl.
581a17f5c	31ebde9e5	Thu Jul 31 19:24:57 2014 -0700	Fix typo from eb7d2ed1.
60d4c0e81	1d8adf18d	Thu Jul 31 18:56:34 2014 +0000	Fix "type qualifiers ignored on function return type" errors.
1d8adf18d	ad1907fe7	Thu Jul 31 18:54:51 2014 +0000	Fix CPU architecture detection on BSDs.
a3d21e210	44dbcc080	Tue Jul 29 19:44:50 2014 -0700	Fix copy in AES-KW.
61b66ffcc	59b3a728d	Wed Jul 30 00:34:55 2014 +0000	Fix error-handling bugs.
59b3a728d	b70da6a24	Wed Jul 30 00:34:23 2014 +0000	Fix some DTLS alerts.
b70da6a24	5129e2d69	Wed Jul 30 00:33:49 2014 +0000	Fix mis-sized allocation in x509_vpm.c
482b4f189	4b5979b3f	Mon Jul 28 17:05:14 2014 -0700	Fix DTLS certificate requesting code.
43dca4d8b	e3142a788	Mon Jul 28 17:05:13 2014 -0700	fix x86_64-specific crash with one-word modulus.
d33cbb583	7578f3f0d	Mon Jul 28 17:05:13 2014 -0700	sha512-x86_64.pl: fix linking problem under Windows.
3e1488555	46cfb0e4e	Mon Jul 28 17:05:13 2014 -0700	Fix memory leak.
b351d8387	9036c2661	Mon Jul 28 17:05:12 2014 -0700	bn/asm/rsaz-avx2.pl: fix occasional failures.
29b629284	7893c008e	Mon Jul 28 17:05:12 2014 -0700	Fix OID encoding for one component.
7893c008e	ac71c0952	Mon Jul 28 17:05:12 2014 -0700	Memory leak and NULL dereference fixes.
7e3305eeb	c3e431762	Mon Jul 28 20:31:56 2014 +0000	Fix False Start without session tickets.
0eb5a2df4	0aa076734	Sat Jul 26 02:56:37 2014 +0000	Fix tls1_get_curvelist default curves list size.
794bf6e0c	77a942b7f	Fri Jul 25 00:43:21 2014 +0000	Fix OAEP with non-SHA hash functions.
b61b4de6d	42be6456c	Wed Jul 23 15:31:24 2014 +0000	Fix runner.go session ticket support.
b5d725df6	e77dff61b	Fri Jul 18 17:07:19 2014 +0000	Fix limit checks in RSA padding functions.
6defe177f	515ee12d6	Fri Jul 18 00:52:51 2014 +0000	Fix typo in DTLS-SRTP extension parsing.
7b35b58ae	045cc5590	Thu Jul 17 17:32:45 2014 +0000	Fix EVP_DecodeBlock and add tests.
2e52121ac	8750fe58f	Wed Jul 16 18:54:06 2014 +0000	Fix magic SSL reason codes.
8750fe58f	8f3234b2c	Wed Jul 16 18:14:32 2014 +0000	base64: fix underflow in EVP_EncodeBlock.
8f3234b2c	407a10cf4	Wed Jul 16 17:11:47 2014 +0000	Fix another flipped condition.
407a10cf4	0cc81ff04	Wed Jul 16 17:07:15 2014 +0000	Fix parsing of CertificateRequests.
1c375dda8	d26aea6c9	Mon Jul 14 20:50:09 2014 +0000	Add UnauthenticatedECDH bug test.
0c49ec97f	5235f74bc	Mon Jul 14 20:49:39 2014 +0000	Fix potential memory leak.
5235f74bc	55bbdb71b	Mon Jul 14 20:49:26 2014 +0000	Fix algorithm_auth and SSL_k* mismatch.
e09170f8f	7bf334a9f	Fri Jul 11 18:16:35 2014 +0000	Fix OPENSSL_PUT_ERROR typos.
9b561e69b	0e2908a80	Thu Jul 10 02:10:47 2014 +0000	Fix EVP_PKEY_FLAG_AUTOARGLEN behavior.
9d28c7577	b9621b9c1	Mon Jul 7 20:32:38 2014 +0000	Fix some OPENSSL_PUT_ERROR calls.
8af663956	197b3abaa	Wed Jul 2 22:55:24 2014 +0000	Fix leak in ssl_parse_clienthello_use_srtp_ext.
325b5c366	7ac79ebe5	Wed Jul 2 00:30:29 2014 +0000	Fix FallbackSCSV test.
5d17dd64c	389110ae8	Mon Jun 30 14:22:32 2014 -0700	Very minor BN fixes.
389110ae8	d7e23c17a	Thu Jun 26 17:46:27 2014 -0700	DTLS: fix memory leak when allocation fails.
54cdd120a	3f4e13c7d 30eda1d2b	Tue Jun 24 18:01:32 2014 +0000	Merge "Include some build fixes for OS X."
30eda1d2b	95463b311	Tue Jun 24 11:15:12 2014 -0700	Include some build fixes for OS X.
3f4e13c7d	95463b311	Tue Jun 24 11:00:27 2014 -0700	Fix GCM in non-AESNI mode.
956665b32	8241005bf	Fri Jun 20 13:17:42 2014 -0700	sha1-x86_64.pl: add missing rex prefix in shaext.
4c65f3a2f	006779a02	Fri Jun 20 13:17:42 2014 -0700	Fix off-by-one errors in ssl_cipher_get_evp()
0fbf33a69	e044fe4bc	Fri Jun 20 13:17:42 2014 -0700	Fixed incorrect return code handling in ssl3_final_finish_mac.
e044fe4bc	8314351bc	Fri Jun 20 13:17:42 2014 -0700	Fix null pointer errors.
6acf476eb	bed2214b3	Fri Jun 20 13:17:41 2014 -0700	Make tls_session_secret_cb work with CVE-2014-0224 fix.
bed2214b3	ce7f9caa9	Fri Jun 20 13:17:41 2014 -0700	Fix for CVE-2014-0195
ce7f9caa9	ec48ffc1f	Fri Jun 20 13:17:41 2014 -0700	Fix for CVE-2014-0224
895780572	d06eddd15	Fri Jun 20 13:17:41 2014 -0700	Fix CVE-2014-0221
d06eddd15	b7bf53c80	Fri Jun 20 13:17:41 2014 -0700	Fix CVE-2014-3470
3a54f9e01	a09d2127e	Fri Jun 20 13:17:41 2014 -0700	Delays the queue insertion until after the ssl3_setup_buffers() call due to use-after-free bug.
dc160f84f	3e449b1b0	Fri Jun 20 13:17:40 2014 -0700	Fixes to host checking.
45fb1eca0	041240485	Fri Jun 20 13:17:40 2014 -0700	Sync with upstream\'s fix for PR#3321.
f77452c57	c8e91d579	Fri Jun 20 13:17:40 2014 -0700	fix coverity issue 966597 - error line is not always initialised
eceb33d3a	6a57f9219	Fri Jun 20 13:17:40 2014 -0700	bignum: fix boundary condition in montgomery logic
4a35a93a1	548523fd5	Fri Jun 20 13:17:40 2014 -0700	Fix use after free.
548523fd5	56475207b	Fri Jun 20 13:17:40 2014 -0700	Extension checking fixes.
45ba42a94	dacb502cf	Fri Jun 20 13:17:39 2014 -0700	vpaes-[x86_64|ppc].pl: fix typo, which for some reason triggers rkhunter.
db4f9521b	64c222331	Fri Jun 20 13:17:39 2014 -0700	Fix memory leak with client auth.
bd97c20c7	9f61d7f4a	Fri Jun 20 13:17:39 2014 -0700	sha/asm/sha512-x86_64.pl: fix compilation error on Solaris.
c83b1ceae	f669c2d91	Fri Jun 20 13:17:38 2014 -0700	x509/by_dir.c: fix run-away pointer.
80842bdb4	cd8128d61	Fri Jun 20 13:17:37 2014 -0700	Fix test of first of 255 CBC padding bytes.
01797e309	aed2306b9	Fri Jun 20 13:17:37 2014 -0700	psk_client_callback, 128-byte id bug.
64bda23ca	c3174b7b2	Fri Jun 20 13:17:36 2014 -0700	Base64 padding fix.
c6c8ae8fa	0289c7305	Fri Jun 20 13:17:36 2014 -0700	Fix use-after-free after a deferred alert.
0289c7305	aeb088ac0	Fri Jun 20 13:17:36 2014 -0700	Fix TLS-PSK identity hint implementation issues.
aeb088ac0	a5dc545bb	Fri Jun 20 13:17:36 2014 -0700	EC infinity fix.
b0c235ed3	297077968	Fri Jun 20 13:17:36 2014 -0700	TLS extension limit check fixes.
7d0a1d680	f71a27920	Fri Jun 20 13:17:34 2014 -0700	Fix padding side-channels.
f71a27920	27ae9ed77	Fri Jun 20 13:17:34 2014 -0700	Fix EC crash.
