b'46f3d82	084c866	Tue Jul 25 16:16:52 2023 +0100	esp-idf: Fix compiler warning
9763b3a	4c879a5	Sat Jul 22 09:27:00 2023 +0100	Documentation: Fix typos
15473b0	4f164dc	Thu Jul 20 15:25:05 2023 +0100	layers: Update coap_layer_func_t function names to be prefixed with l_
90c1a98	b26ef52	Wed Jul 19 09:50:05 2023 +0100	Logging: Fix COAP_MAX_LOGGING_LEVEL == 0 compile errors
39e4469	8b5356f	Mon Jul 17 15:41:02 2023 +0100	src/coap:debug.c: Fix broken printing of Content-Format:
8b5356f	d17f47a	Mon Jul 17 09:45:10 2023 +0100	esp-idf: Fixes for ESP-IDF environment
4dc295f	7a5d13a	Mon Jul 17 09:43:07 2023 +0100	Fix potential index out of bounds
c46f9ca	a71b793	Thu Jul 13 09:27:53 2023 +0100	coap_tinydtls.c: Fix recent removal of DTLS_EVENT_RENEGOTIATE from TinyDTLS
e2910a5	8f068c0	Thu Jul 13 08:59:22 2023 +0100	naming: Rename remaining *.[ch] files that are not prefixed with coap_
1dfae51	295afa9	Wed Jun 28 10:25:51 2023 +0100	man: Fix coap_attribute() example
71b84f5	2f4b884	Thu Jun 15 18:59:54 2023 +0100	OSCORE: Fix logging entries
b3ec5b8	ed295ac	Fri Jun 9 12:07:10 2023 +0100	Windows: Fix resolve issues / remove warnings
82bf1f0	04f3a4a	Wed May 24 08:49:26 2023 +0100	documentation: Fix bad url and hyperlink the RFCs
04f3a4a	08cbda8	Tue May 23 14:54:55 2023 +0100	coap_oscore.c: Fix ASan detected global-buffer-overflow bug
6f79db0	1cb29b6	Tue May 16 12:03:19 2023 +0100	coap-client.c: Fix Uri-Host option setting
1cb29b6	dbf78b5	Tue May 16 12:01:59 2023 +0100	net.c: Fix building without TCP enabled for EPOLL configured code
9d66e47	b9d53ed	Fri May 5 12:00:33 2023 +0100	coap_debug.c: Split out coap_print_ip_addr() from coap_print_addr()
b9d53ed	8869e97	Fri May 5 10:35:39 2023 +0100	keepalive: Fix timeouts when network issues
8869e97	e05af0d	Fri May 5 09:49:06 2023 +0100	websockets: fix typo in configuration
46aa576	77cfb9c	Mon May 1 10:13:07 2023 +0100	coap_session.c: Fix handling of COAP_NACK_ICMP_ISSUE disconnects
712255e	c4ce403	Mon Apr 24 09:54:34 2023 +0100	mid: Add leading zeros to mid= reporting for ease of debugging
c4ce403	ca609d2	Mon Apr 24 09:53:39 2023 +0100	coap_pdu_duplicate: Revert and fix previous change
5c11bc5	8ccde06	Thu Apr 13 10:13:54 2023 +0100	coap_ws.c: Fix coap_ws_is_supported() check for GnuTLS
3133a1e	281f121	Tue Apr 11 20:54:53 2023 +0100	oscore.h: Fix misspelling of Environment
53615f5	00e4510	Tue Apr 4 19:35:09 2023 +0100	coap_encode.c: Fix coap_flsll() for negative numbers
00e4510	e242200	Tue Apr 4 19:33:16 2023 +0100	net.c: Fix critical option checking
e242200	6cd2ecb	Mon Apr 3 17:29:55 2023 +0100	net.c: Fix potential overflow in coap_send_internal()
da64594	305c400	Sun Mar 26 18:53:37 2023 +0100	coap-server.c: Fix scheme hint type tracking
305c400	c041af0	Fri Mar 24 12:53:59 2023 +0000	LwIP: Fix git clone url
e957650	ecf07b5	Wed Mar 15 09:02:11 2023 +0000	block.h/pdu.h: fix misspellings of "already"
7d76228	6315c1a	Mon Mar 13 20:05:18 2023 +0000	MacOS: Fix compile warnings
6315c1a	28c8a95	Mon Mar 13 19:44:14 2023 +0000	doxygen: Fix out of tree error and refresh Doxyfile
43b968d	4a6a99f	Mon Mar 6 12:10:43 2023 +0000	netif: Fix errno tracking and GnuTLS stream read error handling
600eb78	9654c3f	Sat Feb 25 13:36:57 2023 +0000	net: fix coap_log_warn() in coap_send()
2390abf	5465266	Fri Feb 24 14:37:07 2023 +0000	coap_io_contiki.c: Fix coap_network_read
40b7624	78304f4	Thu Feb 23 21:16:58 2023 +0000	debug.c: replace \'in_port_t\' with \'uint16_t\'
78304f4	786149f	Fri Feb 10 20:35:32 2023 +0000	file prefix: Update more file names to have coap_ prefix
95efc52	79c6670	Thu Feb 9 09:47:14 2023 +0000	file prefix: Update more file names to have coap_ prefix
24d2646	47a8354	Tue Feb 7 12:02:16 2023 +0000	block.c: Fix lg_xmit pdu\'s extended token in coap_add_data_large_internal()
088fff1	7aa003b	Mon Dec 26 10:49:20 2022 +0000	coap-client.c: Fix case when no host is specified in the URI
be40b1f	19841c2	Tue Dec 13 20:29:32 2022 +0000	block.c: Fix missing coap_log() updates from a merge
2c61bf1	349a0db	Fri Dec 9 14:53:20 2022 +0000	Reliable: Fix usage of PDU type and mid
89222d0	1ef1cc2	Thu Dec 1 19:05:22 2022 +0000	Spelling: Fix typo resouce -> resource
1ef1cc2	ea678ee	Thu Dec 1 19:05:22 2022 +0000	Spelling: Fix typo interator -> iterator
ea678ee	2221a53	Thu Dec 1 19:05:22 2022 +0000	Spelling: Fix typo determing -> determining
2221a53	73b5918	Thu Dec 1 19:05:22 2022 +0000	Spelling: Fix typo compatability -> compatibility
8a40fcc	d8d9101	Wed Nov 23 15:42:47 2022 +0000	options: Update documentation and fix incorrect function usage
96c774d	74f1858	Tue Nov 22 08:59:22 2022 +0000	coap-server.c: Fix async query updating delay
972eecf	3126102	Fri Oct 21 20:45:04 2022 +0100	LwIP: Fix unused parameter compiler warnings
3126102	bbf098a	Thu Oct 20 17:00:44 2022 +0100	includes: Prefix more header files with coap_ to prevent name clashes
d09d568	dc66470	Wed Oct 12 21:38:42 2022 +0100	coap.txt.in: Fix missing references and hyperlink RFC references
149fe74	c057244	Wed Oct 12 11:08:21 2022 +0100	coap_openssl.c: Fix CA memory leak
c057244	6a633e3	Wed Oct 5 09:22:50 2022 +0200	uri.c: Fix oss-fuzz issue 48362
692c06d	de1bc9f	Tue Sep 27 10:37:38 2022 +0100	build: Fix client and server only builds
ab94885	144f9c4	Fri Sep 2 13:00:51 2022 +0200	Doxygen: Fix missing links for later versions of asciidoc
5f0eea8	ea89cb8	Tue Aug 23 08:43:38 2022 +0200	coap_session.c: Fix adding NULL pointer on error in coap_new_server_session()
ea89cb8	922e81a	Mon Aug 22 15:31:11 2022 +0200	coap_cache.txt.in: Fix typo in function name
bc4c750	b8f01ce	Mon Aug 8 10:16:32 2022 +0100	coap_mbedtls.c: Fix output type of a log message
dc92fe5	347270b	Fri Jul 1 13:29:06 2022 +0100	coap.h.windows.in: Fix missing file renames
347270b	8b9377e	Fri Jul 1 11:36:26 2022 +0100	file naming: Rename files to have coap_ prefix
8b9377e	e8052b3	Mon Jun 27 14:00:24 2022 +0200	coap_mbedtls.c: Fix memory leak
e8052b3	f93b9a3	Mon Jun 27 13:19:18 2022 +0200	resource.c: Further fix making subscribers iteration safe
7356519	132c726	Tue Jun 21 15:13:54 2022 +0100	block.c: Fix error handling with Block transfers
fe51d33	6046dcb	Tue Jun 21 10:26:40 2022 +0100	lwip: Fix minor issues
6046dcb	20f15a1	Fri Jun 17 16:42:45 2022 +0200	net.c: Fix broken client only build
6649bde	50128de	Tue Jun 7 16:22:37 2022 +0200	net.c: fix null pointer exception
428f759	50128de	Tue May 24 10:36:18 2022 +0100	coap_mbedtls.c: Fix coap_rng() return for 3.x code
abbe3ed	7404ee1 aa391b5	Fri May 6 14:47:39 2022 +0200	Merge pull request #795 from mrdeep1/async_fix
13f5336	0691f4f 9cbe575	Fri May 6 12:10:20 2022 +0200	Merge pull request #844 from mrdeep1/mutex_fix
d57d44a	eb76568	Thu Apr 7 09:42:27 2022 +0100	block.c: Fix data leak in coap_add_data_large_internal
fe0f4ba	6afee4a c8458f2	Fri Mar 4 08:31:36 2022 +0100	Merge pull request #835 from mrdeep1/mbedtls_fix
c8458f2	6afee4a	Thu Mar 3 22:02:51 2022 +0000	coap_mbedtls.c: Fix return brace location
6afee4a	0ae4d62 583c29f	Thu Feb 24 08:42:21 2022 +0100	Merge pull request #807 from mrdeep1/mbedtls_tcp_fixes
9727399	ee171b2 b42c184	Mon Feb 21 17:41:49 2022 +0100	Merge pull request #832 from obgm/fix-block2-nullref
b42c184	0f76881	Mon Feb 21 14:10:16 2022 +0100	block.c: Fix possible null-pointer dereference
0f76881	ce88036	Mon Feb 21 13:04:49 2022 +0100	autogen.sh: Fix missing file ar-lib
bd9ced5	ba585f8	Wed Feb 9 16:51:39 2022 +0000	pdu.c: Fix coap_insert_option with delta = 269
a2e0046	afb4f2b	Wed Feb 9 16:32:00 2022 +0100	[OSS-Fuzz] pdu_parse_target.c: Fix compiler warning
aaf6115	1fceff7	Mon Feb 7 14:46:46 2022 +0000	proxy_uri: Fix handling the resource for uri path in Proxy-Uri
0a16d79	2a329e1	Sat Jan 1 13:26:08 2022 +0000	cmake_coap_config.h.in: Fix definitions for when building with tinydtls
38bffb7	cca9c85	Mon Dec 13 10:04:49 2021 +0000	configure.ac: Fix have mbedtls lib, but no mbedtls-dev issue
cca9c85	7d6903d 694a205	Wed Dec 8 15:59:33 2021 +0100	Merge pull request #737 from mrdeep1/proxy_fix
694a205	7d6903d	Wed Dec 8 11:09:15 2021 +0000	coap-server.c: Fix proxy response type and code
7d6903d	c83c770 3f5ec54	Tue Dec 7 13:20:24 2021 +0100	Merge pull request #784 from mrdeep1/cache_fix
8acd058	df9071c e43cf93	Mon Dec 6 19:11:53 2021 +0100	Merge pull request #740 from mrdeep1/block_fix
a7f53b4	0061b3f	Tue Sep 28 12:10:04 2021 +0100	coap_debug.h: Allow <syslog.h> to be included before and after <coap3/coap.h>
94b297a	ca44071	Tue Sep 21 17:20:37 2021 +0530	coap_mbedtls.c: Fix build fail for client only mbedtls
54dbc3e	05e7f12	Wed Sep 1 09:34:47 2021 +0200	[RIOT] coap_time.h: fix COAP_TICKS_PER_SECOND for undefined XTIMER_HZ
25a5990	0585fb4	Tue Aug 31 16:10:42 2021 +0100	doxygen: Fix summary output for manual pages
12eb676	a075447 a1d78d5	Mon Aug 2 12:04:20 2021 +0200	Merge pull request #736 from mrdeep1/tiny_fix
a1d78d5	a075447	Mon Aug 2 10:09:21 2021 +0100	tiny.c: Fix message id generation
67f189f	a075447	Mon Aug 2 09:21:03 2021 +0100	CMakeLists.txt: Fix macOS builds by checking for if_nametoindex support
a075447	320a1e6 b0ca3ae	Fri Jul 30 17:56:23 2021 +0200	Merge pull request #729 from mrdeep1/observe_fix
77d1aae	1da37b9	Tue Jun 22 19:57:23 2021 +0200	Fix condition for MBEDTLS_INCLUDE_DIRS
9447930	60421db	Mon Jun 14 13:04:35 2021 +0100	async: Fix building with \'./configure --disable-async\'
7cff27f	ccefb06	Tue Jun 8 09:00:33 2021 +0100	examples: Fix RPM Package Manager complaining about duplicate objects
a9a0a3a	73628f5	Tue May 25 11:08:55 2021 +0100	coap_gnutls.c: Fix memory leak in cert_verify_gnutls()
90537d1	ead82c4	Tue May 25 10:25:00 2021 +0200	resource.c: Fix memory leak in coap_add_observer()
b71674e	f4e90cd	Mon May 24 12:10:46 2021 +0100	coap_gnutls.c: Fix if typo causing certificate not to be checked
cc1a61d	f4e90cd	Sun May 23 18:35:20 2021 +0100	pdu.c: Fix coap_insert_option()
2991da5	4257045	Thu May 20 17:27:02 2021 +0200	doc/Makefile.am: Fix target dist
b694c4f	fb40a23	Thu May 20 13:28:44 2021 +0100	coap-rd: Fix coap_str_const_t deallocate errors
d60583d	77b7351 4999f81	Wed May 19 09:50:06 2021 +0200	Merge pull request #670 from mrdeep1/pkcs11_fixes
4999f81	77b7351	Wed May 12 18:07:03 2021 +0100	PKCS11: Fix -C ca option
7b26b2e	30fead8 7e91772	Tue May 11 15:16:32 2021 +0200	Merge pull request #676 from mrdeep1/tinydtls_asn1_fix
7e91772	30fead8	Fri May 7 14:30:52 2021 +0100	coap_tinydtls.c: Fix ASN1 when calling validate_cn_call_back
4ff2d85	f6eede8	Thu Apr 29 13:47:12 2021 +0200	CMakeLists.txt: fix include path for coap-rd
f6eede8	aa09d1f	Thu Apr 29 13:16:10 2021 +0200	examples/Makefile.am: fix include path
dbaf580	c99b39f	Thu Apr 29 11:39:02 2021 +0100	examples: Fix truncated usage() output
ff7a027	9cb4b7f	Tue Apr 27 21:43:54 2021 +0100	libcoap-3.map: Fix missing update
14cf0fe	7d23138	Mon Apr 26 16:52:14 2021 +0100	struct: Remove struct prefix for structures that are typedef\'d
7d23138	3e6f8d2	Mon Apr 26 17:42:06 2021 +0200	Typo: Fix misspelled word returs
3e6f8d2	8c4a566	Mon Apr 26 17:42:06 2021 +0200	Typo: Fix misspelled word vesion
23f8a53	4c516f8	Thu Apr 22 16:47:35 2021 +0100	Nits: Fix documentation
3b277a0	4f64a54	Thu Apr 22 10:34:04 2021 +0100	cmake: Fix missing directories error
44ee010	39b75f8	Thu Apr 22 07:22:37 2021 +0100	Coverity: Fix CDI 1503967
b2e2b02	2e54ca5	Wed Apr 21 14:23:14 2021 +0100	coap3: Fix some remaining coap2
ac7ad8c	b38eecc	Tue Apr 20 20:08:03 2021 +0100	lwip: Fix compiler warnings
acb4f91	04c641f	Tue Apr 20 15:55:59 2021 +0200	test_pdu.c: fix type warnings
9e3ba50	fd5ecf5	Tue Apr 20 14:15:51 2021 +0200	coap_dtls.h: Fix doxygen warning
ea1deff	d9ff2f0 57eb114	Tue Apr 20 08:35:32 2021 +0200	Merge pull request #647 from mrdeep1/travis_fix
50499fb	d9ff2f0	Mon Apr 19 11:14:03 2021 +0100	Nits: Fix minor issues
57eb114	d9ff2f0	Sat Apr 17 19:36:03 2021 +0100	[CI]: Fix travis builds
c1cf1a9	d9ff2f0	Sat Apr 17 15:31:29 2021 +0200	CMakeLists.txt: Fix interface export when DTLS is off
6d8aaa9	c2e7b42	Thu Apr 15 12:04:56 2021 +0200	scripts/api-version-bump.sh: fix missing file
60dd7aa	4426fa2	Thu Apr 8 14:32:20 2021 +0200	[LWIP] Makefile: Fix include path for lwippools.h
e7bcd53	4cab59d	Wed Apr 7 11:40:06 2021 +0100	esp-idf: Fix for esp-idf builds
7b9f7db	4cab59d	Sat Mar 27 12:41:07 2021 +0000	nits: Fix runtime warnings
b32ef3f	7906bcf	Thu Mar 18 13:16:25 2021 +0000	win32/libcoap.sln: Fix Debug DLL build issue
1d300a6	d3cb5f4 48a6803	Wed Mar 17 17:48:41 2021 +0100	Merge pull request #615 from mrdeep1/block2_fix
d3cb5f4	a713c40 7b8bd13	Wed Mar 17 17:41:13 2021 +0100	Merge pull request #618 from mrdeep1/nit_fixes
74342ab	ae752e9	Wed Mar 17 11:17:18 2021 +0000	Coverity: Fix scan issues
7b8bd13	ae752e9	Mon Mar 15 16:01:21 2021 +0000	General: Fix minor issues
48a6803	ae752e9	Wed Mar 10 13:12:45 2021 +0000	Block2: Fix ordering issue when calling coap_add_data_large_response()
6965d40	4efb04d e2c8df1	Mon Mar 8 18:34:17 2021 +0100	Merge pull request #610 from mrdeep1/large_block_fix
f930b0a	25db741	Mon Mar 1 18:18:09 2021 +0100	pdu.c: Fix length check in write_{prefix,char}
25db741	34b8484	Mon Mar 1 18:15:44 2021 +0100	Revert "pdu.c: Fix length check in write_{prefix,char}"
34b8484	dc888cb	Mon Mar 1 18:07:37 2021 +0100	pdu.c: Fix length check in write_{prefix,char}
c8ab318	2360058	Mon Mar 1 15:47:55 2021 +0000	Ubuntu 20.4: Fix builds as Ubuntu 20.4 will be used by github workflows
2360058	f5def1a 7c7b15f	Mon Mar 1 16:17:19 2021 +0100	Merge pull request #605 from mrdeep1/ack_response_fix
7c7b15f	f5def1a	Mon Mar 1 13:17:21 2021 +0000	net.c: Fix side effect from merging 2 PRs
85c6e00	9f1d96a 6694006	Fri Feb 26 09:16:43 2021 +0100	Merge pull request #602 from mrdeep1/fix_rebase
757ca19	9f1d96a	Fri Feb 26 08:13:43 2021 +0000	pdu.c: Output debug information for broken CoAP Options
35dbc32	7c54bd7 9de0ff3	Wed Feb 24 09:14:42 2021 +0100	Merge pull request #577 from mrdeep1/observer_fix
b0d46de	9b45575	Sat Feb 13 10:57:34 2021 +0000	coap_prng.c: Fix missing coap_prng_impl function.
9b45575	85b45e0 3e437e6	Fri Feb 12 15:28:24 2021 +0100	Merge pull request #586 from timgates42/bugfix_typo_updated
f681525	238fded	Wed Jan 13 15:56:28 2021 +0100	coap-server.c: fix typecast warning for verify_cn_callback
238fded	7e6b2a9	Wed Jan 13 15:34:09 2021 +0100	pdu.c: fix heap overflow in coap_pdu_parse_opt()
ad01c1d	f29f053	Wed Jan 6 10:47:24 2021 +0800	Fix some compile error in windows visual studio
3e437e6	f29f053	Sun Dec 20 07:32:03 2020 +1100	docs: fix simple typo, udated -> updated
9de0ff3	f29f053	Tue Dec 8 16:38:25 2020 +0000	Observe: Fix coap_free_context() assert when active observe
05f6f8d	ae9429f	Fri Nov 13 17:00:19 2020 +0000	cmdline_read_user: Fix NULL terminating code
ae9429f	9e0fe9a	Fri Nov 13 09:25:20 2020 +0100	coap_debug.c: Check value of COAP_DEBUG_BUF_SIZE
9e0fe9a	471b171 767c707	Fri Nov 13 08:26:27 2020 +0100	Merge pull request #469 from mrdeep1/debug_buf_size
767c707	471b171	Thu Nov 12 15:41:54 2020 +0000	coap_debug.c: Make the PDU debug output amount fully configurable by a -D option
b1ee9c8	4ca959c	Tue Oct 20 13:16:00 2020 +0200	options: fix integer overflow in option parser
f52ef9a	4ca959c	Fri Oct 16 05:16:57 2020 -0400	coap_add_option: Fix code rebase logging level issue
f00be55	af06770	Tue Sep 15 10:10:11 2020 +0200	net.c: Fix fail_cnt reset on empty ACK
24ce742	ffc1979 ce4c266	Wed Sep 9 17:24:55 2020 +0200	Merge pull request #513 from mrdeep1/gnutls_fix
ce4c266	ffc1979	Wed Sep 9 14:41:33 2020 +0100	coap_gnutls.c: Fix issues found with interoperability testing
63665a6	e74fc73	Thu Jul 23 14:30:19 2020 +0100	cmake: Fix builds with new TinyDTLS
098fa85	448e08a 88151d3	Tue Jun 30 14:04:20 2020 +0200	Merge pull request #512 from mrdeep1/tcp_fixes
784c2dd	c98cc23	Fri Jun 19 16:49:13 2020 +0200	coap-server.c: fix memory leak in hnd_unkown_put()
c98cc23	48dc453	Fri Jun 19 16:42:42 2020 +0200	net.c: fix memory leak for query in handle_request
48dc453	ec3dfda	Fri Jun 19 16:27:51 2020 +0200	resource.[hc], net.c: fix use after free for query string
ec3dfda	da38169	Fri Jun 19 16:13:50 2020 +0200	coap-server.c: Fix memory leak in hnd_put()
9c64e90	f97a7c5	Fri Jun 19 15:19:08 2020 +0200	net.c: fix check_return false positive from Coverity
e66b2ae	e0cc7eb	Fri Jun 19 15:09:35 2020 +0200	DTLS: Fix identity length checking
e0cc7eb	04958a1	Fri Jun 19 15:09:35 2020 +0200	net.c: fix possible derefence after null errors
a40adc8	04958a1	Tue Jun 16 10:05:23 2020 +0200	net.c: fix possible derefence after null check
93e75e4	a78c753	Sun May 10 20:18:38 2020 +0200	[RIOT] coap_debug.h: define missing log levels
a78c753	42ae470	Sun May 10 16:41:30 2020 +0200	[RIOT] coap_io_riot.c: fix timeout parameter in coap_io_process()
42ae470	93c0fcd	Sun May 10 16:41:30 2020 +0200	[RIOT] coap_io_riot.c: Fix data type of parameter timeout_ms
8559e40	43cb3c0	Thu May 7 09:44:41 2020 +0100	async: Fix session->ref assertion failure and timeout values
0608906	bc52b48 7fff532	Wed May 6 16:10:49 2020 +0200	Merge pull request #504 from mrdeep1/fix_windows_nits
bc52b48	fdffe53	Wed May 6 16:05:22 2020 +0200	CMakeLists.txt: Fix location of coap_config.h
7fff532	9040a05	Wed May 6 12:38:49 2020 +0100	Windows: Fix compiler warnings
59b7843	0e55b42	Tue May 5 21:27:44 2020 +0100	CMakeLists.txt: Fix COAP_DISABLE_TCP
81d41b8	0e55b42	Tue May 5 19:19:44 2020 +0200	mem.c: fix compiler warning for re-definition of assert
1e9900d	35b16ce 9db0ff3	Mon May 4 13:40:30 2020 +0200	Merge pull request #443 from mrdeep1/man_fix
9f604e7	3ba85d5 21e045b	Mon May 4 12:40:55 2020 +0200	Merge pull request #441 from mrdeep1/observe_fix
3ba85d5	df13ff7 ef0903a	Mon May 4 11:59:39 2020 +0200	Merge pull request #497 from mrdeep1/fix_travis_builds
ef0903a	df13ff7	Mon May 4 10:29:49 2020 +0100	travis: Fix cmake builds
ccfd3bc	0fccf2e	Wed Apr 29 09:49:28 2020 +0100	DTLS: Fix identity length checking
b7411a7	efd9b74	Fri Apr 24 20:16:11 2020 +0100	[RIOT] coap_io_riot.c: Fix session iteration
afefd95	66e6fca	Tue Feb 25 22:03:46 2020 +0000	coap_io_process: Fix 1ms busy loop and indefinite sleep
66e6fca	af6b765 4b072cd	Mon Feb 24 13:49:34 2020 +0100	Merge pull request #460 from mrdeep1/without_tcp_split_uri_fix
78ad0c2	620e6fe bf18aad	Mon Feb 24 11:20:53 2020 +0100	Merge pull request #458 from mrdeep1/esp-idf_mbedtls_fix
620e6fe	a9d5f07	Mon Feb 24 11:17:35 2020 +0100	coap_debug.c: Use length returned by print_timestamp()
a9d5f07	249fb86 f342f8a	Mon Feb 24 11:07:35 2020 +0100	Merge pull request #437 from mrdeep1/debug_timing
bb38e99	636a4df	Fri Feb 21 17:28:11 2020 +0000	Windows C4267 errors: Fix size_t conversion warnings in windows builds
bf18aad	636a4df	Fri Feb 21 17:26:46 2020 +0000	coap_mbedtls.c: Fix esp-idf build warning if client only
f342f8a	ef4c01d	Fri Feb 14 11:31:48 2020 +0000	coap_debug.c: Extend date+time to include millisecs reporting
605d56e	978b228	Sun Feb 9 18:39:07 2020 +0100	coap_free_endpoint: fix segfault with incorrect -A argument
a52cce5	69dd442 591c130	Thu Feb 6 14:40:11 2020 +0100	Merge pull request #450 from mrdeep1/con_active_fix
2a48f44	bbe620f	Thu Jan 16 15:36:28 2020 +0000	coap-rd: Fix windows build
d561151	03cc579	Mon Jan 6 16:00:20 2020 +0000	coap_gnutls.c: Fix potential spin in DTLS retransmit timeout loop
0be55e9	e186e68	Wed Dec 18 17:06:41 2019 +0000	client.c: Fix ordering of encryption selection to fix PSK
5a2fe9a	d6c25a9	Thu Nov 28 11:57:42 2019 +0000	net.c: Fix memory access after session is freed
d6c25a9	39592e8	Fri Nov 8 11:17:54 2019 +0100	coap-server.c: Fix warnings on 32-bit architectures
6fc3a73	d52c266	Tue Nov 5 21:09:06 2019 +0100	configure.ac: Bump version to 4.2.1, fix spelling errors
d52c266	bb797c0	Tue Nov 5 14:07:00 2019 +0100	doc/main.md: Small fixes in documentation main page
a3361b7	7858c57 f8a6deb	Wed Oct 30 10:29:07 2019 +0100	Merge pull request #415 from cgudrian/fix-epoll-detection
f8a6deb	7858c57	Fri Oct 25 23:20:55 2019 +0200	Fix epoll detection
23a6daf	30583fb	Fri Sep 13 21:08:04 2019 +0100	Fix timing window in epoll logic
c5ab993	3266e6c	Thu Sep 12 11:49:26 2019 +0100	Fix Windows builds
9f9a197	f0abb2d	Thu Sep 5 13:54:05 2019 +0100	Fix -Winline compiler warnings about inlining failed
22d078a	f0abb2d	Wed Sep 4 16:37:10 2019 +0100	Fix bind() address size for Mac OS X
1fedfc8	c8da431	Fri Aug 30 17:01:25 2019 +0200	[Contiki] coap_debug.c: Fix warning about unused parameter
c8da431	34c5e52	Fri Aug 30 16:55:23 2019 +0200	coap_debug.c: Fix format truncation warning
5d32ffe	66100db	Fri Aug 30 10:29:17 2019 +0100	str.h: Fix coap_make_str_const() for C++
003b64a	16b77c3	Thu Aug 29 12:58:15 2019 +0100	Fix SIGPIPE causing unexpected exit of example applications
3531087	2309691	Fri Aug 2 15:47:56 2019 +0200	Revert "str.h: Fix coap_make_str_const() for C++"
2309691	3c91257	Fri Aug 2 13:29:42 2019 +0200	str.h: Fix coap_make_str_const() for C++
3c91257	3a25eb6	Wed Jul 31 12:22:53 2019 +0200	uri.c: Fix integer overflow in URI parser
3ec6dff	b79a43d	Fri Jul 26 12:45:59 2019 +0200	coap-server.c: Fix memory leak in hnd_put()
b79a43d	f2ce60e	Fri Jul 26 10:36:32 2019 +0200	net.c: Fix use-after-free in coap_cancel()
f2ce60e	4f91bce 388fe8f	Thu Jul 25 13:45:43 2019 +0200	Merge pull request #355 from mrdeep1/fix_common_name
cfe83f1	98954eb 3a6f9e8	Tue Jul 9 10:38:49 2019 +0200	Merge pull request #374 from mrdeep1/fix_prng_init
98954eb	aff8681 0aa8cde	Fri Jul 5 10:12:24 2019 +0200	Merge pull request #375 from mrdeep1/fix_coap_ticks
cc63387	d1642c3	Thu Jun 27 14:52:58 2019 +0100	Fix memory leak in GnuTLS client that does not have security defined
39b2505	c4aa140 ff8f8d2	Thu Jun 27 14:07:34 2019 +0200	Merge pull request #367 from mrdeep1/fix_openssl_1_1_1c
3a50a29	a5ffdf3	Fri Jun 21 16:51:01 2019 +0100	Fix GnuTLS DTLS retries when Client Hello is not responded to
da33226	a5ffdf3	Fri Jun 21 09:47:24 2019 +0100	Fix COAP_DEPRECATED for Windows C++ builds
d84ac69	a5ffdf3	Thu Jun 20 12:35:57 2019 +0100	Fix final data size in last BLOCK2 response for .well-known/core
a5ffdf3	e7349da	Thu Jun 6 10:12:34 2019 +0200	coap-server.c: Fix NULL pointer dereferencing in hnd_get()
b1ebb50	552fc37	Mon Jun 3 20:58:08 2019 +0100	Fix handling ICMP Port Unreachable messages
0d78658	552fc37	Fri May 24 11:01:53 2019 +0200	pdu_parse_target: Add coap_show_pdu to test case oss-fuzz: Added split_uri target oss-fuzz: Update usage of coap_show_pdu() in pdu_parse_target oss-fuzz: Fix split uri issue mentioned in #218 oss-fuzz: Set log level
a2c3cc5	552fc37	Thu May 9 15:35:52 2019 +0200	coap_session.c: Fix format string for size_t argument
552fc37	a5f434e	Thu May 9 14:09:41 2019 +0200	coap_debug.c: Improve len parameter handling for inet_ntop()
3829cd6	e0c6df7	Fri Apr 26 12:45:58 2019 +0100	Fix DTLS session loss when multiple connections in a short time
7a4d2db	e0c6df7	Thu Apr 25 08:45:19 2019 +0100	Fix RST deleting observer for non-confirmable observe
422faa4	e0c6df7	Wed Apr 24 15:19:45 2019 +0100	coap-client: Fix using -b NN with TCP connections
32e219a	a335938	Wed Apr 17 13:37:27 2019 +0200	coap_debug.c: Fix len parameter for inet_ntop()
fda991f	303be16	Fri Apr 12 13:54:50 2019 +0100	Fix mcast registrations when using TCP
3bd5f48	302bbff bc789ed	Thu Apr 11 14:46:00 2019 +0200	Merge pull request #332 from mrdeep1/coap_free_endpoint_fix
bab80cf	af1d602 a106ecc	Mon Apr 8 10:23:24 2019 +0200	Merge pull request #328 from mrdeep1/gnutls_psk_username_fix
a106ecc	af1d602	Sun Apr 7 17:48:46 2019 +0100	Fix #321 was not correctly implemented
9028574	0158bc4	Sun Mar 31 14:55:19 2019 +0100	Fix GNU make extension complaint in man/Makefile.am
0158bc4	e65135f 9783d4e	Sun Mar 31 15:28:22 2019 +0200	Merge pull request #318 from igrr/bugfix/format_truncation_warning
e65135f	be0aca2	Sun Mar 31 14:29:21 2019 +0200	configure.ac: Fixed comment for LT_INIT
9783d4e	641b5c1	Thu Mar 28 16:03:44 2019 +0800	coap_debug.c: fix format warning when compiling with GCC 8
cdcec53	d8f4eda	Mon Mar 4 11:43:14 2019 +0000	Fix \'make distcheck\' by removing the manpage additional generated .3 files
d8f4eda	64fa1e5	Mon Mar 4 11:41:36 2019 +0000	Fix \'make distcheck\' by removing the manpage additional generated .3 files
64fa1e5	e66b963	Mon Mar 4 11:39:41 2019 +0000	Fix \'make distcheck\' by removing the manpage additional generated .3 files
8c5724c	cfec0d0	Sat Mar 2 22:07:07 2019 +0100	coap.h.windows: rename debug.h to coap_debug.h
d7e41bd	2de0c7d	Fri Mar 1 14:13:00 2019 +0100	coap_gnutls.c: Fixed typo and updated copyright year
2de0c7d	33b372d	Fri Mar 1 14:13:00 2019 +0100	coap_gnutls.c: Fix out-of-bounds array access
459e43a	8dbc02d	Thu Feb 14 18:51:19 2019 +0100	coap_openssl.c: bugfix for empty PSK list
aa802b3	a54cd26	Sun Feb 10 14:47:23 2019 +0100	spelling: fix funtion -> function
a54cd26	afb0d95	Sun Feb 10 14:47:20 2019 +0100	spelling: fix Addtional -> Additional
afb0d95	7b98419	Sat Feb 9 13:31:50 2019 +0100	coap_gnutls.c: Fixed NULL pointer dereference
55d5794	bcff6de	Tue Jan 29 15:30:42 2019 +0000	Reserved Identifier fixes
5a8c59e	29d62a2	Mon Jan 7 10:05:44 2019 +0100	Makefile.libcoap: rename debug.c to coap_debug.c for Contiki
29d62a2	50c892f	Mon Jan 7 10:04:59 2019 +0100	examples/contiki/coap-observer.c: do not include debug.h explicitly
50c892f	0388bb9	Mon Jan 7 09:56:12 2019 +0100	lwip/Makefile: renamed debug.c to coap_debug.c
0388bb9	ca1c825	Mon Jan 7 00:51:10 2019 +0100	Renamed debug.[hc] to coap_debug.[hc]
ca1c825	15c7f28	Mon Jan 7 00:12:58 2019 +0100	debug.c: Fix printf format specifiers and arguments
15c7f28	045c724	Mon Jan 7 00:01:40 2019 +0100	block.c: Fix printf format specifier for size_t argument
ea4bca7	47fc7a8 1c789a7	Wed Nov 28 13:15:11 2018 +0100	Merge pull request #277 from nmeum/fix-U-option
ea29a48	1d1eb45	Sat Nov 24 13:59:54 2018 +0100	spelling: fix whith -> with
1d1eb45	df6c252	Sat Nov 24 13:59:47 2018 +0100	spelling: fix seperate -> separate
df6c252	32eea64	Sat Nov 24 13:59:41 2018 +0100	spelling: fix outputing -> outputting
32eea64	637a09c	Sat Nov 24 13:59:34 2018 +0100	spelling: fix compatability -> compatibility
637a09c	55d359d	Sat Nov 24 13:58:44 2018 +0100	spelling: fix bandwith -> bandwidth
55d359d	22e4ffd	Sat Nov 24 13:57:14 2018 +0100	spelling: fix apropriate -> appropriate
1eadd91	3c75958 04ced3e	Sun Nov 11 18:18:41 2018 +0100	Merge pull request #269 from mrdeep1/replace_debug_etc
a1be686	3c75958	Sun Nov 11 13:30:42 2018 +0000	Fix packet recovery support for BLOCK1 option in examples for lossy connections
04ced3e	3c75958	Sat Nov 10 20:27:50 2018 +0000	Replace debug(), info() & warn() macros with appropriate coap_log()
3c75958	839bdc5	Thu Nov 8 11:27:59 2018 +0100	configure.ac: fix typo for tinydtls build
5ae059f	91bfd5b	Tue Nov 6 17:37:55 2018 +0100	configure.ac: small spelling fixups
d3bed24	afebab2	Tue Nov 6 17:37:55 2018 +0100	configure.ac: fix evaluate logic for library suffix
6df3623	a8306bb	Wed Oct 17 15:13:44 2018 +0200	net.c: fixed wrong doxygen primitive
a8306bb	b0df27f	Wed Oct 17 15:10:38 2018 +0200	doxygen: fix warnings
5935867	4014476	Mon Oct 8 18:00:18 2018 +0200	resource.c: Fix run-time exceptions and use C89 syntax.
d90d054	726a0f7 7e97595	Fri Oct 5 09:52:14 2018 +0200	Merge pull request #259 from mrdeep1/lwip-fix
726a0f7	7e9a7f8	Thu Oct 4 14:27:00 2018 +0200	lwip/Makefile: fix include path
7e9a7f8	a7a6199	Thu Oct 4 14:24:48 2018 +0200	Makefile.libcoap: fix include path for Contiki example
a7a6199	92dd828	Thu Oct 4 13:26:01 2018 +0200	pdu_parse_target.c: fix include path
5f00f0e	79542ff	Thu Oct 4 12:43:00 2018 +0200	configure.ac: bumped version prefix to rc1
79542ff	f605e1f	Thu Oct 4 12:43:00 2018 +0200	examples: fixes the missing macro S_ISDIR
0fe4496	ee5cee6	Fri Sep 28 17:55:17 2018 +0100	man/coap_handler.txt.in: fix ccoap typo
949d32d	f0a85e2	Mon Sep 24 15:53:45 2018 +0200	net.h: Fix documentation of coap_context_set_keepalive()
57ee5eb	8776137	Tue Jul 31 11:23:04 2018 +0200	coap-server.c: fix NULL-pointer dereference in example server
8776137	2213e02	Tue Jul 31 11:16:51 2018 +0200	coap_session.c: fix possible NULL-pointer dereference
15a45f6	ccb01d0	Fri Jul 27 16:23:57 2018 +0200	str.h: fix coap_make_str_const macro for C++
e83d0ed	93f9ee6	Thu Jul 26 13:02:33 2018 +0200	pdu_parse_target.c: fix include path for coap.h
4eeda95	9184a75	Wed Jul 25 11:47:00 2018 +0100	src/debug.c: Allow loss level of 0% to restore full flow
d7373da	c9763db	Mon Jul 23 10:26:05 2018 +0100	src/coap_openssl.c: Fix broken ASN1 setup in coap_dtls_context_set_pki()
fd421dd	bf4323e	Fri Jul 20 18:58:55 2018 +0100	debug.c: Make coap_show_pdu() use coap_log() or fprintf()
96d8877	9299403	Thu Jul 12 15:30:17 2018 +0100	Fix reported issues #212, #214 and refix #199, add in valgrind to do the testing
aae0fdc	9299403	Tue Jul 10 11:44:14 2018 +0100	coap_io.c,net.c: Fix head of node queue re-transmit timeouts
c5cd313	0f8a3b3	Wed Jun 13 11:46:51 2018 +0100	option.c: Fix end byte overrun in coap_opt_parse() if 2 byte sequence
ec9bf6e	97d32e6	Wed Jun 6 16:30:40 2018 +0200	client.c: fix bug in Accept option parser
171f25e	a5f98ef	Tue Jun 5 12:28:40 2018 +0200	client.c: fix -Wstringop-overflow warning in cmdline_token()
f9a16c2	26d5cf7	Mon Jun 4 11:29:36 2018 +0100	src/net.c: Cleaner fix for CID 1382587 that catches another case
9677376	26d5cf7	Sat Jun 2 03:42:45 2018 +0200	fix typographical error in forward declaration
9fa448e	232f261	Wed May 30 11:38:50 2018 +0100	options: Fix subtle memory leak in coap_add_optlist_pdu()
56caa06	90cd1ac	Mon May 28 13:26:10 2018 +0200	test_session.c: fix warning for taken absolute value of unsigned int
a17757e	856236d	Tue May 22 11:32:58 2018 +0100	async.[ch]: Fix flexible array member \'token\' warning
856236d	a2d2633	Tue May 22 10:42:13 2018 +0100	option.[ch]: Fix "warning: ISO C++ forbids flexible array member \'data\' "
884e7d9	99fbe78	Fri May 18 14:07:11 2018 +0100	src/net.c: Fix CID 1382587 response resource leak
c230125	64610da	Fri May 18 14:41:47 2018 +0200	option.h: Fixed bug in doxygen comment.
64610da	99fbe78	Fri May 18 14:39:15 2018 +0200	Makefile.am: fix errors for target dist
ac7d223	bf54ccd	Thu May 17 18:58:16 2018 +0100	src/coap_tinydtls.c: Fix compiler unused parameter warning
ec65187	7c94b44	Thu May 17 18:45:39 2018 +0100	src/coap_notls.c: Fix compiler unused parameter warning
ece443f	b35a66e	Thu May 17 18:45:26 2018 +0100	include/coap/debug.h: Fix compiler optimizer warning
89f2f68	032a46f	Thu May 17 18:45:07 2018 +0100	examples/coap-server.c: Replace debug() with coap_log(LOG_DEBUG, )
032a46f	843f036	Thu May 17 18:45:07 2018 +0100	examples/coap-rd.c: Replace debug() with coap_log(LOG_DEBUG, )
7afb913	4280e75	Thu Apr 26 14:20:47 2018 +0100	src/coap_io.c: Fix re-transmission delays
4280e75	e2a8ed7	Fri Apr 20 10:50:48 2018 +0200	coap_tinydtls.c: fix compiler warning for printf() format string
ddfb94b	c4e6601 6d232df	Fri Apr 20 10:00:34 2018 +0200	Merge branch \'PawelWMS-bracket_fixes\' into develop
6d232df	c4e6601 d5f92be	Fri Apr 20 09:53:43 2018 +0200	Merge branch \'bracket_fixes\' of https://github.com/PawelWMS/libcoap into PawelWMS-bracket_fixes
c4e6601	8c35e76	Wed Apr 18 12:01:46 2018 +0200	net.c: fix PDU find bug in coap_remove_from_queue()
8c35e76	0af655d	Wed Apr 18 09:21:02 2018 +0200	net.h: fixed data type option number in coap_register_option()
2582d08	36de6d8	Fri Apr 13 14:08:08 2018 +0100	examples/client.c: Run at least once per sec to aid debugging
4597c80	db48a83 b2df649	Thu Apr 5 10:21:28 2018 +0200	Merge pull request #153 from mrdeep1/observe-fix
11224dd	f3c1542	Thu Mar 15 20:33:25 2018 +0000	resource.c: Fix memory leaks when deleting observers
7872a80	b6f6cb2	Wed Feb 28 15:44:32 2018 +0100	network I/O: fixed socket creation for multicast communication
4885d87	9b9b39a b2205d2	Mon Feb 26 17:25:44 2018 +0100	Merge pull request #140 from mrdeep1/coap-server-pki-fix
46c908a	08f7f5c	Tue Feb 20 13:55:25 2018 +0100	coap_session.c: fix session release
c7936ac	c46de19	Thu Feb 15 19:38:42 2018 +0100	coap_io.c: fix apparently uninitialized buffer in syscall param
eb84476	47b46d6	Thu Feb 15 09:51:05 2018 +0000	coap_io.c: remove coap_socket_close() added in error to this fix
47b46d6	0d2922a	Thu Feb 15 09:51:05 2018 +0000	coap_io.c: Fix file descriptor leaks when "connections" fail
137789f	675edad	Wed Feb 14 23:07:08 2018 +0000	coap_openssl.c: Fix dtls typo  should be tls in coap_dtls_new_context()
675edad	0704792	Wed Feb 14 21:59:21 2018 +0000	coap_notls.c, coap_tinydtls.c: Fix stub functions coap_dtls_context_set_pki()
047c9fb	85e7f1f 0d2922a	Wed Feb 14 19:24:58 2018 +0000	Fix coap_notls.c, coap_tinydtls.c: after update merge from obgm/develop
64aa7ca	93c8471	Mon Feb 12 15:28:58 2018 +0000	coap_io.c: Fix coap_log warning message
93c8471	82c9ccc	Mon Feb 12 15:28:24 2018 +0000	debug.h: Add in parameter format checking to coap_log_impl() for GNUC
c4840b7	752da71	Mon Feb 12 10:14:01 2018 +0000	coap_openssl.c: Fix coding error in coap_dtls_context_set_pki()
82c9ccc	660c416	Thu Jan 18 15:30:26 2018 +0100	build.sh: bugfix for tinydtls build
8ee4bb2	0c837cd	Thu Nov 16 14:18:20 2017 +0100	pdu.c: fix len returned by coap_get_data() for empty payload
c93f535	e5064a4	Sat Nov 4 23:38:02 2017 +0100	openssl, session: Fix memory leaks.
4b52182	edca082	Fri Nov 3 14:22:32 2017 +0100	net.c: fix possible NULL pointer dereference
edca082	29692fa	Fri Nov 3 14:18:19 2017 +0100	coap-server.c: fixed memory leak in get_context()
29692fa	67a9210	Fri Nov 3 14:12:22 2017 +0100	coap-server.c: fix use after free in check_async()
67a9210	027d960	Fri Nov 3 14:07:16 2017 +0100	net.c: fixed memory leak in coap_send()
313a655	5cc5273	Fri Nov 3 13:37:56 2017 +0100	pdu.c: fix explicit NULL pointer dereference
6a3abd2	a5dd017	Fri Nov 3 10:41:05 2017 +0100	coap_session.c: fixed default port selection for client TCP session
3f77c11	3630436	Wed Oct 25 20:22:01 2017 +0200	resource: Fix issues #90, #91 and #92
1c4d691	3340f10	Sat Oct 21 18:26:40 2017 +0200	net.c, symbols: fix gcc warning and regenerate symbol files
75d89ab	e901714	Sat Oct 21 16:11:16 2017 +0200	openssl, io: Fix linux compatibility
9bb8396	6bf4856	Sat Oct 21 16:11:14 2017 +0200	coap_session, net.c: Add debug messages on TCP RX/TX.
c592c9d	dfff930	Sat Oct 21 16:11:12 2017 +0200	session, net, debug: Add TCP signaling messages.
073016e	6ee35e4	Fri Oct 6 09:46:56 2017 +0200	coap_io.c: fix time propagation when removing node from sendqueue
6ee35e4	c1254c1 d26f947	Thu Oct 5 17:21:47 2017 +0200	Merge pull request #100 from Trilliant/Trilliant/feature/fixLwipRelativeTimeOnExpiration
c1254c1	89c617a cfb9575	Thu Sep 21 12:48:10 2017 +0200	Merge pull request #111 from spinetix/build-fixes
fde93fc	9b12571	Wed Sep 20 10:54:02 2017 +0200	configure.ac: fix linker version script detection
9b12571	9e7c520	Wed Sep 20 10:48:54 2017 +0200	Makefile.am: fix building outside of source tree
57a3b59	5bfea5f	Tue Sep 12 15:48:58 2017 +0200	coap-server: fix unused \'request\' parameter
5bfea5f	9e7c520	Tue Sep 12 15:48:46 2017 +0200	coap_session: fix unused \'reason\' parameter
d89159f	1d5ecb3	Fri Sep 8 20:12:39 2017 +0200	debug.[hc]: Add a log handler callback.
00338ff	8ad4abb	Tue Sep 5 17:18:29 2017 +0200	async.c: fixed signature of dummy functions
8ad4abb	ced706e	Thu Aug 31 15:41:43 2017 +0200	coap_notls.c: fix compiler warning regarding unused parameter
3feee38	318eec2	Thu Aug 31 13:14:01 2017 +0200	uthash.h: fix compiler warning for missing default case in switch statement
2133742	5c079b7	Thu Aug 31 12:49:47 2017 +0200	utlist.h, uthash.h: updated to fix compiler warnings
d7ebf14	50da9f1	Tue Aug 8 12:23:41 2017 +0200	coap-server.c: fixed wait time for coap_run_once() invocation
59f9745	d9a0b40	Thu Aug 3 15:22:08 2017 +0200	debug.c: added media type names from RFC 8152
5f7f043	8423ebb	Wed Aug 2 21:20:25 2017 +0200	client.c: fix compiler warning for unused transaction id
a061428	7dfeb91	Wed Aug 2 21:14:06 2017 +0200	coap_openssl.c: fix compiler warning for coap_dtls_new_context()
4e7f909	df62452	Tue Jul 11 17:03:04 2017 +0200	Makefile.am: added missing files, fixed ordering
96e5360	81c0dec 8abf63b	Mon Jul 10 17:25:07 2017 +0200	Merge pull request #99 from Trilliant/feature/fixHandlersForNewVerbs
c8a97f9	7286a52	Fri Jun 30 20:46:05 2017 +0200	configure.ac: fix up typos and indentation
1d2e985	42f6876	Fri Jun 30 19:26:55 2017 +0200	Fix missing pointer.
699cf5d	ab04f39	Fri Jun 30 15:08:40 2017 +0200	Fix handling of session events in tinydtls to call the handler only when it is safe to destroy the session object.
ab04f39	7fb4ace	Thu Jun 29 19:20:39 2017 +0200	Fix compilation warnings with gcc.
7fb4ace	4d4f3ba	Thu Jun 29 18:12:46 2017 +0200	Fix for the signedness warning with gcc. Compact coap_address_t. Use coap_queue_t for all queues. OpenSSL warning for close alert should be info level. Fix OpenSSL log level not working. Use the application defined MTU in OpenSSL. coap_log() optimization to avoid generating the log message text before testing the log level. coap_can_exit() should check the new retransmit queues. Fix retransmit time sometimes not correctly computed relative to sendqueue_basetime. Add coap_write() API call for applications with their own main loop.
4d4f3ba	b2fe4a6	Mon Jun 26 17:42:27 2017 +0200	Fix compilation with gcc
ca597b6	b159565	Sat Jun 24 16:21:28 2017 +0200	Fix typo in coap_tindydtls
f6047c8	0a0cd1f	Thu Jun 22 16:13:38 2017 +0200	Fix gcc warning messages.
9490a0c	99925a1	Thu Jun 22 16:02:03 2017 +0200	Fix bug in setting the OpenSSL log level make its use consistent with tinydtls Rename session.c and session.h to coap_session.c and coap_session.h Use length to PSK hint and identity Improve packet loss testing
adf1238	2197585	Wed Jun 21 20:40:15 2017 +0200	Add DTLS retransmit and recovery. Add lossy networks debug option in examples.
b2ab881	1c79a4b	Tue Jun 13 14:38:30 2017 +0200	Fix the result of dtls branch merge so that all the examples work (DTLS support not enabled yet)
aafb87e	cc49fbd	Tue Jun 6 15:38:36 2017 +0200	configure.ac: fix broken ctags detection
cc49fbd	bfca87c 69197fe	Thu Jun 1 13:34:52 2017 +0200	Merge pull request #88 from chanijjani/typo_fix
69197fe	6d7ba61	Thu Jun 1 19:58:35 2017 +0900	coap_io_lwip.c: fix typos in comments
6d7ba61	0b3f31a	Thu Jun 1 12:33:04 2017 +0200	libcoap-1.pc: fix pkg-config include path
85ca4aa	fb21450	Wed May 17 19:42:15 2017 +0200	Fix size_t downcast to unsigned long warning.
53eb564	68c0dba	Sun May 7 18:36:57 2017 +0200	Change name of debug dll to -1d suffix under windows.
68c0dba	ba68ba8	Sun May 7 18:19:46 2017 +0200	Add Debug DLL and Release DLL configurations in visual studio solution to build the library as a dll for windows.
ba68ba8	95d8e2c	Sun May 7 18:18:33 2017 +0200	Do not make exported symbols different between release and debug builds, this breaks the ABI of the DLL. Do not make reference to NDEBUG in public headers to modify the ABI. This macro is defined automatically in all windows projects and will create a lot of confusion.
3042a28	9e8a693	Sat May 6 16:56:32 2017 +0200	Fix a problem with the use of control structures in sendmsg / recvmsg. These are not struct sockaddr, they are ip_pktinfo or ipv6_pktinfo, so local_interface->addr.size is irrelevant, even causing an overflow with writing zero bytes outside of the control structure on the stack, even though it happens to work because the buffer is large enough. Prevent invalid addresses from being used as source address with sendmsg. On linux, they are just ignored, so it is the same as not specifying one, but on windows they cause an error. In both case it is simpler not to include any control info if the intent is to let the interface be chosen by the network stack.
9e8a693	9b3cf89	Fri May 5 20:48:18 2017 +0200	Fix typo on ipv6 notation for the multicast group address for coap.
3ee4552	f25f962	Fri May 5 20:33:48 2017 +0200	Merge fix to coap_config.h.contiki from PR #47.
2586304	1ba4fd0	Tue Apr 18 16:44:35 2017 +0200	tinydtls: updated to latest version with cross-compilation fixes
771f013	ac94964	Wed Apr 12 22:40:34 2017 +0200	coap-server.c: fixed resource check time calculation
f446afd	bcd4019 6112604	Tue Apr 4 12:10:33 2017 +0200	Merge pull request #74 from PawelWMS/transaction_id_fix
bcd4019	b425b15 b130109	Wed Mar 29 13:18:03 2017 +0200	Merge pull request #70 from PawelWMS/W4_fix_upstream_develop
d6d7df8	48fb244	Tue Mar 28 17:04:46 2017 -0700	Fixing comments inside coap_time.c and net.c.
48fb244	8090dc7	Tue Mar 28 16:54:23 2017 -0700	Fixing coap_io.c comments.
8090dc7	4580577	Mon Mar 20 17:07:29 2017 -0700	Fixing other sources needing <limits.h>.
fc3e33b	9adc4eb	Mon Mar 20 16:41:27 2017 -0700	Fixing invalid coap_io.c line.
9adc4eb	b425b15	Mon Mar 20 15:48:33 2017 -0700	Fixing /W4 warnings for Windows builds.
b425b15	eb1fae9 445383a	Sat Mar 11 11:28:16 2017 +0100	Merge pull request #67 from PawelWMS/remove_failed_observers_loop_fix
445383a	eb1fae9	Fri Mar 10 17:55:34 2017 -0800	Fixing coap_remove_failed_observers() loop.
eb1fae9	d7763a2	Wed Mar 8 11:09:27 2017 +0100	Fixing Option Delta and Option Length encoding.
292b0f0	fb66920	Thu Dec 15 11:12:22 2016 +0100	address.[hc]: Fixed byteorder in coap_is_mcast() on platform posix
fb66920	bbe8ffa	Wed Dec 14 19:56:14 2016 +0100	net.c: Fix response code for unknown resources
bbe8ffa	6d882f6	Thu Dec 8 15:00:02 2016 +0100	Fix big/little endian alignment
6d882f6	53183e6	Fri Dec 2 13:43:45 2016 +0100	client.c: fix TOCTOU for file input
f7a17c9	72eec07	Fri Dec 2 09:52:17 2016 +0100	examples/client: Fix Block1 handling for growing block sizes
731a3f7	beeb6b6	Thu Dec 1 17:11:11 2016 +0100	test_pdu.c: fix condition inside CUnit assertion
ed6ca0e	0fd7695	Thu Dec 1 13:02:28 2016 +0100	debug: Fix off-by-1 error in coap_show_pdu block size output
2c7efb7	4585701	Wed Nov 16 21:27:01 2016 +0100	pdu.h: fixed option number for No-Reponse (RFC 7967)
5a2d68f	87bc3f8	Mon Oct 31 13:39:33 2016 +0100	scripts/build.sh: re-enable pkg-config fix for CUnit
4920a46	c4b5d93	Wed Oct 26 18:56:27 2016 +0200	scripts/build.sh: removed non-working cunit.pc fix
7921225	58ff2fe	Wed Oct 26 18:47:08 2016 +0200	scripts/build.sh: more debug output
58ff2fe	ab19886	Wed Oct 26 18:40:04 2016 +0200	scripts/fix-unit.sh: make script executable
ab19886	5b88c1a	Wed Oct 26 18:32:44 2016 +0200	scripts/build.sh: added fix for broken cunit.pc in travis CI environment
5b88c1a	635fe8d	Wed Oct 26 15:39:52 2016 +0200	Makefile.am: fix include-path for auto-generated coap.h
c2dd6b4	c16918d	Thu Sep 22 15:22:28 2016 +0200	encode.h: fix one-letter pre-processor symbol to avoid conflicts
c16918d	d737344	Thu Sep 22 14:39:12 2016 +0200	block.c: fixed possible buffer overflow in coap_write_block_opt()
2c36cf4	02c3e67	Thu Sep 22 12:41:19 2016 +0200	client.c: fixed malformed mode-line
5381706	48e694f	Mon Jul 18 22:03:22 2016 +0200	coap_dtls.c: Fixed dummy functions for --disable-dtls build
6a5b12a	cb6d3c4	Thu Jul 7 12:11:57 2016 +0200	configure.ac: fix CFLAGS append
2450048	4f24417	Wed Jun 22 15:22:32 2016 +0200	build.sh: bugfix: use LDLIBS for linking
0e7e269	748b788	Wed Jun 22 12:36:13 2016 +0200	net: Fix coap_new_endpoint error handling
a267d3a	5567ea3	Fri Jun 10 15:07:25 2016 +0200	server.c: fixed Contiki-related debug functions
fa69aee	c909bf8	Fri Jun 10 13:34:51 2016 +0200	option.c: fixed off-by-one error in Uri-Query encoder
7d5ac9e	7dea550	Mon Apr 11 11:57:40 2016 +0200	configure.ac: fixup small typo in option description
89bf457	c217ff6	Fri Apr 8 15:14:20 2016 +0200	Makefile.am: bugfix: replaced makefile variable by m4-expanded symbol
c217ff6	5ebd003	Fri Apr 8 15:14:20 2016 +0200	plaform/posix/{coap_io,run}.c: fixed LWS in source
4b9b38c	b34e56c	Fri Apr 8 15:14:20 2016 +0200	configure.ac: bugfix: removed empty AC_SEARCH_LIBS
b34e56c	4e75cc0	Fri Apr 8 15:14:20 2016 +0200	coap_keystore.h: bugfix: do not expose coap_config.h in public API
205efae	a3059ab	Fri Apr 8 15:14:20 2016 +0200	coap_dtls.c: bugfix: set correct error code for wrong credentials
a3059ab	b734208	Fri Apr 8 15:14:20 2016 +0200	net.c: bugfix: call coap_read_endpoint() only when data available
45349d5	ca0f3f3	Fri Apr 8 15:08:10 2016 +0200	Makefile.am: bugfix: replaced makefile variable by m4-expanded symbol
7dea550	4a5f381	Wed Apr 6 12:43:27 2016 +0200	resource.c: bugfix: Memory leak from hash table
ca0f3f3	b223d9f	Tue Apr 5 16:34:10 2016 +0200	plaform/posix/{coap_io,run}.c: fixed LWS in source
4a5f381	8763228	Tue Apr 5 14:51:48 2016 +0200	src/net.c: bugfix: remove observer on cancel before invoking resource handler
ecadf05	0909d1d	Wed Mar 30 17:45:23 2016 +0200	configure.ac: bugfix: removed empty AC_SEARCH_LIBS
0909d1d	ae8a68c	Wed Mar 30 17:44:46 2016 +0200	coap_keystore.h: bugfix: do not expose coap_config.h in public API
69f3d97	2c8da35	Tue Mar 22 14:37:30 2016 +0100	coap_dtls.c: bugfix: set correct error code for wrong credentials
2c8da35	4672846	Thu Mar 17 15:22:46 2016 +0100	net.c: bugfix: call coap_read_endpoint() only when data available
2d6f526	52b9848	Fri Feb 26 18:09:36 2016 +0100	src/net.c: bugfix: remove observer on cancel before invoking resource handler
6bf7cdc	2cedbd3	Tue Feb 16 16:22:45 2016 +0100	examples/lwip/Makefile: fixed lwip branch
0afbf5e	1bb2230	Tue Feb 16 15:13:52 2016 +0100	examples/lwip/Makefile: fixed lwip build flags
1bb2230	0f062e5	Tue Feb 16 14:27:14 2016 +0100	scripts/build.sh: fixed action for Contiki build
0f062e5	4c299f9	Tue Feb 16 14:19:11 2016 +0100	Makefile: fixed build infrastructure for Contiki examples
4c299f9	283f48e	Tue Feb 16 13:12:26 2016 +0100	Makefile.contiki: Fixed build flags for Contiki-3.0
8bb7ec8	5b094eb	Tue Feb 16 12:13:18 2016 +0100	scripts/build.sh: bugfix: stay in top directory for non-posix platforms
693c648	ec1d463	Mon Feb 15 16:36:45 2016 +0100	.travis.yml: bugfix: package name libcunit1-dev
8a8790c	20a8c55	Fri Jan 29 16:31:53 2016 +0100	fixup small typos, no functional changes
b4973f1	4f1515a	Sun Jan 10 17:49:07 2016 +0100	fixup argument list for uip_ds6_prefix_add
d90bc91	a0b31e7	Sat Dec 19 13:41:08 2015 +0100	fixed issue #17: COPYING and README.md named the wrong license
3f5a797	2da31de	Thu Oct 1 19:27:50 2015 +0200	net.c: fixed critical option check
2da31de	6833378	Wed Sep 30 19:46:34 2015 +0200	configure.ac: fix disable options
6833378	11daf05	Tue Sep 29 09:03:18 2015 +0200	bugfix: add flag for CON/NON notification messages
11daf05	7f2134d	Wed Sep 9 14:04:44 2015 +0200	Fix coap_ticks platforms with no _POSIX_TIMERS
7f2134d	eef94ce	Tue Sep 8 18:06:03 2015 +0200	client.c: fixed empty service parameter in getaddrinfo call
a06449d	889ba08 a5ac6e2	Tue Jul 21 11:06:07 2015 +0200	Merge pull request #1 from cgundogan/fix_readme
83a06c7	774fc01	Wed Jun 10 13:07:06 2015 +0200	net.c: removed debug output from function no_response()
3e10a49	8e73295	Sun Jun 7 12:21:58 2015 +0200	debug.c: added option No-Response to list of known option types
6db8e51	bf9a3c7	Sun Jun 7 12:21:58 2015 +0200	net.c: fixed calculation of mask bit for no-response option
83c17e8	81d4297	Sun Jun 7 12:21:57 2015 +0200	testdriver.c: Remove comment on known bugs
81d4297	519da11	Sun Jun 7 12:21:57 2015 +0200	option.[hc]: Fix type of option parameter
519da11	312fc92	Sun Jun 7 12:15:30 2015 +0200	debug.c: improved output of zero-length option values
312fc92	1ea9e1c	Sun Jun 7 12:15:30 2015 +0200	debug.c: made output of coap_show_pdu() more readable
21431bc	5f6ae26	Tue Jun 2 20:41:37 2015 +0200	examples/Makefile.am: small fix for the path declaration
35524ec	b8618fe	Tue Jun 2 20:41:37 2015 +0200	CONTRIBUTE: fix up wording, expanding file
8a96bfa	a4c1639	Sat May 23 13:58:41 2015 +0200	net.h: fixed ugly macro usage in coap_new_message_id()
c43a475	5fca704	Tue Apr 14 16:05:32 2015 +0200	i/c/mem.h: fix doxygen warnings, no functional changes
62ddbd2	7af8edf	Tue Apr 14 16:01:34 2015 +0200	i/c/debug.h: whitespace cleanup, reformatting, no changes
db28c5a	d3d7890	Tue Apr 14 12:19:40 2015 +0200	CONTRIBUTE: fixed minor nits
db77014	a5722b0	Sun Mar 22 14:35:14 2015 +0100	fix missing header files for \'make dist\'
b1ed21e	da3570c	Sun Mar 22 14:35:13 2015 +0100	doc/Makefile.am: fix up broken \'make dist\'
da3570c	ab8f4a9	Sun Mar 22 13:37:28 2015 +0100	examples/Makefile.am: fix not needed target
d9d20d9	41e3247	Thu Mar 12 13:05:56 2015 +0100	rd.c: Fixed type-specifier warning
41e3247	60030d0	Thu Mar 12 12:30:57 2015 +0100	rd.c: Fixed a bunch of compiler warnings
b9adebe	005d00b	Tue Mar 10 13:47:38 2015 +0100	client.c: Fixed signed/unsigned in comparisons
3e99d66	0c53e63	Mon Mar 9 17:56:08 2015 +0100	Fixed documentation of coap_split_path_impl()
0c53e63	04e1d8e	Mon Mar 9 17:49:21 2015 +0100	Fixed URI parser bug and removed broken parser iterator
8894f2f	284f4af	Mon Mar 9 14:53:01 2015 +0100	Fixed a couple of warnings from doxygen.
fa3f09c	853049f	Wed Mar 4 15:10:09 2015 +0100	Fix warnings in unit tests
71de08a	e297a0c	Wed Mar 4 14:55:26 2015 +0100	Fix warnings in resource.c
e297a0c	8ba8d2a	Wed Mar 4 14:43:42 2015 +0100	Fix warnings in net.[hc]
f1b8a48	4b249f3	Wed Mar 4 13:22:05 2015 +0100	Fix source path and include flag for Contiki build
78b96e6	124d871	Tue Mar 3 22:03:37 2015 +0100	Fix lwip example
124d871	5a7300f	Tue Mar 3 21:53:26 2015 +0100	Fixed path to source and header path
0d1fa72	c7299d9	Tue Mar 3 19:21:43 2015 +0100	src/coap_io.c: fix definition of struct in*_pktinfo
8d664dd	9d673c8	Tue Mar 3 12:30:42 2015 +0100	Fixed Contiki-specific Makefile
7e300c0	eee68ae	Tue Mar 3 12:29:13 2015 +0100	fix CoAP RFC number in comments
b6c92bb	a81a37b	Sat Feb 21 16:34:10 2015 +0100	use fixpoint arithmetic for retransmission timeout calculation
a81a37b	aa3a050	Sat Feb 21 16:32:35 2015 +0100	bugfix: CLIENT_OBJS in Makefile.in unknown
5fb5a7b	1a28b3b	Thu Feb 19 17:57:08 2015 +0100	fixed omitted word in comment
1a28b3b	9e193ba	Thu Feb 19 14:18:10 2015 +0100	Fixed retransmission timeout calculation
961b5e0	e1dbfc1	Wed Feb 18 13:18:18 2015 +0100	fix compiler warning for strnlen()
792ff19	f1138cc	Mon Feb 16 17:33:42 2015 +0100	src/net.c: fixing gcc warning
d52f338	9d35243	Mon Feb 16 13:33:41 2015 +0100	another type fix
9d35243	8c3cdf5	Mon Feb 16 13:32:54 2015 +0100	fixed wrong type in debug message
ebb00c4	5695e73 cf722e4	Sat Feb 14 20:45:48 2015 +0100	Merge remote-tracking branch \'coap-lwip/chrysn-lwip-fixes\' into develop
7e37762	421170b	Thu Jan 15 13:34:21 2015 +0100	coap_cancel: fix COAP_RESOURCES_NOHASH
bfbb84f	003c78b	Thu Jan 15 13:23:37 2015 +0100	disable matching-interface check and debugging
99108e8	3807f9b	Wed Nov 5 23:47:18 2014 +0100	fixed alignment bug in PDU memory
8ac4995	c47d2fe	Wed Sep 17 18:01:43 2014 +0200	fixed handling of COAP_PACKET in get_container()
ea270b0	c3e2787	Wed Aug 27 18:44:52 2014 +0200	bugfix: Block1 handling broken
bb9b012	c3e2787	Fri Aug 15 17:41:16 2014 +0200	Fix coap_str_hash macro
c3e2787	3552419	Sun Aug 10 07:10:03 2014 +0200	Fix old-style-definition warnings
6b2ea69	8e55284	Thu Jul 24 21:01:35 2014 +0200	enclose single debug() in block to avoid warning when build w/o debug code
91a20eb	f769519	Sat Jul 5 22:11:51 2014 +0200	fix request handler signature
f769519	82223d8	Sat Jul 5 22:07:05 2014 +0200	fix transaction id generation
1a0e4c7	143597a 234cf4e	Thu Jun 19 14:43:12 2014 +0200	Merge branch \'master\', commit \'234cf4e07472433cd7748a7d3a35519ca15fba20\' of git://git.code.sf.net/u/dbjorklu/libcoap_bugfix
c77c3cd	e90be63	Wed Jun 18 18:50:44 2014 +0200	fixed coap_iterator_next() to work on utlist structure.
4146735	3d3e2a1	Wed Jun 18 18:31:50 2014 +0200	bugfix: use header format from coap-17 in hnd_get_time()
4882cc1	e6047ed	Wed Jun 18 18:28:13 2014 +0200	added missing includes for debug.h and assert.h
ebc4eac	302944c	Wed Jun 18 16:43:06 2014 +0200	quick fixes for Contiki platforms sky and wismote
302944c	8918690	Wed Jun 18 16:41:49 2014 +0200	bugfix: call coap_free() instead of free()
3d66bbb	a3fae3c	Tue Jun 17 18:33:05 2014 +0200	Fix message handler for client example
0bef51b	d5dc48d 234cf4e	Wed May 7 18:06:00 2014 +0200	Merge branch \'master\' of git://git.code.sf.net/u/dbjorklu/libcoap_bugfix
ed9c7ee	e2dfed6	Tue Feb 25 19:15:52 2014 +0100	bugfix: #25 async example creates short packet
e2dfed6	909cccd	Tue Feb 25 19:03:25 2014 +0100	bugfix: #24 Empty ACK improperly includes Token
b5fe356	a391c9e	Tue Feb 4 17:50:35 2014 +0100	Fixed handling of zero-length options in COAP_OPT_BLOCK_LAST macro.
a391c9e	f37ec96	Tue Feb 4 17:48:45 2014 +0100	Fixed delta for Accept option.
78794d3	c234833	Fri Jan 3 16:18:27 2014 +0100	bugfix: wrong calculation of written bytes in .well-known/core payload
627ce6c	575c7d0	Thu Dec 5 19:08:16 2013 +0100	bugfix: coap-client segfault on ACK in coap_remove_from_queue()
1b1f4d0	316e189	Sun Nov 17 16:53:35 2013 +0100	(compiler warning fix)
1199324	205520b	Sun Nov 17 16:53:08 2013 +0100	fix wrong name for memp resource
3d2f21a	edab7b4	Sun Nov 17 16:05:04 2013 +0100	fix segfault when removing the only element in the send queue
89acaa6	66012c7	Mon Sep 9 13:01:05 2013 +0200	bugfix: off-by-one error in coap_print_addr()
14a5473	968939c	Fri Sep 6 14:35:16 2013 +0200	Fixed output of IPv6 addresses with Contiki in coap_print_addr()
095e2ee	3e47b66	Tue Sep 3 14:19:59 2013 +0200	bugfix: #17 coap_opt_size underestimates space usage
5d9ba55	accc094	Tue Sep 3 13:51:30 2013 +0200	option number for Accept has changed in coap-18, fixed test_encode_pdu5()
e4f922b	accc094	Fri Aug 9 15:00:35 2013 +0200	bugfix: set new random value when more than sizeof(v) bytes are requested
c007638	b465bcc	Mon Feb 4 11:01:13 2013 +0100	fixed bug in size-calculation of coap_new_error_response() (applied patch from Thomas Stammeier)
8eaa930	81ee386	Fri Feb 1 14:12:22 2013 +0100	fixed bug #15 (#warn instead of #warning)
81ee386	6a61359	Fri Feb 1 13:58:11 2013 +0100	applied patch from chrysn to fix bug in .well-known/core generation (missing 2 bytes)
a3a6066	b376fcc	Tue Jan 29 10:41:27 2013 +0100	fixed block-wise transfer for power-of-two sized payloads
107f6ce	8b8c3d9	Mon Jan 21 17:27:21 2013 +0100	fixed year in copyright note
8b8c3d9	7852aa6	Mon Jan 21 17:25:36 2013 +0100	more fixes for option iterator
b186bfe	e8b5527	Fri Jan 18 17:40:39 2013 +0100	bugfix
e8b5527	6152170	Fri Jan 18 17:18:34 2013 +0100	fixed payload creation in GET handler for resource /time
30ef92b	961a0b0	Fri Jan 18 16:39:33 2013 +0100	bugfix in coap_check_option()
8d8ad5c	48c96cb	Fri Jan 18 15:02:57 2013 +0100	bugfix: iterate through options, pdu->data
48c96cb	6026c35	Fri Jan 18 13:46:31 2013 +0100	bugfix: do not return options with numbers that exceed the filter
019a922	c6412f2	Mon Jan 7 17:48:09 2013 +0100	document known bugs
9f31ab3	d9eb6dc	Fri Dec 21 16:21:05 2012 +0100	bugfix in option length encoding (pointed out by Timm Decker)
c1452c3	d9eb6dc	Thu Nov 22 13:47:55 2012 +0100	fixed query filter for href attribute with leading "/"
ae4cb93	624159a	Tue Nov 20 13:02:59 2012 +0100	debug code cleanup
624159a	8bfc004	Tue Nov 20 12:55:57 2012 +0100	bugfix
864585b	20e0e49	Sat Nov 3 17:23:31 2012 +0100	debug studd removed
20e0e49	c45cf23	Sat Nov 3 17:19:51 2012 +0100	bugfix
1a9ddbd	f64a839	Thu Sep 27 14:09:07 2012 +0200	Fixed double option entry for -A. Added examples to the usage string.
dc81c40	fb65738	Thu Sep 20 16:52:09 2012 +0200	fixed memory leak for async response in server.c
fb65738	45b76ec	Wed Sep 19 16:18:01 2012 +0200	fix increment compiler warning
45b76ec	f64a839	Wed Sep 19 16:17:18 2012 +0200	fixed memory leak in coap_free_context() exhibited in example server
f64a839	ffe15e9	Wed Aug 29 11:43:49 2012 +0200	fixed typo in coap_resource_t
8060510	ce99909	Wed Jul 18 14:05:58 2012 +0200	bugfix in AC_CHECK_FUNCS: removed misplaced comma
ce99909	fd8c499	Tue Jul 17 19:00:56 2012 +0200	fixed Location-Path in hnd_post_rd()
fd8c499	799edd5	Tue Jul 17 16:33:42 2012 +0200	bugfix: Anomalies in query filtering - ID: 3540203 (patch from John Sucaet)
799edd5	70300f8	Tue Jul 17 14:44:10 2012 +0200	bugfix: Memory leaks in rd.c - ID: 3542467 (patch from John Sucaet)
70300f8	e3c81ec	Wed Jul 11 13:19:12 2012 +0200	fixed off-by-one error in net.c - ID: 3542515 (applied patch from John Sucaet)
e3c81ec	a3f8fda	Thu Jul 5 16:56:40 2012 +0200	partially fixed bug invalid reads in option.c - ID: 3538692 applied patch provided by John Sucaet small fix in coap_read() to avoid potential crashes
dc04333	aebd41b	Wed Jul 4 15:56:01 2012 +0200	bugfix: support option length > 255
1c9bd4c	3645d6b	Fri Jun 29 11:25:40 2012 +0200	fixed Memory leak in client.c - ID: 3538646 (patch by John Sucaet)
3645d6b	25e6806	Fri Jun 29 11:22:29 2012 +0200	fixed Wrong prototype in client.c - ID: 3538627 (patch by John Sucaet)
25e6806	2af2075	Fri Jun 29 11:12:33 2012 +0200	fixed inconsistency when sendto returns an error - ID: 3538391 (patch by John Sucaet)
2af2075	48bbed7	Thu Jun 7 15:31:49 2012 +0200	fixed Observe counter
e35a121	695f04a	Thu Jun 7 15:12:44 2012 +0200	re-apply fix for timer calculation
abf33c8	28a6d45	Tue May 29 19:54:36 2012 +0200	fixed bug #3526909 (Wrong unit conversion) pointed out by jsucaet
28a6d45	3d71f4e	Tue May 29 19:41:22 2012 +0200	fixed bug #3524612 (Double free error when coap_send returns COAP_INVALID_TID)
77e5966	a306214	Thu May 10 18:34:47 2012 +0200	bugfix: set M bit correctly (reported by Denis Froschauer)
a306214	7aa393f	Wed Apr 18 12:45:27 2012 +0200	bugfix (Thanks to John Sucaet)
7aa393f	c98a084	Wed Apr 18 12:29:41 2012 +0200	bugfix (Thanks to John Sucaet)
d80bf8f	dfa4f32	Thu Apr 5 15:11:02 2012 +0200	bugfix (thanks to Pierre Caillot)
dfa4f32	36a17a3	Sun Mar 25 17:05:02 2012 +0200	bugfix: sanity check on incoming message
ef70a4b	afd4455	Sat Mar 24 14:22:55 2012 +0100	fixed bug in Location-Path for POST (TD_COAP_CORE_02)
19287ba	f02e459	Thu Mar 15 13:02:40 2012 +0100	fixed Uri-Path and Uri-Query for block transfer
f02e459	de46502	Wed Mar 14 18:39:45 2012 +0100	Revert "bugfix: copy Uri-options, token and host/port from initial request"
de46502	c6473ca	Wed Mar 14 17:13:06 2012 +0100	bugfix: copy Uri-options, token and host/port from initial request
de41dd7	e6178d3	Wed Mar 14 15:29:18 2012 +0100	removed some debug output
ceb3ff9	809eb94	Thu Mar 8 18:15:33 2012 +0100	more fixes for Contiki
809eb94	b870cf9	Thu Mar 8 15:31:48 2012 +0100	bugfix for contiki-version of _coap_is_mcast_impl
fbdfa9e	b530c25	Wed Mar 7 21:47:38 2012 +0100	bugfix
5ac8e43	8543ef7	Wed Mar 7 21:00:22 2012 +0100	bugfix
8543ef7	f9e733f	Wed Mar 7 20:16:22 2012 +0100	fixes for new API
ab5a611	e440853	Tue Mar 6 14:10:17 2012 +0100	bugfix in uip-version of address comparison function
a811404	f5f60f6	Thu Feb 16 13:44:16 2012 +0100	bugfix
a335f87	29ce30f	Fri Jan 20 18:04:08 2012 +0100	bugfix
f8f3f64	23cb454	Wed Jan 18 17:27:55 2012 +0100	less debug output
a8591a1	00912b2	Tue Jan 17 16:31:24 2012 +0100	bugfix: do not include Token in hash for transaction id
7503262	263e149	Fri Jan 6 15:27:48 2012 +0100	some fixes for platform minimal-net
4afb4f3	a9dc653	Mon Jan 2 21:41:08 2012 +0100	init static PDU buffers; bugfixes
f7c41a8	e996a10	Mon Jan 2 21:37:39 2012 +0100	bugfix
e996a10	9ea2392	Tue Dec 27 18:49:48 2011 +0100	bugfix, again
9ea2392	27fbe80	Tue Dec 27 18:02:30 2011 +0100	Revert "fixed bug reported by Kai Hillmann"
27fbe80	f94e2a3	Tue Dec 27 17:55:41 2011 +0100	fixed bug reported by Kai Hillmann
08c59ab	298ad4f	Tue Dec 27 17:44:51 2011 +0100	fixed bug reported by Kai Hillmann
830a4c7	5bb879c	Sun Dec 11 16:07:20 2011 +0100	more debug stuff
5bb879c	fae51d1	Sun Dec 11 16:05:44 2011 +0100	bugfix
fae51d1	dd04939	Sun Dec 11 15:57:24 2011 +0100	cleaned debug stuff
dd04939	16f1aa8	Sun Dec 11 15:46:27 2011 +0100	split Makefile exclude debug output to save space
298ad4f	1611c69	Thu Nov 17 09:43:57 2011 +0100	Cleaned debug output (now use -v9 to get all of it)
f7ee04e	76271e1	Wed Nov 2 17:29:08 2011 +0100	bugfix (thanks to Philippe Valembois)
76271e1	e91ed05	Wed Nov 2 17:20:50 2011 +0100	fixed type conversions (thanks to Philippe Valembois for pointing this out)
d6a193c	9b48a28	Tue Aug 23 12:14:43 2011 +0200	Fixed transaction matching for IPv4 addresses.
9b48a28	74c1506	Fri Jul 29 00:27:40 2011 +0200	bugfix in bit count
74c1506	6b9c59f	Thu Jul 28 18:45:30 2011 +0200	Fixed invalid access in coap_option_next()
854724f	f9283b5	Thu Jul 28 17:26:31 2011 +0200	Fixed alignment issues for coap_opt_t (now use unsigned char *)
f9283b5	8dcaf0f	Sun Jul 3 22:36:31 2011 +0200	Send message to port given in URI address (thanks to J\xc3\xb6rg Wolf who reported this bug).
a6fe6a3	7d674d9	Thu Jun 23 18:47:58 2011 +0200	fixed building for --without-debug make coap_log re-definable
7d674d9	3f8ff29	Thu Jun 23 18:12:56 2011 +0200	bugfix: off-by-one in query option
3f8ff29	1f6dc64	Thu Jun 23 10:53:44 2011 +0200	bugfix: use correct id remove request from retransmission queue
60d68d7	e643c32	Wed Jun 22 18:07:50 2011 +0200	fixed data pointer in coap_read() some minor bugfixes example for separate responses (server side only)
5604895	e2e6c8c	Sun Jun 19 00:44:15 2011 +0200	bugfix
e2e6c8c	43dd1fc	Sun Jun 19 00:26:48 2011 +0200	bugfiy: initialize parse iterator even when string is empty or NULL pointer Thanks to J\xc3\xb6rg Wolf for pointing this out
c00eceb	8a0c7a8	Thu Jun 16 18:29:01 2011 +0200	bugfix
ae79b6a	588d53c	Mon Jun 13 18:57:51 2011 +0200	minor fixes
09a9379	1e00e6f	Mon Jun 13 16:52:47 2011 +0200	bugfix
1e00e6f	60c7a7a	Mon Jun 13 12:28:36 2011 +0200	bugfix
134d0fd	f01582b	Mon Jun 13 02:26:44 2011 +0200	Better debug handling.
3cb5a81	84909e1	Fri Jun 10 18:01:10 2011 +0200	minor fix
3358f29	96ee8f6	Thu Jun 2 02:43:59 2011 +0200	Fixed license info. Options iterator. Address abstraction to allow IPv4 addresses. more changes for draft-ietf-core-coap-06.
96ee8f6	1c6bb84	Thu Jun 2 02:42:54 2011 +0200	Cleanup and fixed license
2489a02	24dc7a2	Fri May 27 12:46:47 2011 +0200	Bugfix in coap_split_uri() (Path was not recognized when no port given.)
3dabbf8	38429f7	Tue May 24 21:55:04 2011 +0200	fixed doxygen configuration to show more output
d9f8b5d	758b7f7	Wed Nov 24 14:42:01 2010 +0100	fixed wrong usage message
758b7f7	23fc3b0	Mon Nov 22 13:01:00 2010 +0100	Applied patches from Markus Becker (thanks!) * 0001-Trailing-whitespace-cleanup.patch * 0001-Went-back-to-2.65-of-autoconf.patch * 0002-Fix-compiler-warning-for-str.patch * added several files to Makefile target .gitignore
7d4b24c	2d25b6f	Tue Nov 2 15:54:10 2010 +0100	bugfix: return unknown critical option in payload
ea052d4	5d46b03	Sat Oct 23 23:18:10 2010 +0200	bugfix: set .s to beginning of string
e516317	756cefe	Sat Oct 23 12:47:20 2010 +0200	coap_delete_resource(): fixed double freed storage
334ee8e	24c164b	Fri Oct 22 18:17:29 2010 +0200	* fixed handling of PUT and POST * POST now returns Location header * check critical options * added option Accept from draft-bormann-coap-misc-06.txt   coap-client now has option -A to take list of accepted types
34336bf	c24f0d2	Tue Oct 19 17:13:55 2010 +0200	fixed typo in target clean
c24f0d2	23b58c3	Mon Oct 18 17:20:05 2010 +0200	fixed target dist
23b58c3	ea90973	Mon Oct 18 15:59:22 2010 +0200	fixed include path
9ff8221	f8e4df0	Fri Oct 15 10:44:32 2010 +0200	fixed broken bit mask
5d59673	ec3714b	Thu Jul 29 18:31:22 2010 +0200	fixed Pseudo-FP datatype bug found during plugfest
ec3714b	7457772	Wed Jul 28 08:35:10 2010 +0200	bugfix
7457772	7772ee7	Wed Jul 28 00:14:41 2010 +0200	bugfix: forgot to adjust size of transaction id after fixing the tid==0 bug
28df8ea	05d9ebc	Mon Jul 26 17:10:29 2010 +0200	flush stdout after debug output generation
05d9ebc	f20d5f8	Mon Jul 26 16:18:40 2010 +0200	flush stdout after debug output generation
f20d5f8	97749a1	Mon Jul 26 16:07:48 2010 +0200	bugfix for transaction id == 0 coap_tid_t now is of type int, COAP_INVALID_HASHKEY now is outside the unsigned short scope coap_send() and coap_send_confirmed() now DO NOT generate transaction ids any more
d7f5527	a360c46	Mon Jul 26 00:03:10 2010 +0200	bugfix: accept empty request URIs
72194aa	9bb46a4	Fri Jul 23 18:22:11 2010 +0200	fixed URI hash function CoAP default URI scheme prepare for API changes in option handling
cc70986	9f1b087	Sun Jul 18 15:55:44 2010 +0200	bugfixes from pre-plugfest on 7/16/2010 added file-based resources and directory listings
6af0ad8	779b860	Sat Jul 17 18:02:17 2010 +0200	bugfix: NULL pointer dereference in coap_remove_transaction
988ee37	4ce4ae7	Wed Jul 14 18:16:36 2010 +0200	bugfix: strip leading \'/\' from path
4ce4ae7	0569c6f	Wed Jul 14 15:31:40 2010 +0200	added timestamp to debug output
d229541	4fe0a64	Mon Jul 12 23:54:01 2010 +0200	exit when data is complete bugfix in handling of block option write retrieved data to file (currently named "coap.out"
4fe0a64	72500fa	Mon Jul 12 23:51:50 2010 +0200	coap_can_exit(): check if all data is dispatched small fixes in ordering operators
0c2e226	b9672e7	Mon Jul 12 17:18:07 2010 +0200	bugfix
f5b5fd6	e39c388	Thu Jul 8 21:24:21 2010 +0200	bugfix
18ef437	3161470	Thu Jul 8 17:08:50 2010 +0200	fixed off-by-one bug in show_data
3161470	14e626f	Thu Jul 8 17:04:42 2010 +0200	fixed byte order improved debug output
d82a7dc	feabb53	Tue Jul 6 13:58:27 2010 +0200	bugfix: wrong protocol level for hop count change
94620ce	0b75514	Tue Jul 6 04:41:43 2010 +0200	fixed dist target increased version number
559eae8	2a6afa4	Sun Jul 4 21:56:54 2010 +0200	fixed stack corruption in send_request()
c10c8ae	841ede8	Sun Jul 4 15:03:42 2010 +0200	fixed bug in name resolution
