c50bc49f	2813da26	Thu Jul 20 10:09:23 2023 -0400	Fix link flags for Clang-based MinGW cross compile (#5342)
6c7e1acc	61221e7d	Tue Jul 18 18:42:42 2023 +0000	NFC: fix missing algorithm include in enumset file (#5334)
5b4fb072	9ab811a1	Thu Jul 13 09:55:24 2023 -0400	enumset: fix bug in the new iterator class (#5321)
9ab811a1	9266197c	Thu Jul 13 11:16:54 2023 +0200	NFC: fix missing comments on functions (#5318)
bfb40a24	310a6702	Mon Jun 26 08:11:29 2023 -0400	fix ndk build standard to c++17 (#5290)
d33bea58	b4f352e5	Wed Jun 14 16:14:46 2023 -0600	instrument: Fix buffer address length calculations (#5257)
226c3bbe	9ed2ac25	Tue May 30 09:42:46 2023 -0400	Fix broken link in README (#5250)
9ed2ac25	8841d560	Tue May 30 09:30:01 2023 -0400	Fix pairing of function parameters. (#5225)
bec566a3	d5f69dba	Tue Apr 18 14:58:12 2023 -0400	opt: Fix null deref in OpMatrixTimesVector and OpVectorTimesMatrix (#5199)
1877a7f9	f449fb4a	Thu Apr 13 12:50:16 2023 -0400	Fix vector OpConstantComposite type validation (#5191)
dd03c1fc	97a55196	Wed Apr 5 11:48:14 2023 -0400	Fix LICMPass (#5087)
9c9144b6	ae435df4	Mon Mar 20 14:06:58 2023 +0100	ci: fix dependency updater bot (#5165)
e0df1299	3eff2136	Fri Mar 3 15:53:23 2023 +0000	Fix using invalid install path for cmake support files with MINGW platform (#5128) (#5129)
3eff2136	bd83b772	Fri Mar 3 15:53:08 2023 +0000	Fix MinGW build error (#4935) (#5127)
bd83b772	5fe3bbe7	Fri Mar 3 15:52:49 2023 +0000	Fix operand index out of bounds when folding OpCompositeExtract. (#5107)
9d4c95a5	2e0f4b52	Mon Feb 27 20:45:43 2023 +0100	build: fix build.gn missing comma (#5125)
5d2bc6f0	4183faa2	Fri Feb 24 01:10:35 2023 +0000	Fix removal of dependent non-semantic instructions (#5122)
956114df	f4343515	Wed Feb 15 20:11:30 2023 +0000	opt: fix spirv ABI on Linux again. (#5113)
cac9a5a3	fd1e650c	Fri Feb 3 15:03:15 2023 +0000	Fix null pointer in FoldInsertWithConstants. (#5093)
d8759a14	1a49b521	Thu Feb 2 14:05:02 2023 +0000	build: fix bazel build for c++17 (#5097)
7f9184a5	fe087cd5	Mon Jan 23 15:32:39 2023 +0000	kokoro: fix dubious ownership (#5082)
fe087cd5	f0b900ed	Mon Jan 23 14:36:33 2023 +0000	Revert "kokoro: fix dubious ownership (#5078)" (#5081)
8fbb53da	cdc4e528	Mon Jan 23 14:22:40 2023 +0000	kokoro: fix dubious ownership (#5078)
ba4c9fe5	0e6fbba7	Mon Jan 16 20:57:37 2023 +0000	Instrument: Fix bindless checking for BufferDeviceAddress (#5049)
29375382	025ea891	Mon Dec 19 15:46:57 2022 -0500	Fix undef behaviour in hex float parsing (#5025)
5a78d798	451ba8ec	Thu Dec 15 21:38:09 2022 -0500	Fix layout validation (#5015)
6b2318ae	5d6adbde	Thu Dec 15 21:13:12 2022 -0500	Fix for bug https://github.com/KhronosGroup/SPIRV-Tools/issues/5017 (#5019)
235182cf	9c6a925c	Mon Dec 12 10:49:59 2022 -0500	Fix use of invalid analysis (#5013)
9c6a925c	7b8f00f0	Tue Dec 6 11:22:33 2022 -0500	Fix infinite loop in validator (#5006)
7b8f00f0	40f5bf59	Tue Dec 6 09:00:10 2022 -0500	spirv-opt: Fix OpCompositeInsert with Null Constant (#5008)
9a6f4121	f33d1524	Fri Nov 25 10:54:38 2022 -0500	Fix missing declaration of std::numeric_limits (#5002)
aae7d413	525bc380	Wed Nov 9 17:37:23 2022 -0500	Fix macos kokoro builds (#4985)
e1a8b5d6	49230a23	Tue Sep 27 10:36:08 2022 -0400	build: Fix BUILD.gn build error (#4948)
265b455c	ddbee48f	Fri Sep 23 08:45:32 2022 -0400	Fix CreatDebugInlinedAt to not invoke def_use_mgr (#4939)
ddbee48f	f98473ce	Fri Sep 23 08:45:11 2022 -0400	spirv-opt: Fix stacked CompositeExtract constant folds (#4932)
21146c1b	aeb1c64d	Wed Sep 21 15:52:34 2022 -0400	Fix builtin validator for unimplemented opcodes. (#4940)
91c29a19	0c4ce11b	Fri Sep 16 14:51:48 2022 -0400	spirv-val: Fix comment for checking extended alignments (#4937)
c3f844ae	272e4b3d	Fri Sep 16 14:05:07 2022 -0400	spirv-val: Test file suffix consistency (#4925)
272e4b3d	49deada7	Tue Sep 13 14:41:07 2022 +0000	Fix missing and incorrect DebugValues (#4929)
fb27bbf3	f5b27b65	Fri Sep 9 13:56:35 2022 -0400	Fix DebugInlinedAt Line operand (#4928)
b5d1040b	d51dc53d	Wed Aug 31 18:10:17 2022 -0400	Fix ADCE to mark scope and inlined_at of line instructions as live. (#4910)
b41e3e13	3c1a14b2	Tue Aug 23 12:01:32 2022 -0600	Disable DebugInfoMgr during the entire CompactIds pass (#4905)
1728c1d4	9abacb34	Tue Aug 16 16:05:47 2022 +0200	spirv-opt: fix copy-propagate-arrays index opti on structs. (#4891)
9abacb34	3a8a961c	Mon Aug 15 15:23:23 2022 -0600	Fix ADCE to not eliminate top level DebugInfo instructions (#4889)
3a8a961c	afbb52b1	Thu Aug 11 09:59:37 2022 -0700	Fix array copy propagation (#4890)
0a43a84e	0ebcdc4d	Wed Aug 10 09:04:35 2022 -0400	Fix shuffle feeding shuffle with undef literal (#4883)
b362d2b7	08c542d3	Thu Aug 4 16:44:15 2022 +0000	spirv-diff: Fix asserts in ComparePreambleInstructions() (#4872)
cc5fca05	388ce0ee	Tue Jul 26 15:14:21 2022 -0400	spirv-val: Fix Vulkan memory scope (#4869)
69e1deab	bc5c8760	Fri Jul 8 13:11:22 2022 -0400	Fix small bug traversing users in interface_var_sroa (#4850)
d5a3bfcf	6803cc51	Tue Jul 5 14:14:29 2022 -0400	Avoid undefined behaviour when getting debug opcode (#4842)
8ec4a077	286e9c11	Thu Jun 30 13:52:50 2022 -0400	Fix unreachable loop increment (#4836)
0b824324	66d88508	Wed Jun 29 12:05:00 2022 -0400	Fix segfault in `SpirvTools::Disassemble` when printing (#4833)
37d2396c	3c9fd757	Fri Jun 24 12:33:45 2022 -0400	Fix SplitLoopHeader to handle single block loop (#4829)
c4ed5157	76fe3521	Thu Jun 23 16:01:44 2022 -0400	Fixed crash unrolling loops with residual iterations (#4820)
fad68a75	044ff1aa	Wed Jun 8 19:49:46 2022 +0000	Fix usage of sprintf. (#4811)
c11ea096	9e377b0f	Fri May 6 10:39:26 2022 -0400	spirv-opt : Add FixFuncCallArgumentsPass (#4775)
cb96abbf	898ba64d	Thu Apr 14 09:04:12 2022 -0400	Fix CMake for librt (#4773)
78a0f075	eed5c76a	Thu Apr 7 13:19:05 2022 +0000	Fix gen_build_version on Windows (#4780)
5760114d	bd325d29	Fri Apr 1 09:04:26 2022 -0400	spirv-diff: Fix OpTypeFunction matching w.r.t operand count (#4771)
7841afd9	05745cc9	Mon Mar 28 14:22:33 2022 +0000	BUILD.gn: Fix standalone GN builds (#4765)
98dce6ca	920156cf	Mon Mar 7 12:50:19 2022 -0500	Fixed Bazel Windows build (#4736)
598bc674	f56726a3	Fri Mar 4 08:54:05 2022 -0500	spirv-val: Validate DebugTypeMatrix (#4732)
53078eec	0ad83f91	Fri Feb 11 19:24:17 2022 +0000	Add OpModuleProcessed to debug opcode (#4694)
ff91f944	f182d020	Wed Feb 9 17:58:55 2022 -0700	[spirv-val] Allow 0 Component Count for DebugTypeArray for Shader (#4706)
20b122b2	a73e7243	Fri Jan 28 21:12:03 2022 -0500	Fix handling of Nontemporal image operand (#4692)
a73e7243	65ecfd10	Wed Jan 26 15:13:47 2022 -0500	Fix typo in comment: SPIR-V section for debug instructions (#4683)
65ecfd10	ff91b1c2	Wed Jan 26 15:13:08 2022 -0500	Fix various source comment (doxygen) typos (#4680)
5003644f	fb9a10cd	Tue Jan 25 15:44:03 2022 -0500	Fix roll_deps.sh (#4687)
c5ee1bc7	75e53b9f	Fri Jan 7 15:03:29 2022 +0000	Fix opt fuzzer test harness (#4670)
b7251d4f	354a46a2	Wed Dec 15 11:06:51 2021 -0500	reflect debug (#4662)
ff07cfd8	e4527925	Fri Dec 10 10:35:52 2021 -0500	CMake iOS fixes: rely on CMAKE_SYSTEM_NAME and handle bundle installation (#4619)
a2260d3b	d240d0db	Thu Dec 9 12:42:53 2021 -0500	Fix compilation (#4656)
d240d0db	6926c3d9	Thu Dec 9 09:43:55 2021 -0500	fix file encoding (#4654)
438096e0	64328e94	Wed Dec 8 15:26:29 2021 -0500	Fix kokoro asan run (#4655)
1ed847f4	b162ede0	Wed Dec 8 12:01:26 2021 -0500	Fix endianness of string literals (#4622)
c75a1a46	d0a827a9	Thu Dec 2 10:40:28 2021 -0500	Fix https://github.com/KhronosGroup/SPIRV-Tools/issues/4462 (#4651)
352a4112	c72c4542	Tue Nov 9 10:36:50 2021 -0700	Fix handling of OpPhi in convert-relaxed-to-half (#4618)
6c7885db	bd5bf754	Fri Oct 29 10:46:43 2021 -0400	Change branch handling in ADCE to fix errors (#4596)
bd5bf754	791f5b46	Fri Oct 29 10:32:41 2021 -0400	Fix Linker generator ID (#4601)
f3fbd98f	0f3bc1d9	Wed Oct 20 11:53:24 2021 -0400	opt/spec_constants: fix bit pattern width checks. (#4588)
0f3bc1d9	001604bd	Wed Oct 20 10:20:07 2021 -0400	Fix i386 build issues related to random generation (#4586)
001604bd	7a7a6903	Tue Oct 19 18:27:16 2021 -0600	Generate constants directly in CreateDebugInlinedAt (#4572)
3e6a8530	e6e77dbd	Thu Oct 14 13:29:54 2021 -0400	Mark DebugInfoNone as live in ADCE when DebugInfo present (#4568)
5ed637ca	d31218c5	Thu Oct 14 14:13:47 2021 +0100	Fix output of SPIR-V version in diagnostic (#4562)
6dd73728	e4349dd8	Wed Oct 13 11:42:40 2021 -0600	Fix merge-block assertions with debugInfo (#4563)
e4349dd8	b4699574	Wed Oct 13 12:16:54 2021 -0400	Fix CI failure (#4570)
b4699574	0c4deebc	Wed Oct 6 16:50:16 2021 -0400	Avoid bugprone-move-forwarding-reference warning in Clang (#4560)
63a39123	2d12367c	Tue Oct 5 14:55:06 2021 -0400	Fix ConstantManager to not run AnalyzeInstDefUse if DefUse not valid (#4557)
19dc86c4	f125452c	Fri Sep 24 10:56:08 2021 -0400	Handle NonSemantic.Shader Debug[No]Line (#4530)
f125452c	134d763f	Thu Sep 23 12:59:38 2021 -0400	Fix inst_buff_addr_check to handle struct loads (#4489)
134d763f	1d48824b	Thu Sep 23 10:18:06 2021 -0400	GN: Fix build for debuginfo codegen. (#4536)
a6c5056d	0f450875	Tue Sep 21 11:15:16 2021 -0400	Fix checks for offset in nested structs (#4531)
0f450875	59f51bb4	Tue Sep 21 15:07:30 2021 +0000	Fix UBSan error in spirv-dis fuzzer (#4517)
59f51bb4	1454c95d	Mon Sep 20 13:02:47 2021 -0400	Fix extract with out-of-bounds index (#4529)
1454c95d	4ac8e5e5	Wed Sep 15 14:38:53 2021 -0400	spirv-opt: Switch from Vulkan.DebugInfo to Shader.DebugInfo (#4493)
846b032b	bf463fe3	Mon Sep 13 13:19:04 2021 -0400	Fix infinite loop in validation (#4523)
bf463fe3	5efeaad3	Mon Sep 13 16:55:51 2021 +0100	Fix UBSan kokoro config (#4522)
5efeaad3	8865b202	Mon Sep 13 11:16:37 2021 -0400	Fix bad order of checks in atomic validation (#4524)
912460e4	013b1f3d	Sat Sep 11 03:27:14 2021 +0000	Fix infinite loop in GetBlockDepth (#4519)
013b1f3d	2a938fcf	Fri Sep 10 11:28:00 2021 -0400	Fix validation message for cooperative matrix column type (#4502)
92868b8f	4db6b8dc	Tue Sep 7 15:37:40 2021 -0400	spirv-val: Fix ubsan error (#4505)
7e860e38	789de0dc	Fri Sep 3 12:27:12 2021 -0400	fix parsing of bad binary exponents in hex floats (#4501)
702e6af3	b8fce5f9	Mon Aug 30 09:39:40 2021 -0400	Only add `-DSPIRV_CHECK_CONTEXT` for Debug builds (#4496)
a1d5d67a	937227c7	Mon Aug 23 17:38:26 2021 -0400	spirv-val: Validate vulkan debug info similarly to opencl debug info (#4466)
d699296b	1ad8b713	Thu Aug 19 16:06:01 2021 -0400	spirv-val: Fix WorkgroupSize VUID 04425 (#4482)
a9ce5e07	e172833b	Wed Aug 18 13:03:45 2021 -0400	Fix matrix stride validation (#4468)
2c829c41	869a550d	Mon Aug 16 14:11:38 2021 -0400	Fix early-out for Clamp constant folding (#4461)
88100107	00b106e7	Mon Aug 16 09:44:22 2021 -0400	fix SIGSEGV when reading from a non-existant file (#4453)
de69f32e	c4c6f2ba	Tue Aug 10 09:31:17 2021 -0400	spirv-opt: Add handling of vulkan debug info to DebugInfoManager (#4423)
175ecd49	07f13023	Thu Aug 5 09:56:52 2021 -0400	Fix array layout validation slowdown (#4449)
5737dbb0	17bf4437	Thu Jul 29 12:56:58 2021 -0400	Fix validator crash (#4418)
983ee231	9c448141	Wed Jul 28 21:35:32 2021 -0400	spirv-opt: Add specific handling of vulkan debug info differences (#4398)
4376a10c	b2db20a7	Mon Jul 26 14:27:25 2021 -0400	Fix public deps on generated headers (#4386)
183fb9fe	94bcae13	Thu Jul 22 23:44:29 2021 +0100	spirv-fuzz: Fix problem with instruction context (#4394)
cc3fe2b6	2419f3be	Thu Jul 22 23:43:45 2021 +0100	spirv-fuzz: Fix vector wrapping fuzzer pass (#4392)
2a7a561c	d9f89257	Thu Jul 22 15:23:22 2021 -0400	Fix local size hint id tests (#4400)
d9f89257	033768c2	Wed Jul 21 12:04:38 2021 -0400	spirv-opt: Where possible make code agnostic of opencl/vulkan debuginfo (#4385)
8966cc2b	5427d5cf	Fri Jul 16 16:28:14 2021 -0400	Add common enum for debug info instructions from either opencl or vulkan (#4377)
640b17b5	4baf3aff	Wed Jul 14 10:23:59 2021 -0400	Fix -Wunreachable-code-aggressive. (#4358)
feb05446	2299b710	Wed Jul 14 10:04:50 2021 +0100	Fix BUILD.gn (#4378)
d432bebb	3b6abf41	Tue Jul 13 02:20:32 2021 -0400	Fix vendor table build in BUILD.gn for nonsemantic.vulkan.debuginfo.100 (#4375)
eeff9af1	b8587c98	Tue Jun 29 10:07:13 2021 -0400	fix strncpy bound error (#4331)
e992c96c	0c21e509	Wed Jun 23 12:03:34 2021 -0400	fix symbol exports check, for Android build cases (#4342)
bbc660ed	9dbca316	Wed Jun 9 16:20:39 2021 -0400	Support Intel extensions for fixed point and hls-float (#4321)
0861a8fa	9646c733	Tue Jun 1 11:44:21 2021 +0100	spirv-fuzz: Fix OutlineFunction in presence of unreachable blocks (#4308)
9646c733	ec1bc3e2	Tue Jun 1 08:37:45 2021 +0100	spirv-fuzz: Fix def-use update in PermutePhiOperands (#4309)
18d45142	010cd289	Thu May 13 13:19:56 2021 -0400	Fix crash when optimizing shaders with DebugPrintf (#4280)
010cd289	f6b59599	Wed May 12 13:01:32 2021 -0400	Fix continue construct for single block loops (#4277)
1020e394	8ec9f456	Tue May 4 09:40:55 2021 +0100	spirv-fuzz: Fix underflow problem in `fuzzer_pass_swap_two_functions` (#4253)
8ec9f456	f30465d2	Thu Apr 29 14:27:16 2021 -0400	Fix export symbol test. (#4254)
f30465d2	f8c78cc5	Thu Apr 29 09:10:32 2021 -0400	build: Fix Android build (#4157)
089d716d	07ec4f83	Tue Apr 27 16:27:09 2021 -0400	Fix dangling phi bug from loop-unroll (#4239)
1b8341b8	9f23457e	Mon Apr 26 15:37:38 2021 -0400	Fix warning in python script. (#4251)
693d564d	a02a9205	Fri Apr 16 08:52:48 2021 -0400	spriv-val: Fix clang-format bug for VUID string (#4238)
ae6a1e1d	6210375e	Mon Apr 12 13:17:44 2021 -0400	Fix UWP build (#4235)
6210375e	8da800c4	Fri Apr 9 23:36:36 2021 +0100	Fix clang-format-diff.py URL (#4233)
212895d4	48007a5c	Fri Apr 2 09:59:35 2021 +0100	Typo fix (#4225)
f2279301	ecc840d3	Thu Mar 25 17:20:45 2021 +0000	spirv-fuzz: Fix comments #4215
a611be77	4f498774	Thu Mar 18 10:50:16 2021 -0400	spirv-val: Fix Int64Atomics check (#4192)
77799075	9e93b165	Sun Mar 14 01:52:05 2021 +0000	spirv-fuzz: Add buggy test (#4180)
5d8c4039	77eb2b60	Thu Mar 11 10:08:33 2021 +0000	BUILD.gn: fix typo for 'cflags' (#4169)
4a59fd47	c6da5e34	Tue Mar 9 13:16:43 2021 +0000	Fix -Wextra-semi-stmt -Wsuggest-destructor-override -Wdeprecated-copy-dtor (#4164)
e6a9f4e4	7d514cf1	Fri Mar 5 14:27:37 2021 +0000	spirv-fuzz: Fix the bug in TransformationReplaceBranchFromDeadBlockWithExit (#4140)
7d514cf1	f7043c0d	Fri Mar 5 11:13:28 2021 +0000	spirv-fuzz: Fix PartialCount (#4159)
d28186db	ef3290bb	Fri Feb 26 18:07:00 2021 +0000	Fixes for the vscode language server extension (#4150)
3ad7e5fc	f11f7434	Fri Feb 5 09:57:00 2021 -0500	spirv-val: Fix/Label UniformConstant VUID (#4134)
e8bd26e1	b812fd63	Thu Jan 28 12:57:35 2021 -0500	Set correct scope and line info for DebugValue (#4125)
4ed1f4fc	af3a3d48	Wed Jan 6 13:59:04 2021 -0500	Fix binding number calculation in desc sroa (#4095)
6d05ed84	37c03859	Wed Jan 6 12:36:13 2021 -0500	spirv-val: Fix Vulkan image sampled check (#4085)
4e31fdd4	ad898cb9	Thu Dec 17 11:45:52 2020 +0000	spirv-fuzz: Fix OpPhi handling in DuplicateRegionWithSelection (#4065)
b27b1afd	cd050786	Mon Dec 7 11:14:01 2020 -0500	Update CHANGES to include latest ray tacing fixes.
b0e22d28	5ffa320f	Wed Nov 25 12:03:05 2020 +0000	spirv-fuzz: Fix facts arising from CompositeConstruct (#4034)
671914c2	1f2fcddd	Wed Nov 18 12:39:15 2020 -0500	Fix buffer oob instrumentation for matrix refs (#4025)
f686518c	1cda4952	Fri Nov 13 12:06:38 2020 -0500	spirv-opt: properly preserve DebugValue indexes operand (#4022)
a61d07a7	650acb57	Thu Nov 5 13:04:47 2020 -0500	spirv-val: Fix SPV_KHR_fragment_shading_rate VUID label (#4014)
c2b2b578	c74d5523	Wed Nov 4 13:43:59 2020 -0500	Add DebugValue for invisible store in single_store_elim (#4002)
c74d5523	02195a02	Wed Nov 4 10:23:53 2020 -0500	Fix SSA re-writing in the presence of variable pointers. (#4010)
02195a02	bcf5b211	Wed Nov 4 10:45:53 2020 +0000	spirv-fuzz: Fixes to pass management (#4011)
7d250ed5	f9937bcc	Tue Nov 3 15:09:36 2020 +0000	spirv-fuzz: Fix assertion failure in FuzzerPassAddCompositeExtract (#3995)
f9937bcc	aa6035f1	Tue Nov 3 15:06:55 2020 +0000	spirv-fuzz: Fix invalid equation facts (#4009)
aa6035f1	5735576f	Tue Nov 3 15:03:08 2020 +0000	spirv-fuzz: Fix bugs in TransformationFlattenConditionalBranch (#4006)
5735576f	f7da5277	Tue Nov 3 10:48:30 2020 +0000	spirv-fuzz: Fix bug related to transformation applicability (#3990)
df4198e5	34ae8a47	Tue Oct 27 15:10:08 2020 -0400	Add DebugValue for DebugDecl invisible to value assignment (#3973)
34ae8a47	abe2eff3	Mon Oct 26 09:31:35 2020 -0400	Fix bounds check instrumentation to handle 16-bit values (#3983)
69f07da4	9223493f	Thu Oct 22 23:23:59 2020 +0100	spirv-fuzz: Fix mismatch with shrinker step limit (#3985)
9223493f	4f542318	Thu Oct 22 20:07:09 2020 +0100	spirv-fuzz: Fix off-by-one error in replayer (#3982)
de2c0ba2	dc4a1822	Thu Oct 22 12:06:37 2020 +0100	spirv-fuzz: Fix off-by-one in TransformationCompositeConstruct (#3979)
8496780f	3b7aebca	Wed Oct 21 22:52:47 2020 +0100	spirv-fuzz: Fix to id availability (#3971)
3b7aebca	6fe34cdf	Wed Oct 21 22:41:30 2020 +0100	spirv-fuzz: Fix operand types (#3962)
ba15b588	59843500	Tue Oct 20 18:59:53 2020 +0100	spirv-fuzz: Fix to TransformationDuplicateRegionWithSelection (#3941)
6fac705e	b1350659	Mon Oct 19 17:36:21 2020 +0100	spirv-val: Fix validation of OpPhi instructions (#3919)
5d7893b3	cd1d3b6e	Mon Oct 19 17:33:25 2020 +0100	spirv-fuzz: Fix to operand id type (#3937)
502e9829	bf1a11da	Fri Oct 16 22:58:09 2020 +0100	spirv-fuzz: Fix to TransformationInlineFunction (#3913)
fd3948e1	663d050a	Fri Oct 16 10:18:41 2020 -0400	Add DebugValue for function param regardless of scope (#3923)
663d050a	dd534e87	Fri Oct 16 14:58:35 2020 +0100	Temporary fix to make GoogleTest compile. (#3922)
53aeba10	5c64374d	Thu Oct 15 14:41:23 2020 +0100	spirv-fuzz: Fix handling of OpPhi in FlattenConditionalBranch (#3916)
12ca825a	2e6cf706	Tue Oct 13 18:01:42 2020 +0100	spirv-fuzz: Fixes related to irrelevant ids (#3901)
2e6cf706	4b884928	Tue Oct 13 14:26:47 2020 +0100	spirv-fuzz: Fix to transformation that adds a synonym via a loop (#3898)
4b884928	c2553a31	Tue Oct 13 14:25:43 2020 +0100	spirv-fuzz: Fix to duplicate region with selection (#3896)
bd0dd9ce	f1513378	Tue Oct 6 12:06:53 2020 +0100	spirv-fuzz: Fix rvalue references (#3883)
67f8e2ed	d91afd8d	Fri Oct 2 10:45:24 2020 -0400	Debug info preservation in convert-local-access-chains pass (#3835)
57abfd88	e2460383	Thu Oct 1 09:22:16 2020 -0400	Debug info preservation in redundancy-elimination pass (#3839)
e2460383	16cc197c	Thu Oct 1 09:20:27 2020 -0400	Debug info preservation in if-conversion pass (#3861)
8edd79dd	719bade4	Thu Oct 1 09:06:00 2020 +0100	spirv-fuzz: Fix to FuzzerPassFlattenConditionalBranches (#3865)
719bade4	009facc9	Wed Sep 30 17:05:10 2020 +0100	spirv-fuzz: Fix TransformationRecordSynonymousConstants (#3868)
009facc9	fcb22ecf	Wed Sep 30 11:43:40 2020 +0100	spirv-fuzz: Fix flatten conditional branch transformation (#3859)
446adb05	4b07d50c	Mon Sep 28 10:49:24 2020 -0400	Fix use-after-move in val/validate.cpp (#3848)
4b07d50c	fec56146	Sat Sep 26 19:18:41 2020 +0100	spirv-fuzz: Fix bug in TransformationDuplicateRegionWithSelection (#3819)
e12087d6	9edeeafd	Thu Sep 24 19:38:50 2020 +0100	spirv-fuzz: fix test (#3845)
7cc4b4d2	5a5b750a	Tue Sep 22 19:12:23 2020 -0400	Fix compiler error on macOS with XCode12 (#3836)
50ae4c5f	296e9c7b	Fri Sep 18 05:37:30 2020 +0100	Fix header guard macros (#3811)
296e9c7b	937a757f	Fri Sep 18 05:36:08 2020 +0100	spirv-fuzz: Fix TransformationDuplicateRegionWithSelection (#3815)
34ef0c3f	748edbf8	Wed Sep 16 19:57:04 2020 -0400	Fix missed modification flagging (#3814)
f20b523c	3131686d	Tue Sep 15 21:02:20 2020 +0100	Fix build errors (#3804)
8743d385	2de7d3af	Thu Sep 10 11:07:20 2020 +0100	spirv-fuzz: Fix header guards in transformations/fuzzer passes (#3784)
c278dada	78846840	Wed Sep 2 01:07:59 2020 +0100	spirv-fuzz: Fix GetIdEquivalenceClasses (#3767)
8a0ebd40	f428aa39	Mon Aug 31 10:05:38 2020 -0400	Correctly replace debug lexical scope of instruction (#3718)
bceab9fa	e02f178a	Wed Aug 26 23:25:43 2020 -0400	Do not register DebugFunction for functions optimized away. (#3749)
e02f178a	9e26ae04	Wed Aug 26 10:15:36 2020 -0400	Handle DebugScope in compact-ids pass (#3724)
2205254c	230f363e	Tue Aug 25 23:27:10 2020 -0400	Fix DebugNoScope to not output InlinedAt operand. (#3748)
1341b58a	12df3caf	Tue Aug 25 09:50:00 2020 +0100	spirv-fuzz: Fix MaybeGetZeroConstant (#3740)
12df3caf	3f8501de	Mon Aug 24 15:33:01 2020 -0400	Fix SSA-rewrite to remove DebugDeclare for variables without loads (#3719)
3434cb0b	ee7f0c88	Tue Aug 18 09:33:20 2020 -0400	Let ADCE pass check DebugScope (#3703)
1023dd7a	82f4bf12	Mon Aug 17 12:59:36 2020 -0400	Fix -Wrange-loop-analysis warning (#3712)
b8de4f57	c20995ef	Sun Aug 16 23:42:59 2020 -0400	Allow DebugTypeTemplate for Type operand (#3702)
948577c5	df859f77	Thu Aug 13 09:09:57 2020 -0400	Fix the bug (#3680)
1435e427	be099cde	Wed Aug 12 13:00:41 2020 -0400	Fix the bug (#3683)
be099cde	f0ca96d1	Wed Aug 12 16:39:23 2020 +0100	spirv-fuzz: Fix width in FuzzerPassAddEquationInstructions (#3685)
f0ca96d1	0d629b90	Wed Aug 12 10:19:37 2020 -0400	Preserve debug info in dead-insert-elim pass (#3652)
0d629b90	13a65b1a	Wed Aug 12 09:37:32 2020 -0400	Validate more OpenCL.DebugInfo.100 instructions (#3684)
fd3cabd8	f5055386	Tue Aug 11 18:37:01 2020 +0100	spirv-fuzz: Fix in operand type assertion (#3666)
5fd92a7e	3f33a9aa	Wed Aug 5 17:08:37 2020 -0400	OpenCL.DebugInfo.100 DebugTypeArray with variable size (#3549)
28f32ca5	8bc27a1c	Wed Aug 5 11:54:11 2020 +0100	spirv-fuzz: Fix FuzzerPassCopyObjects (#3638)
b78f4b15	91cea06a	Fri Jul 31 10:00:30 2020 -0400	Remove DebugDeclare only for target variables in ssa-rewrite (#3511)
91cea06a	2aaa8653	Fri Jul 31 13:53:41 2020 +0100	Fix typo in ASAN CI build (#3623)
ebaefda6	50300450	Thu Jul 30 12:18:06 2020 -0400	Debug info preservation in loop-unroll pass (#3548)
ab4fe12a	c6e6597c	Thu Jul 30 16:51:29 2020 +0100	spirv-fuzz: Fix memory bugs (#3622)
b63f0e5e	6aed7ffb	Mon Jul 27 13:36:34 2020 -0400	Fix SyntaxWarning in Python 3.8 (#3388)
6a3eb679	2796840d	Mon Jul 27 13:02:25 2020 -0400	Preserve debug info in scalar replacement pass (#3461)
7c901a49	767518e8	Mon Jul 27 09:27:47 2020 -0400	Preserve OpenCL.DebugInfo.100 through private-to-local pass (#3571)
bc2f78b7	a0d8dc2b	Wed Jul 22 19:03:58 2020 +0100	spirv-fuzz: Fix usages of irrelevant constants (#3566)
cf7e922e	fe9e5db8	Tue Jul 21 16:10:09 2020 -0400	Preserve OpenCL.DebugInfo.100 through elim-dead-code-aggressive (#3542)
7221ccf8	2fa735dc	Wed Jul 15 21:27:03 2020 -0400	Fix reachability in the validator (#3541)
4c33fb0d	36227697	Tue Jul 14 14:47:16 2020 -0400	Rewrite KillDebugDeclares() (#3513)
36227697	91d921e8	Tue Jul 14 17:45:52 2020 +0100	spirv-fuzz: Fix instruction insertion issue (#3521)
cf8c86a2	a687057a	Fri Jul 10 15:17:14 2020 -0400	Preserve OpenCL.DebugInfo.100 through elim-local-single-store (#3498)
a687057a	5f8cdd8b	Fri Jul 10 10:19:34 2020 -0400	Preserve debug info in vector DCE pass (#3497)
94667fbf	44428352	Thu Jul 9 21:12:21 2020 -0400	Fix build failure (#3508)
44428352	de56c34b	Thu Jul 9 17:21:39 2020 -0400	Upgrade elim-local-single-block for OpenCL.DebugInfo.100 (#3451)
f8eddbbe	daa3b47e	Wed Jul 8 16:34:00 2020 -0400	Preserve OpenCL.100.DebugInfo in reduce-load-size pass (#3492)
6a4da9da	bd2a9ea8	Mon Jul 6 13:48:12 2020 -0400	Debug info preservation in copy-prop-array pass (#3444)
2c1ff230	4a92579a	Thu Jul 2 10:51:10 2020 +0100	Fix regression (#3481)
fc0dc3a9	91c50e3f	Mon Jun 29 13:08:48 2020 -0400	Fix ADCE pass bug for mulitple entries (#3470)
efaae24d	a1fb255a	Thu Jun 25 15:48:26 2020 -0400	Clear debug information for kill and replacement (#3459)
d4b9f576	2a1b8c06	Fri Jun 19 14:57:43 2020 -0400	[spirv-opt] debug info preservation in ssa-rewrite (#3356)
5342930f	99651228	Thu Jun 18 14:55:45 2020 -0400	Debug info preservation in dead branch elimination (#3425)
57d9e360	a7112d54	Wed Jun 17 10:10:06 2020 -0400	Fix return type (#3435)
30bf46db	5543d5fa	Sat Jun 13 00:03:25 2020 +0100	Fix operand access (#3427)
5543d5fa	458140ae	Fri Jun 12 10:54:06 2020 -0400	Debug info preservation in ccp pass (#3420)
458140ae	e4989670	Wed Jun 10 11:11:46 2020 -0400	Fix round trip tests that weren't instantiated (#3417)
7c213720	9ed0fef6	Fri Jun 5 14:34:39 2020 +0100	spirv-fuzz: Fix replayer bug (#3401)
ffaecad3	94808bd0	Fri Jun 5 12:29:23 2020 +0100	Fix instruction function use (#3390)
94808bd0	74130f2d	Fri Jun 5 12:28:07 2020 +0100	spirv-fuzz: Fix regression (#3396)
74130f2d	636f449e	Thu Jun 4 09:15:33 2020 -0400	Fix googletest inclusion (#3398)
636f449e	f050cca7	Tue Jun 2 10:32:03 2020 -0400	Add tests for merge-return debug info preservation (#3389)
55af3902	9cb2571a	Tue May 26 12:28:02 2020 +0100	Fix function use (#3372)
9cb2571a	4386ef42	Mon May 25 10:02:39 2020 -0400	spirv-val: allow DebugInfoNone for DebugTypeComposite.Size (#3374)
b0264b87	4410272b	Thu May 21 13:15:41 2020 -0400	Fix validation failure on OpDecorationGroup (#3365)
50b15578	4dbe18b0	Thu May 21 13:09:43 2020 -0400	Preserve debug info in inline pass (#3349)
a9f2a145	045a26e6	Wed May 13 22:04:52 2020 +0100	spirv-fuzz: Fix to fact manager (#3339)
c8590c18	d2b48621	Wed May 6 12:57:57 2020 -0400	Preserve debug info for wrap-opkill (#3331)
d0a87194	f278b467	Tue Apr 28 09:30:44 2020 -0400	Set DebugScope for termination instructions (#3323)
42268740	eed48ae4	Mon Apr 27 15:18:55 2020 -0400	Add debug information analysis (#3305)
b74199a2	d158ffe5	Mon Apr 27 14:24:11 2020 +0100	spirv-fuzz: Fix memory management in the fact manager (#3313)
30ffe62e	67f48386	Thu Apr 23 10:56:47 2020 -0400	typo fix: in README.md exectuable->executable (#3306)
ed96301c	c018fc6a	Wed Apr 15 11:39:33 2020 +0100	spirv-fuzz: Fix to outliner (#3302)
7ce2db17	7d65bce0	Tue Apr 14 20:17:05 2020 +0100	spirv-fuzz: Fix comment. (#3300)
000040e7	c531099e	Mon Apr 13 09:29:36 2020 -0400	Preserve debug info in eliminate-dead-functions (#3251)
d0490ef0	538512e8	Thu Apr 9 14:46:08 2020 -0400	Fix pch macro to ignore clang-cl (#3283)
022da4d0	1346dd5d	Wed Mar 25 17:38:24 2020 -0400	Fix identification of Vulkan images and buffers (#3253)
1c8bda37	e6f372c5	Mon Mar 23 11:01:18 2020 -0400	Add data structure for DebugScope, DebugDeclare in spirv-opt (#3183)
1fe9bcc1	6428ad05	Thu Mar 12 09:19:52 2020 -0400	Instrument: Debug Printf support (#3215)
1af1df3b	dd3d9169	Thu Mar 12 10:56:11 2020 +0000	spirv-fuzz: Fix vector width issue in 'add equation instructions' pass (#3223)
70f88813	fb6e3e48	Tue Feb 25 16:47:03 2020 -0500	Add validation rules for OpenCL.DebugInfo.100 extension (#3133)
8910ea5f	c316fb15	Sun Feb 23 18:50:59 2020 -0500	Fix Wrange-loop-analysis warnings in SPIRV-Tools. (#3201)
dea1040f	4a80497a	Fri Feb 21 15:06:46 2020 -0500	Fix ignored const qualifier warning in static_cast (#3197)
03794b8f	79f8caf9	Thu Feb 20 10:54:54 2020 -0500	Fix static libraries linking order (#3189)
77fefe76	6c218ec6	Fri Feb 14 10:04:03 2020 +0000	spirvfuzz: Fix type-related bug, change undef to zero, and add assert (#3188)
a3b5ad90	da5457f6	Tue Feb 4 11:13:24 2020 -0500	Fix typos in opt's help. Update environment version. (#3170)
7a2d408d	1fc7a9ec	Thu Jan 30 15:01:05 2020 -0500	Fix typo in comment. (#3163)
97f1d485	1b344103	Tue Jan 28 10:17:43 2020 -0500	Dead branch elim fix (#3160)
1b344103	5d786f6c	Fri Jan 24 17:14:16 2020 -0500	Fix chromium build (#3152)
6729c4a7	bb236c32	Thu Jan 23 18:04:21 2020 -0500	Fix structured exit validation (#3141)
dd37d73c	b97057e7	Thu Jan 23 17:04:30 2020 -0500	Handle conflict between debug info and existing validation rule (#3104)
ab7ac60f	323a81fc	Tue Jan 21 05:59:57 2020 -0800	spirv-fuzz: Refactoring and type-related fixes (#3144)
f8d7df76	8013d477	Tue Jan 14 14:35:21 2020 -0500	Fix OpLine bug of merge-blocks pass (#3130)
fb2e8198	c86dc0bc	Wed Jan 8 17:27:38 2020 -0500	Fix GN build for OpenCL.DebugInfo.100 update (#3134)
c86dc0bc	899735f4	Wed Jan 8 09:54:45 2020 -0500	Fix bad parameter names in error message (#3129)
fad92f1e	578c5ac1	Fri Dec 27 10:47:16 2019 -0500	Fix typo in validation message (#3122)
9215c1b7	64f36ea5	Fri Dec 20 21:08:12 2019 -0500	Fix convert-relax-to-half invalid code (#3099) (#3106)
64f36ea5	e01bc6d4	Thu Dec 19 17:16:26 2019 -0500	Support OpenCL.DebugInfo.100 extended instruction set (#3080)
0a5d99d0	af741059	Tue Dec 3 11:21:26 2019 -0500	Permit the debug instructions in WebGPU SPIR-V - remove from the optimizer (#3083)
47f3eb42	b334829a	Fri Nov 29 15:48:13 2019 +0000	spirv-fuzz: Fix invalid tests (#3079)
52e9cc93	54385458	Wed Nov 27 18:05:56 2019 +0000	spirv-fuzz: Improve debugging facilities (#3074)
8312c523	85f3e93d	Tue Nov 26 14:04:57 2019 -0500	Permit the debug instructions in WebGPU SPIR-V (#3063)
ab3cdcae	1a18d491	Tue Nov 12 13:41:38 2019 -0500	Fix operand access of composite in upgrade memory model (#3021)
3e4abc9a	c5e6761a	Fri Nov 8 14:12:39 2019 -0500	Try to fix go linter: exported constant comment (#3026)
d9fbf023	3724cfbe	Tue Nov 5 17:41:10 2019 -0500	Fix Go lint issues: comment exported symbols (#3014)
618ee509	466908b5	Wed Oct 30 14:00:34 2019 -0400	Fix some clang-tidy issues in graphics_robust_access_pass (#2998)
ec12de91	0dbd4e35	Sun Oct 27 18:11:07 2019 +0000	spirv-fuzz: rename class, and fix bug related to dominance (#2990)
feb15492	253806ad	Thu Oct 10 17:12:42 2019 +0100	reduce: add large tests and fix (#2947)
1cea3b78	82f84c4b	Thu Oct 10 11:26:51 2019 +0100	Fixed include paths and order according to Google style. (#2957)
44b32176	9eb1c9a4	Tue Oct 1 16:38:08 2019 +0100	fuzz: add shrinker-temp-file-prefix (#2928)
4075b921	ef4679a5	Fri Sep 27 13:23:06 2019 -0500	Add removing references to debug instructions when removing them (#2923)
c1e03834	7bc114ba	Wed Sep 25 16:51:41 2019 +0100	spirv-fuzz: Fixes to preconditions for adding dead break/continue edges (#2904)
b83535da	f62ee4a4	Mon Sep 23 16:28:25 2019 +0100	Fix operand index in spirv-fuzz (#2895)
46531272	7275a716	Fri Sep 20 15:23:25 2019 +0100	Fix to CMakeLists for spirv-fuzz tests (#2888)
08fcf8a4	248c80b0	Thu Sep 19 09:26:24 2019 -0500	Fix header include syntax. (#2882)
d06fe084	47e354b0	Thu Sep 19 09:47:46 2019 -0400	Fix comment typo found by protobufs linter (#2884)
e59b60de	ccd7bf16	Wed Sep 18 20:50:08 2019 +0100	 Fix detection of blocks bypassed by new edge (#2874)
ccd7bf16	0a07cd1c	Wed Sep 18 20:47:58 2019 +0100	Fix CMake issue related to spirv-fuzz (#2877)
36c1c0e2	99793fa6	Tue Sep 17 15:57:15 2019 -0400	Fix Fuchsia build. (#2868)
7ee8f443	35c9518c	Tue Sep 10 14:48:27 2019 +0100	Fix add-dead-break and add-dead-continue passes to respect dominance (#2838)
2c5ed16b	65e362b7	Mon Sep 2 17:31:27 2019 -0400	Fix end comments in header files (#2829)
4ae9b716	35d98be3	Fri Aug 30 09:09:34 2019 -0400	Fix gn check (#2821)
bbd80462	60043edf	Wed Aug 14 11:26:41 2019 -0400	Fix validation of constant matrices (#2794)
95386f9e	22ce39c8	Fri Aug 9 08:22:41 2019 -0400	Instrument: Fix version 2 output record write for tess eval shaders. (#2782)
4f14b4c8	0b70972a	Fri Aug 2 10:09:41 2019 +0100	fuzz: change output extension and fix usage string (#2778)
7621034a	ac3d1310	Tue Jul 30 10:38:46 2019 -0400	Add opt test fixture method SinglePassRunAndFail (#2770)
7fd2365b	7bafeda2	Mon Jul 29 16:20:43 2019 -0400	Don't move debug or decorations when folding (#2772)
9559cdbd	f54b8653	Fri Jul 26 12:33:40 2019 -0400	Fix #2609 - Handle out-of-bounds scalar replacements. (#2767)
bb0e2f65	1a89ac8b	Thu Jul 25 09:34:18 2019 -0400	Fix check for unreachable blocks in merge-return (#2762)
aea4e6b1	a94ddc26	Tue Jul 23 13:57:44 2019 -0400	Fix block depth rule priority (#2755)
230c9e43	1fedf72e	Tue Jul 16 09:11:22 2019 -0400	Fix bug in merge return (#2734)
a6bfc26e	9702d47c	Wed Jul 3 16:26:06 2019 -0400	Fix BUILD.gn for Fuchsia platform build. (#2692)
888aeef8	df86bb44	Tue Jun 25 13:28:16 2019 -0400	Fix Component decoration validation for arrays (#2697)
2b84d25f	bec7e039	Thu Jun 20 14:22:41 2019 -0400	Fix store to uniform Vulkan check (#2688)
6cc2c8f4	59983a60	Mon Jun 17 11:28:25 2019 -0400	Another fix uint -> uint32_t (#2676)
9477c91d	42830e5a	Fri Jun 14 17:21:37 2019 -0400	Fix uint -> uint32_t in fuzz.cpp (#2675)
43fb2403	08cc49ec	Thu Jun 6 11:35:34 2019 -0400	Instrument: Fix code for version 2 output format. (#2655)
08cc49ec	d01a3c3b	Wed Jun 5 21:54:47 2019 +0100	Fix bug in 'split blocks', and add tests for fuzzer. (#2658)
06ce59b0	87c4ef8a	Fri May 10 11:06:00 2019 -0400	Instrument: Fix load type of pre-existing builtin (#2575)
f6d9a178	89fe836f	Thu May 9 12:56:10 2019 -0400	Add pass to fix some invalid unreachable blocks for WebGPU (#2563)
89fe836f	f2803c4a	Thu May 9 00:15:08 2019 -0400	Fix clang-tidy warning about definition/declaration mismatch. (#2571)
2b65a71d	63f57d95	Tue May 7 14:19:32 2019 -0400	Fix use of 'is' operator for comparison (#2547)
6d04da22	c8b09744	Thu May 2 09:31:46 2019 -0400	Fix up type mismatches. (#2545)
64faf6d9	dca3ea5e	Fri Apr 26 12:52:23 2019 -0400	Fix undefined bit shift in sroa. (#2532)
dca3ea5e	2de3e3c0	Fri Apr 26 10:18:13 2019 -0400	fix example.cpp (#2540)
fb08224f	b68af7ca	Fri Apr 26 09:34:11 2019 -0400	Fix spirv-headers link in the README. (#2516)
82ebbbba	9047de51	Tue Apr 9 14:42:20 2019 -0400	README: fix formatting of requiring Python 'future' (#2500)
9047de51	d90aae9a	Tue Apr 9 14:10:35 2019 -0400	Accept OpBitCast in fix storage class. (#2505)
d90aae9a	7ce37d66	Mon Apr 8 19:37:17 2019 +0100	reduce: miscellaneous fixes (#2494)
7ce37d66	0cb2d407	Mon Apr 8 11:06:48 2019 -0400	Fix use of Logf to avoid format security warning (#2498)
3a0bc9e7	e8c2d95e	Fri Apr 5 13:12:08 2019 -0400	Add fix storage class code. (#2434)
e8c2d95e	26c1b887	Thu Apr 4 11:46:51 2019 -0400	Fix webgpu header file name in BUILD.gn (#2493)
c9874e50	0300a464	Tue Apr 2 10:05:28 2019 -0400	Fix merge return in the face of breaks (#2466)
fcb84531	2ff54e34	Fri Mar 29 11:29:24 2019 +0000	reduce: fix loop to selection pass for loops with combined header/continue block (#2480)
fb075364	7d1b176c	Tue Mar 26 16:37:08 2019 +0000	reduce: fix loop to selection dominance query (#2477)
07f80c4d	86f6ac08	Wed Mar 6 14:11:01 2019 -0500	Fix python scripts to work with python3 (#2426)
37b584a7	a006cbc1	Mon Feb 25 08:57:34 2019 -0500	Fixed undefined reference to 'clock_gettime' by linking rt library (#2409)
fde69dcd	8eddde2e	Wed Feb 20 20:05:08 2019 -0500	Fix OpDot folding of half float vectors. (#2411)
2f84b5de	528fea2b	Tue Feb 19 11:43:30 2019 -0500	Bindless: Fix computation of set and binding for runtime bounds check (#2384)
528fea2b	4b42cd19	Tue Feb 19 11:11:04 2019 -0500	Fixup unused variables (#2402)
9540f2d9	1b0047f2	Fri Feb 15 09:49:18 2019 -0500	Instrumentation: Fix instruction index when multiple functions (#2389)
0187c190	354205b3	Wed Feb 13 10:24:06 2019 -0500	Fix BUILD.gn (#2381)
40a7940e	12b3d7e9	Mon Feb 11 16:26:37 2019 -0500	Fix merge blocks opportunity to check if still enabled (#2370)
12b3d7e9	a0ff7c51	Fri Feb 8 14:26:17 2019 -0500	Add strip-debug to webgpu-mode passes (#2368)
34c5ac61	10a7def6	Fri Feb 8 16:20:29 2019 +0000	Fixes #2358.  Added to the reducer the ability to remove a function tâ€¦ (#2361)
368567bc	adbbe202	Tue Feb 5 10:33:55 2019 -0500	Convert deprecated GoogleTest fixture to the new version (#2357)
453b7c85	846d12af	Thu Jan 31 16:44:15 2019 -0500	Fix up some test (#2351)
3b6fee3d	2acbf488	Thu Jan 31 09:36:05 2019 -0500	Fixes #2338.  Added functionality to remove OpPhi instructions (replacing their uses) when merging blocks (#2339)
7f1a020a	5d6b4c4b	Tue Jan 29 13:29:58 2019 -0500	Fix test_val_limits MSVC build (#2347)
98c67d38	3345fe6a	Fri Jan 25 11:37:03 2019 -0500	Fixed names in ifdefs and GetName functions that had been forgotten in a previous refactoring.  Also shortened names of test files as those files test both the new 'finder' classes introduced in the refactoring, as well as the 'reduction pass' class; the shorter names capture both. (#2336)
cf011f99	e2279da7	Thu Jan 24 14:24:31 2019 -0800	More layout check fixes (#2315)
4a405eda	3a3ad2ec	Tue Jan 22 15:15:24 2019 -0800	Fix layout checks for nested struct in relaxed layout; and descriptor arrays (#2312)
a64c651e	eab06d66	Mon Jan 21 12:34:12 2019 -0500	Fix Constants Analyses bug inserted by #2302 (#2306)
213e15e1	99c2c21c	Thu Jan 17 17:01:55 2019 -0500	Fix overflow when negating INT_MIN. (#2293)
99c2c21c	dd4157dc	Thu Jan 17 16:02:43 2019 -0500	Fix memory leak in unrolling. (#2301)
8d2d66f3	70404a96	Wed Jan 16 18:02:07 2019 -0500	Fix vertex instrumentation to use VertexIndex and InstanceIndex (#2294)
70404a96	49b5b0ab	Wed Jan 16 16:53:10 2019 -0500	Fix leaks in tests (#2295)
49b5b0ab	3109ca16	Wed Jan 16 15:52:23 2019 -0500	Fix up bit shifts by 32. (#2292)
83bfdc97	cb27ffdc	Wed Jan 16 10:01:40 2019 -0500	Instrumentation: Add ArrayStride decoration to debug output buffer array (#2290)
2f004baa	a87d3ce4	Mon Jan 7 10:00:49 2019 -0500	[kokoro] Fix usage of ERRORLEVEL in Windows script. (#2262)
ac7feace	9d04f82b	Wed Dec 19 18:17:42 2018 +0000	Fix missing OpPhi after merge return. (#2248)
0bc66a8b	de797ddc	Fri Dec 7 14:10:30 2018 -0500	Fix invalid OpPhi generated by merge-return. (#2172)
d9a97221	378b7f3a	Wed Dec 5 15:33:55 2018 -0500	Fix broken recurison validation tests (#2174)
d81a0c0e	b1ff8ba5	Tue Dec 4 08:35:08 2018 -0500	Fix WebGPU barrier test: Use QueueFamilyKHR scope (#2162)
d835d664	0c172a6b	Mon Dec 3 17:01:30 2018 -0500	[val] Fixup id name output (#2158)
67b2e155	e510b1ba	Mon Dec 3 09:11:56 2018 -0500	Fixup BUILD.gn from addtion of upgrade_memory_model (#2152)
703305b1	af3dc70a	Wed Nov 28 09:17:13 2018 -0500	Fixup BUILD.gn file (#2129)
095cc672	78c951b3	Thu Nov 22 18:00:08 2018 -0500	Fix the missing pch files in spirv-reduce (#2097)
11c7a9e0	d41ff27f	Tue Nov 20 16:12:28 2018 -0500	Validate that debugging instructions are not present for WebGPU (#2089)
28d8d7bc	d7cd1203	Fri Nov 16 14:22:42 2018 -0500	Fix min base alignment (#2075)
d4a10590	5c334514	Wed Nov 14 15:25:51 2018 -0700	Fix Instruction::IsFloatingPointFoldingAllowed()
dc9d155d	a6150a3f	Wed Nov 14 13:52:18 2018 -0500	Fix folding of volatile store. (#2048)
4e6c54b6	e121da84	Wed Nov 7 21:08:59 2018 -0500	Fix up comment for |ParseFlags|. (#2037)
18fe6d59	07d0f9df	Wed Oct 24 09:10:30 2018 -0400	Fix dead branch elim infinite loop. (#2009)
0ba35798	20bbfb6f	Mon Oct 22 13:59:20 2018 -0400	Fix dead branch elim infinite loop. (#1997)
6e85d1a6	dd1e837e	Fri Oct 19 15:16:46 2018 -0400	Fix restrictions in if conversion (#1998)
c4687889	0e68bb36	Fri Oct 19 10:16:35 2018 -0400	Fix ADCE to treat OpUnreachable correctly during liveness analysis (#1984)
ab45d691	eea449a1	Tue Oct 16 08:00:07 2018 -0400	Fix ADCE liveness to include all enclosing control structures. (#1975)
5bc30788	bdecee8c	Fri Oct 12 10:22:25 2018 -0400	Fix gtest.h include in test/opt/pass_utils.h
bc09f53c	4e266f77	Wed Oct 10 13:25:48 2018 -0400	Fix calculation of case fall through (#1965)
fae1e61a	d3f88b08	Wed Oct 10 11:14:01 2018 -0400	Fix bug in construct block calculation (#1964)
146eb3bd	fe90a1d2	Mon Oct 1 14:45:44 2018 -0400	Fix erroneous uses of the type manager in copy-prop-arrays. (#1942)
f0aa6f4e	6ff2f647	Fri Sep 28 12:40:57 2018 -0400	Fixed Validator adjacency bug for OpPhi (#1922)
5f599e70	4a463226	Mon Sep 17 13:00:24 2018 -0400	Fix infinite loop in dead-branch-elimination (#1891)
4a463226	63265097	Fri Sep 14 14:28:34 2018 -0400	Add IR dumping functions to use during debugging.
324be76b	2c2fee79	Tue Sep 11 09:34:42 2018 -0400	Fixup BUILD.gn file (#1886)
58e53ea8	cb0f1f56	Fri Aug 31 17:51:43 2018 -0400	Fix sign mismatch warning
6d27a835	b4d3618f	Thu Aug 23 14:49:10 2018 -0400	Fixing instances of iteration over unordered containers
7f4e09ab	c5b38062	Wed Aug 22 08:12:07 2018 -0600	spirv-as: Fix error in help text.
d91d34e1	19264ef4	Tue Aug 21 13:50:47 2018 -0400	Fix VS2013 build break. (#1853)
197b4597	d693a83e	Tue Aug 21 11:59:00 2018 -0400	Fix EvalInt32IfConst to fail on type instructions.
397e0244	bcb0b693	Mon Aug 13 15:23:30 2018 -0400	Fixing heap overflow in validation.
ca7278cf	f2a99002	Wed Aug 8 13:47:09 2018 -0400	Split debug opcode validation into new file
05057c98	9991d661	Tue Aug 7 09:10:03 2018 -0400	Fixup readabilty/inheritance warnings (#1805)
9991d661	eda2cfbe	Tue Aug 7 09:09:47 2018 -0400	Fix readbility/braces warnings (#1804)
c8e7bb1d	7861df9b	Fri Aug 3 08:06:07 2018 -0400	Fixup Wno-self-assign warning (#1796)
aa53271b	d38a0a3b	Thu Aug 2 20:28:40 2018 -0400	Script to fixup fuzzer results (#1792)
a97c1d91	aa81e62c	Wed Aug 1 14:28:10 2018 -0400	Fixup BUILD.gn to use a group for SPIRV-Tools (#1779)
dfb53f9f	b7afe4e7	Tue Jul 31 15:31:09 2018 -0400	Fix disassembly line for adjacency validations. (#1751)
8a0ec22f	89901a8a	Tue Jul 31 11:45:39 2018 -0400	Fix bug determining next arg
28199b80	ba40400c	Thu Jul 19 11:17:57 2018 -0400	Fix block ordering in dead branch elim
8c7dab5c	208921ef	Mon Jul 16 14:18:53 2018 -0400	Fixup line number for OpVectorShuffle ID error.
208921ef	95b4d47e	Mon Jul 16 12:36:53 2018 -0400	Fix finding constant with particular type. (#1724)
95b4d47e	63c1d8fb	Fri Jul 13 12:43:00 2018 -0400	Fix infinite loop while folding OpVectorShuffle (#1722)
63c1d8fb	7603944a	Fri Jul 13 11:20:02 2018 -0400	Fix size error when folding vector shuffle. (#1721)
cbdbbe9a	84846b7e	Tue Jul 10 13:59:01 2018 -0400	Fix up code to make ClangTidy happy.
9532aede	a3e38695	Tue Jul 10 11:57:42 2018 -0400	Fix unused param errors when Effcee not present
a0694990	a45d4cac	Fri Jul 6 11:04:23 2018 -0400	Fix layout checks for StorageBuffer and PushConstant storage classes
4717d24e	878b3b40	Wed Jun 27 19:29:08 2018 -0400	Fix assert during compact IDs pass (#1649)
c2e3e67c	8ecd833d	Wed Jun 27 09:54:40 2018 -0400	validator: Fix storage buffer layout message
b49cbf09	1f7b1f1b	Wed Jun 13 10:18:04 2018 -0400	Fix buffer read overrun in linker
0e1b7e5a	efcc33e8	Wed May 16 09:34:43 2018 -0400	Fix getting operand without checking opcode.
18ad1be7	f46f2d3e	Tue May 15 12:23:27 2018 -0400	Fixing MacOS compiler error
98434847	1dc24580	Tue May 1 17:46:47 2018 -0400	Fix build.
4246abdc	e1bcd2b2	Fri Apr 27 09:42:37 2018 -0400	Fixes handling of kill and unreachable ops in inlining.
72524db2	268be614	Wed Apr 25 22:03:14 2018 -0400	Fixes #1521: PadToWord() should use std::move() in && variant
7a592835	efc50619	Fri Apr 20 15:58:01 2018 -0400	Another fix for old XCode: std::set explicit ctor in test code
09c206b6	e7c2e91d	Fri Apr 20 09:25:00 2018 -0400	Fixes #1480. Validate group non-uniform scopes.
e7c2e91d	1c89da46	Thu Apr 19 16:33:12 2018 -0400	Fix for old XCode: std::set has explicit ctor
1c89da46	df7f00f6	Thu Apr 19 15:34:15 2018 -0400	Test/DependencyAnalysis: Fix uninitialized variables
430a2933	c20a718e	Thu Apr 19 09:36:10 2018 -0400	Fix broken pointer of CommonUniformElimPass
38359ba8	152b9a68	Tue Apr 17 10:26:38 2018 -0400	Fixes #1483. Validating Vulkan 1.1 barrier execution scopes
0e80b86d	7fe18647	Mon Apr 16 12:58:35 2018 -0400	Fixes #1472. Per-vertex variable validation fixes.
7fe18647	a3bb7827	Mon Apr 16 10:49:01 2018 -0400	Fix validation issues relevant to SPV_AMD_gpu_shader_int16.
e805d1f8	c3ee2105	Thu Apr 12 13:16:04 2018 -0400	Fixes #1469. Allow subgroup memory scope for Vulkan 1.1
c3ee2105	c522b697	Thu Apr 12 13:11:52 2018 -0400	Fixes #1471. Adds missing environments to spriv-val help
c522b697	bc648fd7	Thu Apr 12 09:22:34 2018 -0400	Fixes #1470. Don't restrict WGS storage class
42840d15	26a698c3	Fri Apr 6 22:41:50 2018 -0400	Fixes #1433. Validate binary version
26a698c3	5f53c42a	Fri Apr 6 22:38:32 2018 -0400	Fix PrimitiveId builtin check for Vulkan
6fbfe1c0	e025145c	Fri Apr 6 15:17:52 2018 -0400	Fix SSA rewrite for nested loops.
d7fff408	691eed92	Thu Apr 5 13:55:18 2018 -0400	Fix bug validate_builtins (additional def checks)
691eed92	da332cf3	Thu Apr 5 13:45:45 2018 -0400	Fix major bug in validate_builtins
0a2ee65f	97c8fdcc	Wed Mar 28 09:04:08 2018 -0400	Fixes #1403.
045cc8f7	dbb35c42	Thu Mar 22 09:40:11 2018 -0400	Fixes compile errors generated with -Wpedantic
dbb35c42	2e644e45	Wed Mar 21 16:47:01 2018 -0400	Fixed remaining review comments from #1380
2e644e45	3b594e16	Tue Mar 20 21:44:17 2018 -0400	Fix VS2013 build failures.
7e03e76a	43d16091	Tue Mar 13 22:16:17 2018 -0400	Fixes #1402. Don't merge non-branch terminators into loop header.
43d16091	4065adf0	Tue Mar 13 19:45:20 2018 -0400	Fixes #1407. Removing assertion against void pointer
4065adf0	077249b6	Tue Mar 13 19:38:31 2018 -0400	Fixes #1404. Don't DCE workgroup size
077249b6	5bd55f10	Mon Mar 12 22:06:23 2018 -0400	Fix InsertFeedingExtract rule when extract remains.
bc9cfee6	03b8a3fe	Wed Mar 7 16:07:40 2018 -0500	Fixes #1385. Grab correct input to calculate indices.
5f50e620	5f69f751	Tue Mar 6 14:00:02 2018 -0500	Fixes #1376. Don't handle half folding gracefully.
82462576	8b27ba83	Thu Mar 1 15:24:41 2018 -0500	Fixes #1361. Mark all non-constant global values as varying in CCP
ce5941a6	bdaf8d56	Wed Feb 28 23:12:27 2018 -0500	Fixes #1357. Support null constants better in folding
9457cabb	588f4fcc	Wed Feb 28 13:33:21 2018 -0500	Fixes #1354. Do not merge integer division.
9394272c	bdd6617f	Tue Feb 27 12:31:50 2018 -0500	linker: merge debug annotations from category c)
01760d2f	51ecc731	Wed Feb 21 10:22:39 2018 -0500	Fixes #1338. Handle OpConstantNull in branch/switch conditions
9d95a91a	c3f34d8b	Tue Feb 20 11:22:51 2018 -0500	Fix folding insert feeding extract
c3f34d8b	e543b195	Sun Feb 18 19:41:34 2018 -0500	Fixes #1300. Adding checks for bad CCP transitions and unsettled values
5d442fad	d2c0fce3	Thu Feb 15 12:00:02 2018 -0500	fix typo
229ebc06	08699920	Wed Feb 14 10:21:26 2018 -0500	Fixes #1295. Mark undef values as varying in ccp.
70bf3514	1d7b1423	Fri Feb 9 18:29:17 2018 -0800	Fix spirv.h include to rely on include paths
88685915	4e4a254b	Fri Feb 9 17:47:51 2018 -0500	Fix generation of Vim syntax file
e7fafdaa	c452bfd0	Tue Feb 6 12:10:50 2018 -0500	Fix test inclusion when Effcee is absent
860b2ee5	9e19fc0f	Mon Feb 5 16:54:03 2018 -0500	ADCE: Fix combinator initialization
905536c5	ac537c71	Wed Jan 31 17:49:01 2018 -0500	Fixed harmless uninit var warning
6704233d	f28b1061	Tue Jan 30 10:15:43 2018 -0500	Fix dereference of possibly nullptr
1b46f7ec	6018de81	Mon Jan 29 15:12:05 2018 -0500	Fixes in CCP for #1228
3b780db7	cf3b2a58	Fri Jan 19 11:08:46 2018 -0500	Fixes infinite loop in ADCE
34d4294c	18618061	Thu Jan 18 20:31:46 2018 -0500	Create a pass to work around a driver bug related to OpUnreachable.
5e70d20d	80b743a5	Wed Jan 17 14:09:24 2018 -0500	Fixing missing early exit from break identification
5ffe862f	6cc772c3	Tue Jan 16 14:47:35 2018 -0500	Fixes missing increment in common uniform elim
d54a286c	1b6cfd34	Tue Jan 9 13:10:29 2018 -0500	Fix validation rules for GLSL pack/unpack 2x32
e5560d64	a82a0ea8	Mon Jan 8 15:34:35 2018 -0500	Fix constant propagation of induction variables.
a82a0ea8	44f27f92	Mon Jan 8 10:42:02 2018 -0500	Fix method comment for BasicBlock::MegeBlockIdIfAny
3fbbd3c7	7183ad52	Fri Jan 5 14:01:18 2018 -0500	Remove CCP from size and performance recipes, pending bugfixes
716718a5	120ddffb	Fri Jan 5 10:29:39 2018 -0500	Fix infinite simulation cycles in SSA propagator.
226f263c	b185a3d8	Fri Dec 29 09:22:36 2017 -0500	Test: Fix linux/gcc defined-but-not-used warnings/errors
1acce992	a91aa538	Fri Dec 22 13:33:17 2017 -0500	Fix https://github.com/KhronosGroup/SPIRV-Tools/issues/1130
59de6100	a27d673c	Fri Dec 22 09:39:36 2017 -0500	Add asm, dis support for DebugInfo extended instruction set
a27d673c	4ba9dcc8	Thu Dec 21 17:43:47 2017 -0500	CONTRIBUTING: If you fixed a bug, say so
1ab8ad65	7505d242	Thu Dec 21 08:59:06 2017 -0500	Fixing bugs in type manager memory management
88409b72	2e5672dc	Tue Dec 19 18:30:10 2017 -0500	Fix CHANGES: there is no OpImageSparseWrite
424f744d	79a00649	Tue Dec 19 15:36:47 2017 -0500	Opt: Fix implementation and comment of AreDecorationsTheSame Target should not be ignored when comparing decorations in RemoveDuplicates Opt: Remove unused code in RemoveDuplicateDecorations
0d8ea486	dbc3a662	Mon Dec 18 17:27:06 2017 -0500	Fix comment in primitives validation
853a3d6c	22faa2b0	Tue Dec 12 15:46:09 2017 -0500	Fix uninitialized warning at -Os.
bf184310	fd3a2204	Mon Dec 4 18:57:34 2017 -0500	Fix some of the known issues in image validation
726573a0	e9ecc0cb	Mon Dec 4 16:44:09 2017 -0500	Change Release builds to Release with debug info on Linux
b98254b2	9996173f	Sun Dec 3 20:42:14 2017 -0500	Fixed typo that leaked to the binary
0dd4ee27	b8aeab82	Fri Dec 1 10:17:45 2017 -0500	Fix Dref type check in validator
3c2e4c7d	8cfa0c40	Thu Nov 30 10:26:04 2017 -0500	Fix validation of group ops in SPV_AMD_shader_ballot
8cfa0c40	e1ceff9f	Wed Nov 29 17:29:17 2017 -0500	Fix #1034 - Give Edge::operator<() weak ordering semantics.
4c58086c	d78e11cc	Wed Nov 29 11:20:36 2017 -0500	Linker: Fix incorrect exit status.
8ffed974	74327845	Tue Nov 28 09:13:42 2017 -0500	Fix windows build. unsigned vs signed comparison in EXPECT_EQ.
491b112f	83228137	Mon Nov 27 14:40:03 2017 -0500	Fix windows build.
e1a6f8d1	f84f2669	Fri Nov 24 10:17:13 2017 -0500	Update CHANGES to mention fixes for 1007 and 1009
b1429158	250a235a	Tue Nov 21 17:36:15 2017 -0500	Fix move semantics in iterator make_range
4019bcfd	dbf9b376	Fri Nov 17 19:54:55 2017 -0500	Fix hard-coded header path
919c990c	98281ed4	Wed Nov 15 07:14:45 2017 -0500	Appveyor: Stop testing VS 2013/2015 Debug
a76d0977	76555bd4	Mon Nov 13 12:49:25 2017 -0500	Fix decorations of inlined functions.
ac04b2fa	d86c7ce8	Tue Nov 7 17:39:58 2017 -0500	Opt: Fix HasLoads to not report decoration as load.
b1b49483	94bec26a	Tue Oct 31 11:57:43 2017 -0400	Fix copyright check when the build directory is in the source directory.
97990dc9	98072b74	Tue Oct 24 11:17:33 2017 -0400	Fixed --eliminate-common-uniform so that it does not eliminate loads of volatile variables.
98072b74	cfd95f3d	Tue Oct 24 10:54:23 2017 -0400	Optimizer: Line and NoLine are not debug1 or debug2
cfd95f3d	8d6e4dbc	Mon Oct 23 22:12:40 2017 -0400	Refactored compression debugger
e3a72093	5834719f	Mon Oct 23 22:04:17 2017 -0400	DeadBranchElim: Fix dead block elimination
d819f513	e6f34166	Fri Oct 20 16:51:20 2017 -0400	Fix cfg_cleanup.cpp.  My bad.
d7f199b5	da04f564	Fri Oct 6 10:26:17 2017 -0400	Hack around bug in gcc-4.8.1 templates.
da04f564	c87e9671	Thu Oct 5 10:59:45 2017 -0400	AggressiveDCE: Fix to not treat parameter memory refs as local
6eaaf7b5	77feb8dd	Wed Sep 27 10:03:20 2017 -0400	Update CHANGES to reflect fix for #827
cf6c20ee	33b879c1 3f5e1a91	Thu Sep 21 18:50:09 2017 -0400	Merge pull request #829 from atgoo/fix_val_logicals
3f5e1a91	33b879c1	Thu Sep 21 16:12:14 2017 -0400	Validator: fix logicals pass for OpSelect pointers
25ddfec0	82df4bbd	Tue Sep 5 19:46:24 2017 -0400	Inliner: Fix LoopMerge when inline into loop header of multi block loop
f2413743	32cf85dd	Fri Sep 1 16:13:12 2017 -0400	Update CHANGES for recent inliner fixes
32cf85dd	860c4197	Fri Sep 1 16:07:18 2017 -0400	Fix mingw build (source/print.cpp)
efff5fab	cff2cd33	Fri Sep 1 15:47:17 2017 -0400	Inline: Fix single-block loop caller cases
d843cae4	725284c2	Fri Sep 1 10:15:42 2017 -0400	Update CHANGES for fix to 781
fc60d1e7	7c3de19c	Wed Aug 30 14:25:23 2017 -0400	Update CHANGES for fix to 776
7c3de19c	b9b9a533	Wed Aug 30 13:37:46 2017 -0400	DeadBranchElim: Fix dead block detection to ignore backedges
9090da5f	a699d1ad	Tue Aug 29 23:22:07 2017 -0400	Update changes for fix to issue 782
a699d1ad	1687bd32	Tue Aug 29 18:35:05 2017 -0600	Inline: Fix remapping of non-label forward references in callee phi
d41a5241	63e1e348	Mon Aug 28 13:36:39 2017 -0400	Fix encode zero bits on word boundary bug
4fe8e389	851ff839	Thu Aug 24 10:40:17 2017 -0400	Fix: background color was erroneously reset on Win32 platform.
720869bb	2a1014be	Thu Aug 10 13:13:33 2017 -0400	Update CHANGE to list fix for issue 755
adb237f3	e9e4393b	Fri Jul 21 18:08:01 2017 -0400	Fix handling of CopyObject in GetPtr and its call sites
e9e4393b	fe24e031	Thu Jul 13 13:02:43 2017 -0600	Fix Visual Studio size_t cast compiler warning
e842c17e	73e8dac5	Tue Jul 4 11:57:13 2017 -0400	Added fixed width encoding to bit_stream
d71d9768	66fc1056	Sat Jun 3 23:08:22 2017 +0000	Fix memory leak in ValidateBinaryUsingContextAndValidationState
e7aff807	ddf4de61	Mon May 29 13:26:46 2017 -0400	Fixed misspelled ctest flag --output_on_failure
df6537ce	20fe9466	Thu May 25 11:53:50 2017 -0400	DefUseManager: Fix ReplaceAllUsesWith() to update inst_to_used_ids_
eb720b2a	51b67783	Mon May 15 11:55:22 2017 -0400	Fix size_t conversion error on MinGW
51b67783	bba812f4	Fri May 12 17:35:18 2017 -0400	Update CHANGES: note fix of issue 629
d870dbe6	a107d349	Tue Apr 25 17:47:18 2017 -0600	Inline: Fix inliner description in usage message to reflect exceptions.
afc60bbe	ad3b0828	Mon Apr 3 15:48:50 2017 -0400	Fix optimizer on when to write the binary
4be6abe3	58e7a3e6	Mon Apr 3 14:59:18 2017 -0400	Fix spelling in SPV_AMD_gcn_shader support
58e7a3e6	ceb1d4f2	Sat Apr 1 11:19:40 2017 -0400	Fix typo in method name Struct::AddMemberName
fa834dea	ddd40f85	Thu Mar 23 15:50:45 2017 -0400	Fix validator message for bad logical pointer
12f55097	1c43cb85	Thu Mar 9 15:32:42 2017 -0500	Fix extension grammar parsing
9696393c	892b0099	Wed Mar 8 15:41:46 2017 -0500	Fix nullptr dereferencing in val_fixtures.cpp
2046e244	40be4bdd	Thu Mar 2 10:06:29 2017 -0500	Fixes issue #489.
c0949703	dadd5161	Thu Feb 16 16:32:33 2017 -0500	Fixes issue #548
cb009b38	9c71c572	Thu Jan 19 16:34:47 2017 -0500	Fixes issue #497.
3a7df2cf	eb7d2534	Thu Jan 19 11:03:04 2017 -0500	Fixes issue #532.
eb7d2534	d75bf5ef	Wed Jan 18 17:04:00 2017 -0500	Fixes issue #493.
d75bf5ef	699943d2	Wed Jan 18 16:29:14 2017 -0500	Validation for decoration rules. Fixes issue #499.
109ce225	558ac1e5	Fri Jan 6 14:23:17 2017 -0500	Fixes bug #517.
aadf696f	1f6123fa	Tue Dec 6 09:55:39 2016 -0500	Fixing bug in OpAccessChain validation code.
b371439d	2d89b6a9	Thu Oct 27 16:09:06 2016 -0400	enum_set: Fix bool performance warning.
f92e87a8	c1d5e660	Tue Oct 4 17:47:19 2016 -0400	Fix compilation errors when building inside Chromium
069b0a73	dc6e4834	Fri Sep 23 11:58:25 2016 -0400	Fix operand class test coverage table.
a6ef1ea2	01df41df	Thu Sep 22 16:54:02 2016 -0400	Fix forward reference issues with forword pointer
247e024c	1f3fb506	Wed Sep 14 15:22:47 2016 -0400	Update CHANGES to say #414 is fixed
1f3fb506	4e2ed04d	Wed Sep 14 15:21:09 2016 -0400	Fix validator: OpUndef can be member of a constant composite
5c9080ee	66f5b4bf	Wed Sep 14 15:15:28 2016 -0400	Fix validator SSA check: Phi can use its own value sometimes
ef600df1	860030fe	Wed Sep 7 17:26:18 2016 -0400	Prefix test binaries with `test_`, rename UnitSPIRV, update README.
0e001b70	5abf4081	Fri Sep 2 10:00:29 2016 -0400	Fix Google copyright lines
2ad3b74f	eb60e294	Thu Sep 1 11:51:09 2016 -0400	Tests for preserving line debug insts even killing its affecting targets.
380f36ea	1d59aa07	Mon Aug 29 08:58:53 2016 -0400	Fold spec constants to normal constants (values fixed)
923a4596	d7b6362e	Fri Aug 26 16:27:54 2016 -0400	Fix typo in spirv-opt help
97fc6aa3	e96a881b	Thu Aug 25 11:43:22 2016 -0400	ForEachInst optionally runs on attached debug line insts
f33aacd1	358cb294	Tue Aug 23 18:44:26 2016 -0400	CHANGES captures fix for issue 365
75d43162	dda9de96	Wed Aug 10 16:10:14 2016 -0400	Fix build error about passing initializer-list to constructor.
75c6db07	80c94a4f	Wed Aug 10 12:18:22 2016 -0400	Fix paths in the README.
7784829b	38c9471a	Wed Aug 10 10:40:59 2016 -0400	Update CHANGES to say issue 288 is fixed
38c9471a	485f513a	Wed Aug 10 09:45:15 2016 -0400	Fixed the build for MSVC.
677ae7fb	489204cf	Tue Aug 9 18:23:40 2016 -0400	Fix compilation. My bad
d49928f0	a90fc847	Tue Aug 9 14:37:58 2016 -0400	Fix minor mistakes in the tests of dead-const-elim
b51b8098	3bf4dc10	Fri Aug 5 15:15:37 2016 -0400	Validator cfg fixes
31846877	5be1ee17	Fri Aug 5 11:09:29 2016 -0400	Fix dominance calculation
c978b724	74eb532a	Thu Jul 28 16:40:55 2016 -0400	Fix infinite loop in dominance calculation.
74eb532a	a2450626 47508959	Thu Jul 28 15:33:16 2016 -0400	Merge pull request #284 from Qining/fix-freeze-spec-const-pass-test
47508959	a2450626	Thu Jul 28 15:30:37 2016 -0400	Fix a test failure in pass manager test
6c61bf2d	45af1dd8	Mon Jul 25 13:21:44 2016 -0400	Fixes segfault for loops without back-edges
2c4c73cf	e461cbe2	Wed Jun 29 17:32:00 2016 -0400	Add Pass, PassManager, and StripDebugInfoPass.
886dd352	3df8f7ce	Mon Jun 27 10:45:46 2016 -0400	Fix several violations of the style guide
1a187396	37e4600c	Wed Jun 15 10:00:06 2016 -0400	Fix ExtInst parsing: no IdRef* at end
37e4600c	3ed641df	Tue Jun 14 12:14:38 2016 -0400	Fix OpenCL pow and pown arguments
6fff41a6	9ddd54d1	Fri Jun 10 08:43:12 2016 -0400	std::function needs <functional>. Fixes Android build
11437165	90a4252a	Thu Jun 9 15:51:39 2016 -0400	Fix diagnostic message for layout errors
87125a19	812fb7d7	Thu Jun 2 15:32:28 2016 -0400	Fix CHANGES file version parsing. -dev is optional
34cb0035	66fcb456	Fri Apr 29 18:02:01 2016 -0400	Fix several warnings exposed in MSVS 2015.
66fcb456	13877a3b	Fri Apr 29 14:55:05 2016 -0400	bitcast fixes
d3da705a	f2cf719f	Thu Apr 21 17:12:47 2016 -0400	Fix Windows build.
d12a10d2	e94d6d18	Mon Apr 18 16:48:33 2016 -0400	Fix wrong grammar .inc file dependency introduced by copy-paste.
7649c736	80e416ce	Mon Apr 4 20:16:15 2016 -0400	Fix MSVC error C2797.
3fb2676d	6fa3f8aa	Mon Apr 4 15:55:05 2016 -0400	Fix validation of array length.
c9b2285b	4f293b71	Sat Apr 2 22:54:59 2016 +0100	Fix spelling mistakes
45291463	4c657bfa	Tue Mar 29 09:47:23 2016 -0400	Capability fix: ImageReadWrite & ImageMipmap require ImageBasic.
9149a66c	9dd1cd7f	Fri Mar 11 15:06:15 2016 -0500	Fix the corner case in version generation script.
9dd1cd7f	f7e63786	Mon Mar 7 15:55:44 2016 -0500	Fixed float->int16 conversion warnings in VS2013.
712bed02	96c80a1b	Thu Feb 25 16:16:28 2016 -0500	Fix issues reported by cppcheck.
c90a820a	d5bdd9dc	Fri Feb 19 09:46:20 2016 -0500	Fix command line option errors in val.
e4853e85	4d2f2239	Wed Feb 17 22:30:50 2016 -0500	Fix the source organization section in README.md
4ddb431b	2732f57e	Wed Feb 17 13:07:33 2016 -0500	Fixed internal compiler error in gcc-4.9.
6bad02c3	000cad9c	Fri Feb 12 16:01:42 2016 -0500	Float literal parsing fixes
7dbfdda6	8177fbea	Fri Jan 29 16:44:43 2016 -0500	Fix validator mem overflow when tracking capabilities
8177fbea	8db38e54	Fri Jan 29 16:30:23 2016 -0500	Fix in-function storage class validation.
1e157bc2	a4342f3f	Thu Jan 28 10:58:03 2016 -0500	Fix validation of return value.
276a724b	0846e174	Fri Jan 22 16:40:27 2016 -0500	Fix spvOpcodeIsScalarType() to include Boolean.
58852aa0	c62f41e2	Thu Jan 21 14:07:19 2016 -0500	Fix OpLoad pointee type validation.
2a790fbc	e8b1d12c	Mon Jan 18 13:44:42 2016 -0500	Fix missing OpNoLine layout checks
b3451359	32197bdc	Wed Jan 13 10:44:05 2016 -0500	Fixed warning in VS2013 build.
32197bdc	43328562	Wed Jan 13 10:29:18 2016 -0500	Fix, that spirv-tools did not build, as two casts are not present.
43328562	c7413859	Wed Jan 13 10:08:23 2016 -0500	Fix build by renaming ValidationState_t constructor argument.
ca50510a	7ffd8ffe	Tue Jan 12 14:47:24 2016 -0500	Fixed use-after-free in isStartOfNewInst() tests.
7ffd8ffe	5d30edb3	Mon Jan 11 16:22:34 2016 -0500	Minor fixes to remove warnings in VS2013.
3b69d050	7a354735	Mon Jan 11 13:54:30 2016 -0500	Fix endian-ness conversion in the binary parser.
ae7d707f	ba73a7ce	Wed Jan 6 17:36:33 2016 -0500	Fix shadowing warnings reported by GCC
ba73a7ce	066bd524	Wed Jan 6 17:36:33 2016 -0500	Fix conversion warnings reported by GCC.
f80b51fa	d47f8b3f	Wed Jan 6 13:11:42 2016 -0500	Fix var shadowing and width mismatches in hex_float.h
969ce4b3	d0de1964	Tue Jan 5 18:22:22 2016 -0500	Fix list of opcodes allowed for OpSpecConstantOp
3664bd56	1a3734d2	Tue Jan 5 11:25:58 2016 -0500	Fix parser assert failure for a bad OpSwitch
532af9c0	b9ad418c	Mon Dec 14 14:33:26 2015 -0500	Fix tests which rely on OpName;Use EXPECT_THAT
b9ad418c	411de163	Thu Dec 10 13:15:06 2015 -0500	Fix warnings with Apple clang++
411de163	f76e0f52	Thu Dec 10 10:33:51 2015 -0500	Fix setting of off-by-default cmake options
4b6a98fe	590ff131	Wed Dec 2 11:55:35 2015 -0500	Fix namespace on PrintTo
d9ad050a	ee8a0078	Mon Nov 30 10:44:23 2015 -0500	spvBinaryParse: fix overruns, handle image format
15afbf93	7bff3eb6	Mon Nov 23 14:25:40 2015 -0500	Fix compilation of an assert.
9e531170	39a83291	Fri Nov 20 09:44:13 2015 -0500	Fix paths for binaries to match changes in CMake configuration.
39a83291	5b9fff71	Thu Nov 19 11:39:11 2015 -0500	Use test fixture for a test.
3958c902	3a4bc7e6	Thu Nov 19 09:56:35 2015 -0500	Updated spirv.h header. Fixes SPV_VERSION macro
aa50c45e	62fcaf1a	Tue Nov 17 16:46:55 2015 -0500	Fix test: version number has changed.
af9906e4	287cfc1d	Mon Nov 16 17:25:43 2015 -0500	Use Google comment style and fix typos.
287cfc1d	2266ba10	Sat Nov 14 08:24:59 2015 -0600	Fix grammar: "The SPIR-V Tools project provides"
acf7287c	56fb3f01	Fri Nov 13 12:35:43 2015 -0600	Fix many typos.
ec691fba	55ecc2e0	Wed Nov 11 12:12:16 2015 -0500	Fixed permissions
55ecc2e0	9049bb48	Wed Nov 11 12:12:13 2015 -0500	Fixed warnings on windows and constness of spv_binary.
ce9cef71	f2529850	Wed Nov 11 09:55:51 2015 -0500	Fix Windows build errors.
f2529850	003e288c	Wed Nov 11 09:55:49 2015 -0500	Fix description of NaN encoding.
2ae4a68f	9e545d79	Tue Nov 10 15:58:07 2015 -0500	Fix handling of OpExtInstImport
01707527	6dfd4186	Mon Nov 2 13:52:35 2015 -0500	Update readme: fix utf-8 tests, use spirv.h
486a8d0a	d846247f	Mon Oct 26 12:57:40 2015 -0400	Fix readme: this is not the 'google' branch
d846247f	fe6527fd	Mon Oct 26 12:55:33 2015 -0400	Fix GMOCK directory in CMakeLists.txt.
fe6527fd	4274f930	Mon Oct 26 12:55:33 2015 -0400	Fixed typo in utf8 string literal
4274f930	157e41bf	Mon Oct 26 12:55:33 2015 -0400	Fixed UTF-8 encoding issues on windows.
9e11c7d3	470405e0	Mon Oct 26 12:55:33 2015 -0400	Fix Android build: use std::numeric_limits<T>::max and friends
f08c679e	3e69cd1b	Mon Oct 26 12:55:33 2015 -0400	Removed un-needed comments and fixed merge issue.
ee510428	21aac5c6	Mon Oct 26 12:55:33 2015 -0400	Remove stale TODO. Fix use of OpCode to 'instruction'
ddda85a5	3d2bf532	Mon Oct 26 12:55:33 2015 -0400	Fix capabilities for enums in Rev32, sec 3.3-3.20
e3296f09	287fdb0e	Mon Oct 26 12:55:33 2015 -0400	Add TODO for fixing endianness testing.
97e2c8fc	14c4b10d	Mon Oct 26 12:55:33 2015 -0400	Try to fix the Android build.
212bafe4	e0890da6	Mon Oct 26 12:55:33 2015 -0400	Assembler tests for remaining Debug instructions
d30b2331	c66f5074	Mon Oct 26 12:55:33 2015 -0400	Fix Capability dependencies on capabilities, Rev32
c09d3857	aa0c3a5c	Mon Oct 26 12:55:33 2015 -0400	Fix permissions on test/TextToBinary.Barrier.cpp
1b5fd496	815cb952	Mon Oct 26 12:55:33 2015 -0400	Put the test fixture into spvtest namespace.
815cb952	cde47431	Mon Oct 26 12:55:33 2015 -0400	Fix MSVC build for boolean opeartions on enums.
cde47431	a570570e	Mon Oct 26 12:55:33 2015 -0400	Fix the Supported Features section.
f2d0775f	ee1b3bb3	Mon Oct 26 12:55:33 2015 -0400	A bunch of small fixes to build in MSVC2013.
a48678ab	dbdf6e12	Mon Oct 26 12:55:33 2015 -0400	Fix an infinite loop during message generation.
26b3b008	c88dcd6a	Mon Oct 26 12:54:39 2015 -0400	Fix build on MSC
574352c7	610c5258	Mon Oct 26 12:54:39 2015 -0400	Fix interface function calls to the new API.
a7113837	b6a8898f	Mon Oct 26 12:54:39 2015 -0400	Fix spvBinaryDestroy test to use an API-created object
a12c2240	1a399023	Mon Oct 26 12:54:39 2015 -0400	Fix -p on disassembler.
abeab6e5	d5769bf0	Mon Oct 26 12:52:01 2015 -0400	Document current support and known bugs.
affa6960	225baf88	Mon Oct 26 12:52:01 2015 -0400	Fix some bugs in parsing literals.
47994827	85d4d6d6	Mon Oct 26 12:52:01 2015 -0400	Fix spelling of SPV_OPERAND_TYPE_KERNEL_PROFILING_INFO
46c441c2	67b649fa 01024f57	Tue Aug 25 04:09:08 2015 -0400	Merge branch 'fix-p-switch' into 'master'
abafd5e6	977e9bcf	Mon Aug 24 15:05:11 2015 -0400	Only use '%' as variable name prefix.
977e9bcf	ee87cc2a	Mon Aug 24 15:05:08 2015 -0400	Bugfix: report the correct location for wrong opcode.
ee87cc2a	2facab2d	Mon Aug 24 15:05:05 2015 -0400	Fix TextAdvance() problems involving whitespace around comment lines.
fb76d81a	67b649fa	Mon Aug 24 15:04:45 2015 -0400	Move test fixture into a separate header file so it can be reused.
01024f57	67b649fa	Mon Aug 24 12:57:57 2015 +0200	Fix the '-p' command-line switch
67cdf9fb	81d7d49a 3a731549	Mon Aug 17 07:58:00 2015 -0400	Merge branch 'fix-failing-test' into 'master'
3a731549	81d7d49a	Thu Jul 30 15:21:42 2015 -0400	Fix failing tests.
