0cc525b7	28861d1d	Wed May 31 19:31:47 2023 +0000	fix android typo
28861d1d	204473cd	Wed May 31 11:52:05 2023 -0700	various fixes (#7986)
204473cd	85088a19	Wed May 31 18:07:37 2023 +0000	[Bazel] Fix gen_reflections for flatbuffers_ts_library (#7981)
85088a19	6e214c3a	Wed May 31 11:02:39 2023 -0700	Small optimization on "deserialization" and fix on benchmarks again (#7982)
a352bdbc	cb14043f	Wed May 17 13:10:51 2023 -0700	Fix python tests (#7960)
cb14043f	d64dc620	Wed May 17 19:54:49 2023 +0200	fix(rust): fixed rust namer isses, resolve #7865 and ##7782 (#7964)
ea7cfcd5	06755315	Tue May 16 16:06:41 2023 -0700	chore: add rust windows test to CI, fix RustTest.bat (#7963)
cbc8872b	05743591	Fri May 12 17:11:18 2023 -0700	fix Mac build about gen sources and multiple targets
18cadc79	426f3b8b	Fri May 12 10:49:50 2023 -0700	fix(TS): fixed incorrect function name when importing unionTo functions (#7958)
c2f764c2	e97ff959	Thu May 11 12:22:05 2023 -0700	add GetSizePrefixedBufferLength()
e97ff959	33212657	Thu May 11 12:22:05 2023 -0700	Change SizedPrefixed verifier to be <= provided size
33212657	66e9d982	Thu May 11 12:21:50 2023 -0700	Change SizedPrefixed verifier to be <= provided size (#7957)
66e9d982	9fc153a8	Thu May 11 09:39:54 2023 -0700	fixed other occurenace of big buffer
c2bf8106	0ce69577	Wed May 10 21:35:58 2023 -0700	Fix //tests/ts:bazel_repository_test (#7952)
3e6cd51b	10b79d87	Tue May 9 22:42:31 2023 -0700	fixed bfbs gen to pass extra options (#7949)
16a7df46	76f5e981	Tue May 9 20:37:32 2023 -0700	fix --conform raising `No generators registered` error
76f5e981	368428cb	Tue May 9 20:33:54 2023 -0700	fix out-of-source builds with cmake (#7946)
67084b99	ed11b08f	Wed May 3 13:23:53 2023 -0700	Fix missing return error string for GenerateText
75143f83	fb4f6fb8	Wed May 3 00:14:27 2023 -0700	fix possible null dereference for nested_root accessor
fb4f6fb8	19d89429	Tue May 2 23:50:20 2023 -0700	fix possible null dereference for nested_root accessor
dbce69c6	aeba0964	Sat Apr 29 00:43:34 2023 -0700	more window fixes
aeba0964	966aae21	Fri Apr 28 23:22:41 2023 -0700	fixed some windows warnings (#7929)
56ecc1f5	3fda20d7	Tue Apr 25 21:38:16 2023 -0700	Optionally generate type prefixes and suffixes for python code (#7857)
fa3fa919	52f2596e	Tue Apr 11 12:40:00 2023 -0700	Fix go_sample.sh (#7903)
1cb1c4ba	50cdf92e	Fri Mar 24 03:15:34 2023 +0000	fix using null string in vector (#7872)
d4d355d8	0fde16e4	Thu Mar 9 06:53:37 2023 +0000	Fix help output for --java-checkerframework (#7854)
01f41386	b90cc35a	Thu Mar 2 23:27:06 2023 -0800	[Android][Kotlin] fixed build after decomission of jcenter and gradle update (#7840)
b90cc35a	79d6abb4	Thu Mar 2 21:52:03 2023 -0800	Add a --java-package-prefix option to flatc (#7848)
4c71f876	6af83a7d	Mon Feb 6 22:08:09 2023 -0800	fixed bad math for --annotate-sparse-vectors
85aee1f5	f3a3f451	Mon Feb 6 13:10:20 2023 -0800	Simplify and fix TypeScript compilation output (#7815)
0fb55195	f8380178	Thu Feb 2 10:39:39 2023 -0800	Fixed vtable duplication for binary annotator (#7809)
f8380178	08ebd202	Wed Feb 1 11:17:35 2023 -0800	Parsing from proto should keep field ID. (fixes #7645) (#7655)
a6f41944	7fb785fd	Mon Jan 30 21:59:17 2023 -0800	Fix std::span autodetection (#7805)
5b7a02d0	f5121615	Thu Jan 26 10:57:47 2023 -0800	Code generator refactor bug fix (#7802)
62e4d2e5	40758674	Tue Jan 10 12:04:25 2023 -0800	Fix binary output different in different platform (#7718)
40758674	4e75867b	Tue Jan 10 19:36:39 2023 +0000	Fix some identity/equality confusion in Python tests (#7768)
b17d59b1	b23493a7	Tue Jan 10 10:43:17 2023 -0800	[TS]: builder, Fix requiredField(). Verity that the field is present in the vtable (#7739) (#7752)
b23493a7	b50b6be6	Tue Jan 10 10:20:08 2023 -0800	Fix Python host-endianness dependencies (#7773)
ca6381bc	3b8644d3	Mon Jan 9 10:32:50 2023 -0800	Fix a typo in a Python test name (#7774)
b5802b57	06f2a3dc	Sat Jan 7 12:37:22 2023 -0800	Fix [C#] Object API - Invalid Property Name used in UnPackTo for unio\xe2\x80\xa6 (#7751)
74b51950	07d94851	Thu Jan 5 20:11:11 2023 -0800	Fix operator==() generated for field of fixed sized array (#7749)
3b2eb775	6420fa5c	Wed Jan 4 09:27:44 2023 -0800	Fix go.mod name (#7756)
01589630	e0d68bdd	Tue Jan 3 20:00:54 2023 -0800	Fix "\'flatbuffers::FieldDef* field\' shadows a parameter" (#7740)
e43a80c3	449d5649	Thu Dec 22 20:59:40 2022 +0000	[TS] Fix getFullyQualifiedName codegen for typescript (#7730)
449d5649	96d438df	Thu Dec 22 20:51:39 2022 +0000	Fixed test cases (#7732)
a078130c	9ed76559	Thu Dec 15 06:04:57 2022 +0000	Fix Rust codegen escaping  field in tables. (#7659)
9ed76559	9927747d	Wed Dec 14 21:58:55 2022 -0800	Add clang-tidy, fix some bugpron problems. (#7708)
9927747d	52d1b779	Wed Dec 14 21:35:54 2022 -0800	[C++] Fix clang `-Wnewline-eof` warning (#7711)
e1a2f688	c0797b22	Mon Dec 12 23:06:48 2022 -0800	[Go] Fix bug where `bytes` wasn\'t being imported when using --gen-onefile flag (#7706)
c0797b22	97ee2108	Mon Dec 12 21:22:24 2022 -0800	fix clang format plus implicit cast error. (#7704)
97ee2108	3be296ec	Mon Dec 12 21:20:26 2022 -0800	Fix a bug where a floating point number was cast to int and the value was stored incorrectly because of low byte width. (#7703)
aadc4cb8	b5ebd3fd	Tue Dec 6 21:19:54 2022 -0800	fix: byte_width_ = 1U << static_cast<BitWidth>(packed_type & 3) implicit conversion loses integer precision: \'unsigned int\' to \'uint8_t\' (aka \'unsigned char\') [-Werror,-Wimplicit-int-conversion] (#7697)
11394575	5b7b36e8	Tue Dec 6 14:01:12 2022 -0800	Fix "Download Doxygen" URL (#7699)
2eaf7906	3b2ced01	Thu Dec 1 20:21:48 2022 -0800	Fix confrom failure for nullptr dereference. (#7688)
cf89d1e7	ad6054c6	Tue Nov 29 08:12:28 2022 -0800	Fix PHP byte validation and reenable builds (#7670)
533f75d9	fcab80f1	Mon Nov 28 17:27:55 2022 -0800	Fix java import wild card (#7672)
1cba8b2b	eead6c62	Tue Nov 22 13:21:25 2022 -0800	Fix go generator undefined Package name, also throwing exception (#7632)
bb9b9dad	ade9e19b	Tue Nov 22 20:11:14 2022 +0000	Fixed the BytesConsumed function, which was pointing slightly ahead. (#7657)
ade9e19b	eb1abb51	Tue Nov 22 20:00:13 2022 +0000	[C#] Fix collision of member if union name is "Value" (#7648)
1fa60910	634c2ee7	Thu Nov 17 20:24:48 2022 -0800	Fix schema to binary test, when build and run from all directories. specially when add to other projects. (#7650)
41d69032	7b038e32	Sun Nov 13 11:52:02 2022 -0800	[Go] Fix GenNativeUnionUnPack for imported union type. (#7579)
7b038e32	74756e5d	Sun Nov 13 19:21:57 2022 +0000	Fix import problem in dart generated files. (fixes #7609). (#7621)
74756e5d	879622fc	Fri Nov 11 18:36:47 2022 +0100	[swift] fix broken swift test build (#7633) (#7634)
879622fc	83e7a98f	Fri Nov 11 04:47:28 2022 +0000	Fixes #7345 to add the option to minify enums (#7566)
225578a8	459e8acc	Thu Nov 10 20:09:01 2022 -0600	Temporary fix for SLSA generators (#7636)
8aa8b913	001adf78	Tue Nov 8 10:59:46 2022 -0800	Fix handling of +/-inf defaults in TS/rust/go/dart codegen (#7588)
dbc58ab7	2facfeec	Tue Nov 8 18:16:17 2022 +0000	Fix help output for --gen-includes (#7611)
2facfeec	4de2814c	Tue Nov 8 17:59:48 2022 +0000	Fix missing spaces in flatc help text (#7612)
4de2814c	37b1acda	Tue Nov 8 09:53:53 2022 -0800	Fix: arduino platform build (#7625)
37b1acda	a22434e2	Tue Nov 8 09:49:27 2022 -0800	Fix current official name of macOS (#7627)
15f32c69	051afd88	Sat Oct 29 00:37:27 2022 +0000	python: object generation prefix and suffix (#7565)
c2d9c208	e34ae4c6	Fri Oct 28 17:00:24 2022 -0700	[TS] Add support for fixed length arrays on Typescript (#5864) (#7021) (#7581)
e34ae4c6	e5453612	Thu Oct 27 16:14:26 2022 -0700	`build.yml`: Fix missing \'v\' in version
8c8151f8	ebb7c203	Wed Oct 26 16:41:17 2022 -0700	`release.yml` Fix nuget push command
043a24f2	5a48b0d7	Wed Oct 26 14:56:52 2022 -0700	[Python] Fixed the issue with nested unions relying on InitFromBuf. (#7576)
f7b73443	5792623d	Thu Oct 20 18:15:00 2022 -0700	Fix LongEnum definitions (#7596)
5792623d	0edb2752	Wed Oct 19 09:14:41 2022 -0400	Rust fix compilation for no_std targets #2 (#7553)
04cd037b	e1c5db98	Mon Oct 17 17:49:28 2022 -0400	Fix #7580 by documenting union schema evolution rules (#7585)
e1c5db98	b80142b9	Mon Oct 10 21:26:35 2022 -0400	Turn on clippy for Rust and fix lints for non-generated code (#7575)
374f8fb5	dadbff57	Thu Sep 29 09:58:49 2022 -0400	Rust soundness fixes (#7518)
41311585	88046190	Thu Sep 22 11:08:09 2022 -0700	[Python] Python fixed size array (#7529)
bfceebb7	bc44fad3	Wed Sep 14 21:45:40 2022 -0700	Fix conform (#7532)
4c954181	7f754773	Thu Sep 1 22:04:18 2022 -0700	[Java][FlexBuffers] throwing exception for untyped fixed vectors (#7507)
a79d61ea	d465b39c	Thu Sep 1 11:44:13 2022 -0700	Fixes issue with cocoapods failing to be published because of docc (#7505)
d465b39c	c5a609dc	Thu Sep 1 10:28:59 2022 -0700	[CMake]: fix breaking find_package change (#7499) (#7502)
b8638744	e2eb5ee6	Fri Aug 26 14:35:21 2022 -0700	Fix typos (#7483)
fa41e836	799cc8f7	Thu Aug 25 16:50:17 2022 -0700	[C++] Fixed crash when copying table with empty shared strings (#7477)
fef2ffc4	8367664f	Tue Aug 23 21:29:17 2022 -0700	Use schema include name for keep-prefix (#7469)
d6f06c33	627e8bf3	Mon Aug 22 18:59:24 2022 -0700	Reworked keep prefix (#7456)
f7c51195	a66de58a	Tue Aug 16 10:48:41 2022 -0700	Audit and fixups for GCC and Clang (#7212)
fa1174aa	83d4e2a1	Sun Aug 14 11:34:19 2022 -0700	[TypeScript] Fix namespaceless schema generation (#7432)
8a09f3fb	9dbe819e	Sat Aug 13 18:29:28 2022 -0700	Fix FlexBuffers JS/TS bug https://github.com/google/flatbuffers/issues/6934 (#7434)
468c00a3	47c757f7	Sun Aug 7 11:32:53 2022 -0700	Rebased: grpc/compiler: Respect filename suffix and extension during code generation (#7414)
359e0f9d	ebbed051	Fri Aug 5 23:20:33 2022 -0700	Revert "grpc/compiler: Respect filename suffix and extension during code generation (#7343)" (#7406)
32328075	97e89c5a	Fri Aug 5 22:12:15 2022 -0700	Fix error msg format when generate GRPC failed (#7350)
97e89c5a	5f6672be	Fri Aug 5 22:11:45 2022 -0700	grpc/compiler: Respect filename suffix and extension during code generation (#7343)
5f6672be	28e858c8	Fri Aug 5 22:08:36 2022 -0700	Fix Clang-Cl compile on Windows (#7308)
987bebe6	ec012936	Fri Aug 5 22:00:16 2022 -0700	[TS] fix incorrect reverse when writting array of structs (#7271)
ec012936	50dd385b	Fri Aug 5 10:45:01 2022 -0700	Fix FlexBuffers Verifier tracking vectors reuse at wrong offset
6e279164	52fce5e5	Tue Jul 26 15:11:54 2022 -0700	keep-prefix keeps relative pathing (#7394)
52fce5e5	b7f13cd8	Tue Jul 26 15:10:13 2022 -0700	fix(#7360): grpc used deprecated functions (#7361)
0a806463	b9eea76a	Thu Jul 7 16:06:19 2022 -0700	Fix references to LICENSE file (#7377)
b9eea76a	1b903001	Tue Jun 28 11:16:47 2022 -0400	[Dart] Implement putBool to fix errors when serializing structs with bools (#7359)
0d1b72cb	9fce2fbf	Tue Jun 14 15:25:35 2022 -0700	[TS] fix ts import path issue (#7298)
74a25536	12917af8	Fri May 13 15:15:00 2022 -0700	Add size check to fix out of bounds read risk (#7304)
76d3cca1	c86e6d0e	Mon Apr 25 13:09:41 2022 -0400	Rust: fix a name conflict when building with "no_std" feature (#7268)
d34dc32c	234d86c9	Fri Apr 22 11:19:04 2022 -0700	fix include order
234d86c9	746c73b9	Thu Apr 21 21:22:20 2022 -0700	fixed off-by-one in parser
0bbfd4b2	71652195	Thu Apr 21 11:46:16 2022 -0700	fixes for annotator
9d45a640	ccfb4c20	Tue Apr 19 14:35:20 2022 -0700	more google merge fixes
70002dc5	6e0e79f2	Mon Apr 18 21:15:35 2022 -0700	various fixes for google merge
b856368d	e37156a3	Sat Apr 16 15:29:18 2022 -0700	Turn off go modules temporary until we get a proper fix (#7251)
7b5fd2bd	7181d777	Mon Apr 11 17:17:19 2022 -0700	[Kotlin] Fix key lookup returning null clashing with default value (#7237)
7181d777	7f663b12	Mon Apr 11 17:16:41 2022 -0700	[Java] Fix key lookup returning null clashing with default value (#7236)
173ebb69	d6582394	Fri Apr 8 15:28:54 2022 -0700	Fixes a bug where the create function doesnt optional + required items (#7228)
35281ded	c9651b74	Fri Apr 1 13:35:57 2022 -0700	Fix for [C++] flatc generates invalid Code in the default constructor for structs, when --cpp-field-case-style is used #7209 (#7211)
40866a89	b71d968f	Wed Mar 30 16:43:22 2022 -0700	fixed padding in struct for annotated binary (#7199)
b71d968f	fac0d7be	Wed Mar 30 18:45:11 2022 -0400	Apply Namer prefix/suffix to other generators (#7197)
6c5603fd	2d21853a	Wed Mar 30 12:51:58 2022 -0700	[C#] Fix collision of field name and type name (#7149)
2d21853a	fec1a8d0	Wed Mar 30 12:29:41 2022 -0700	monster fuzzer fix for json default scalars
2ad40869	4213d910	Wed Mar 23 21:40:11 2022 -0700	[TS] Fix generation of struct members in object api (#7148)
4213d910	5a13f622	Wed Mar 23 21:39:38 2022 -0700	VerifySizePrefixed (reflection::Schema) and GetAnySizePrefixedRoot added (#7181)
40827b21	65a10b6e	Mon Mar 7 11:53:20 2022 -0500	Fix missing \'break\' (#7151)
9ed13230	1a4c4056	Fri Mar 4 21:57:48 2022 -0800	Fix 64-bit numeric enum values in typescript (#7135)
70e2f49b	5ac0367e	Mon Feb 21 20:26:40 2022 -0800	fixed string-json -> strict-json typo
5ac0367e	5d101afb	Mon Feb 21 22:13:40 2022 -0600	[TS] Fix generation of reserved words in object api (#7106) (#7115)
5d101afb	06f4af11	Fri Feb 18 21:29:21 2022 -0800	Fix minor typo in WhitePaper.md (#7108)
3413c330	69f5660a	Mon Feb 14 12:01:52 2022 -0800	Fixed FlexBuffers verifier fuzzer timing out
69f5660a	d5add9fc	Mon Feb 14 11:48:46 2022 -0800	Fixed Parser not checking size of union types vector
d5add9fc	15df50eb	Mon Feb 14 11:28:31 2022 -0800	Fixed FlexBuffers ToString unquoted non-ident keys
e910bddb	c85fb690	Tue Feb 8 12:21:20 2022 -0800	[JS] Add ".js" suffix to all import statements to generate a browser compatible mjs version. (#7086)
f5664d33	39c8a19c	Thu Feb 3 08:43:28 2022 -0800	fix go_test implement error (#7012)
39c8a19c	826193ff	Wed Feb 2 23:44:43 2022 -0800	fixed comparator for native_inline (#7076)
a2b23896	619b7843	Wed Feb 2 23:39:19 2022 +0300	Fixed default value of bool in struct for Swift (#7072)
e090d8da	bc901436	Tue Feb 1 12:58:10 2022 -0800	Fixed long cast to int in flexbufferbuilder.java (#7059)
4f3b24db	1d294a31	Mon Jan 31 18:12:57 2022 +0300	Fixes a bug where bools arent being nil when marked optional (#7051)
19920db3	dbbaeac8	Fri Jan 28 20:52:32 2022 -0800	Include a SizePrefixed..HasIdentifier for c++. (#6871)
1fbfaf5c	4421375b	Tue Jan 25 20:57:31 2022 -0800	Fix/cmake build grpc (#7028)
162ad7a3	a0a6c3f8	Tue Jan 25 16:43:08 2022 -0800	Fix comment with line orders - Rust should be last. (#7037)
a0a6c3f8	a2d38fbb	Tue Jan 25 16:19:05 2022 -0800	Use actions/checkout@v2, which fixes security vulnerability. (#7036)
96cc2f3e	3250a1f8	Fri Jan 14 14:38:04 2022 -0800	BuildFlatBuffers.cmake: fix arguments not passed properly to flatc (#7013)
b3edfdbf	b8aaccee	Sat Dec 18 18:23:28 2021 -0800	Reverting grpc generated file suffix (#6995)
4264daad	3cbc120a	Mon Dec 13 15:47:06 2021 -0800	FlexBuffers fuzzer fixes
b92bb058	956d1156	Fri Dec 10 15:40:21 2021 -0800	[CMake]: Fix version in pkgconfig file (#6986)
705f27f6	5fc87f4c	Fri Dec 10 11:28:24 2021 -0800	[CMake]: Fix python command for mingw environment (#6984)
fcc2bee0	e08da4de	Thu Dec 9 10:30:15 2021 -0800	Fix typo in variable name (#6973)
18538c40	e57f4ab2	Mon Dec 6 14:16:04 2021 -0800	[TS] Fix reserved words as arguments (#6955) (#6956)
cffe0c45	fadd40e4	Thu Dec 2 20:32:51 2021 -0800	FixedTypedVector: add const to ElementType() and size() (#6965)
fadd40e4	e47dc0e4	Thu Dec 2 09:49:12 2021 -0800	Have grpc include file with correct filename-suffix given to flatc (#6954)
a2b99084	85b4effa	Mon Nov 22 13:37:36 2021 -0800	Fix flexbuffers clang-analyzer warning (#6947)
85b4effa	790f4115	Mon Nov 22 12:14:31 2021 -0800	test: fix undefined order of functio parameters. (#6946)
790f4115	e89de441	Mon Nov 22 11:53:50 2021 -0800	[cmake] Fix getting version info from tags during the build (#6936)
587bbd49	a9c34154	Thu Nov 18 10:55:11 2021 -0800	[C++] Fix compile failure on Object API union construction for struct member (#6923)
a9c34154	8aa18b62	Thu Nov 18 09:41:44 2021 -0800	Fix integer overflow warnings
8aa18b62	d727579b	Wed Nov 17 20:22:23 2021 -0800	fixed cmp0048 error (#6932)
d727579b	97a30171	Wed Nov 17 14:43:56 2021 -0800	fuzzers: fix typo in file path (#6931)
8433eb10	f2f9380c	Thu Oct 28 13:03:03 2021 -0700	Typo fixes in comments of flatbuffers.h and flexbuffers.h (#6901)
e672dabf	9a4ca276	Mon Oct 18 11:24:52 2021 -0700	[C++] Fix memory leak when using grpc (#6896) (#6897)
38295a18	31bb0b97	Thu Oct 7 13:00:07 2021 -0700	[Kotlin] Fix missing escape for struct construction statements (#6877)
2dd21263	f63c130c	Mon Sep 27 12:07:04 2021 -0700	Fix linker errors on (Free|Open)BSD. (#6860)
354d97f6	6f7a57ea	Tue Sep 21 15:01:29 2021 -0700	fixed errant itemgroup element in C# test project (#6854)
47d35f10	8fb8c2ce	Fri Sep 10 12:55:46 2021 -0400	BugFix: Optional enum when it is null (#6835)
c3a38242	74c3d7eb	Thu Sep 2 11:38:45 2021 -0400	Fix typos in docs (#6829)
b20c4d3a	ae145293	Mon Aug 30 15:34:42 2021 -0700	[C++] Add GetMutableSizePrefixedRoot and generate GetMutableSizePrefixedXxx functions (#6815)
4b9123ba	f89e0b1a	Tue Aug 24 09:41:39 2021 -0400	fix parser string=null (#6810)
273f6084	4a087945	Wed Aug 18 15:37:44 2021 -0400	Fix Rust keyword inconsistency (#6794)
d6f51ea1	067dce6e	Mon Aug 16 14:43:26 2021 -0400	fix ptr in flatbuffers cpp tutorial (#6787)
2ca5f0e7	f20d2253	Sun Aug 15 15:51:58 2021 -0400	[C#] Respect command line parameter for file name extension and suffix (#6779)
390d438e	6fb2c90d	Sat Aug 14 08:57:38 2021 -0700	[Kotlin] Fix CI by changing compiler to Java 11 (#6783)
775c6567	97d9527f	Mon Aug 2 13:40:17 2021 -0700	[C++] Fix compiler warning -Wredundant-parens in clang (#6761)
3dd02144	e77926f0	Mon Jul 26 10:02:27 2021 -0700	[C#] Fix field name struct name collision (#6744) (#6757)
ac234820	8be8a0a7	Mon Jul 26 09:54:13 2021 -0700	Dart - fixup writeString() return type after previous merges (#6753)
8be8a0a7	12e341e4	Sun Jul 25 16:20:34 2021 +0700	[C++] Fix union type handling on object api in C++17 (#6745)
674a9f2a	016e6aa1	Mon Jul 19 18:47:20 2021 -0400	fix lints in rust tests (#6743)
65700441	dd5bb55c	Mon Jul 19 11:27:01 2021 -0700	Dart - make vTable fixed size (expect the number of fields when creating) (#6735)
838c93b8	089f48a4	Fri Jul 9 09:53:27 2021 -0700	Dart - fix flex-builder compilation error (#6722)
bf3470c1	8f8196e1	Thu Jul 8 13:40:53 2021 -0700	Fix UB in CreateVectorOfStructs in case of an empty vector: avoid calling memcpy in this case (#6726)
8f8196e1	8ab35b2a	Thu Jul 8 13:29:00 2021 -0700	Fix 6348 (#6717)
c0ba2870	22498cf3	Wed Jun 30 14:55:56 2021 -0400	Fix typo in docu (#6714)
bd37e67a	a6ee3355	Sun Jun 27 09:50:12 2021 +0700	[C++] Fix a -Wdeprecated-copy warning. (#6708)
acce4ac3	8fd7861b	Fri Jun 18 15:49:55 2021 -0400	Fix incorrect assertion usage. (#6702)
8fd7861b	c58ae942	Thu Jun 17 13:02:22 2021 -0700	Fix warning about deprecated module: imp (#6362)
6415ef05	f069396d	Thu Jun 10 12:52:19 2021 -0700	[Python] [Codegen] Fixes nested structs with underscore names (#6686)
021177af	e1e9f937	Mon Jun 7 09:16:13 2021 -0700	Fix snap version formatting (#6683)
15110094	093badb0	Fri Jun 4 13:32:16 2021 -0700	Fix GitHub Actions CI gcc/clang versions
baaffbae	4cb3f222	Thu Jun 3 13:40:35 2021 -0700	npm update to 2.0.3 and script fix
4cb3f222	eabdbda7	Tue Jun 1 09:10:55 2021 -0700	[TS] Fix module reference in package.json (#6676)
221eeb23	813d3632	Mon May 24 11:22:01 2021 -0700	Fix typo in C++ doc (#6664)
b4e67f9b	54c11932	Thu May 20 12:00:51 2021 -0700	Dart test fix (#6660)
f1884c66	72730ecd	Mon May 17 11:27:49 2021 -0700	Fix gRPC test to use EndVector without specifying the length. (#6646)
4867c945	ef0eb370	Sat May 15 13:27:24 2021 -0700	Fixed generation of c++ code with flags (#6637)
c121c034	8fd10606	Thu May 13 13:32:13 2021 -0700	Fixed Java gRPC version number dependency
c8c16de1	4525cd9c	Mon May 10 09:07:56 2021 -0700	Fix reverse iterators for Vector and Array (#6626)
47361baf	8a582883	Thu May 6 14:42:44 2021 -0700	[C++] Fix union copy constructor to work with nested structs (#6552) (#6607)
60ff7663	a27c7d80	Mon May 3 12:04:34 2021 -0700	[TS] Remove wrong and obsolete NS prefix use (#6604)
a27c7d80	36322082	Mon May 3 11:35:49 2021 -0700	Fixed LuaJIT when not compiled with COMPAT mode (#6605)
36322082	6b44c605	Mon May 3 10:40:59 2021 -0700	removed unneeded type prefixing (#6601)
8fa3dfdb	29379e8e	Thu Apr 29 18:23:22 2021 -0400	Introduce new_from_vec in Rust (also fix formatting) (#6599)
29379e8e	14725d6c	Thu Apr 29 10:05:55 2021 -0700	fix typo in CppUsage.md (#6595)
c87179e7	c24031c3	Mon Apr 26 19:28:25 2021 -0400	Rust Remove SafeSliceAccess for Arrays, and fix miri. (#6592)
b82fe073	1e7f6c8c	Thu Apr 22 12:36:23 2021 -0700	[Rust] Fix small mistyping (#6585)
1045d7dd	0c777759	Mon Apr 19 14:30:20 2021 -0700	[Lua] Fix EnforceNumberAndPack for bool type (#6576)
da3bb64e	151900ba	Fri Apr 16 11:15:59 2021 -0400	[Rust] Add support for fixed size arrays (#6548)
cd67261b	1aa0c2f6	Mon Apr 5 12:34:42 2021 +0300	[CI] fixes buildkite (#6544)
124654ff	3b7d1e86	Thu Mar 25 10:25:00 2021 -0700	fixed packing structs (#6530)
c992eafb	ef8dd779	Thu Mar 18 10:56:28 2021 -0700	[fuzzer] Add `monster_debug` target (#6513)
6543ba52	0e453ac3	Thu Mar 11 11:14:23 2021 -0800	fixed packing structs in nested buffers (#6509)
4033ff58	a0835725	Thu Mar 4 12:12:44 2021 -0800	fixed invalid TS call and added test files (#6495)
bf906120	8142fedd	Thu Feb 25 14:57:10 2021 -0800	fix for noUncheckedIndexedAccess in ts (#6474)
8142fedd	c0be1cb7	Thu Feb 25 14:38:12 2021 -0800	Working on a python example plus fixing python grpc code (#6456)
c0be1cb7	8cccdfba	Wed Feb 24 13:00:18 2021 -0500	[rust] Remove debug code (#6475)
8cccdfba	cbbbaa61	Tue Feb 23 11:30:07 2021 -0800	Revert "[C#] Fix truncated ArraySegment<byte> if elementSize != 1 (#6462)" (#6488)
cbbbaa61	ffc2ef77	Tue Feb 23 09:34:20 2021 -0800	[C#] Fix truncated ArraySegment<byte> if elementSize != 1 (#6462)
e2f5438a	5e3613f7	Fri Feb 19 12:16:38 2021 -0800	Fixes grammer (#6477)
5e3613f7	e6b911d4	Fri Feb 19 12:13:50 2021 -0800	Fix sample_binary.py to use latest EndVector without a size. (#6478)
0c7ae581	ae603b97	Fri Feb 19 12:47:59 2021 +0300	[Go] Working on a go example plus fixing go grpc code (#6448)
334c6be4	4174c10e	Wed Feb 17 09:34:39 2021 +0300	Fix a typo in Swift codegen (#6470)
0b15916e	60eed0ca	Wed Feb 10 11:48:24 2021 -0800	[C++]Fix extra char generation for byte type during json schema generation (#6276)
7abe612b	408cf580	Tue Jan 12 10:20:47 2021 -0800	[fuzzer] Fix the binary schema loading in the monster_fuzzer (#6396)
408cf580	39e115fd	Mon Jan 11 15:24:52 2021 -0500	Fix Rust UB problems (#6393)
85719669	809fe49c	Fri Jan 8 11:09:41 2021 -0800	[fuzzer] Debug the monster_tets.bfbs on clusterfuzz server (#6392)
809fe49c	41253e57	Thu Jan 7 14:51:52 2021 -0800	Fix up scripts, fix generated enum value for strong mode, regenerate files (#6389)
41253e57	08d2ce84	Thu Jan 7 11:54:00 2021 -0800	[go] tests/GoTest.sh: Fix flags.Parse location to work on new go SDKs. (#6388)
08d2ce84	a15a8d93	Thu Jan 7 11:40:47 2021 -0800	fix Dart Builder._writeString() - always write trailing zero byte (#6390)
a15a8d93	83ce29cc	Thu Jan 7 11:28:33 2021 -0800	fix Dart Builder.reset() - clear vTables (#6386)
83ce29cc	4363c1d2	Thu Jan 7 11:24:59 2021 -0800	[C++, JSON] Fix nullptr access when reading a key with a default value. (#6375)
4363c1d2	1bf1ec02	Tue Jan 5 14:45:23 2021 -0800	Fix generated EndVector. (#6385)
46545e62	0168178a	Mon Jan 4 14:11:59 2021 -0800	fixed warnings (#6355)
0168178a	82836a62	Mon Jan 4 13:29:32 2021 -0800	Fix multiple fbs code generation failure (#6365)
be37d4da	4e79d129	Wed Dec 30 12:02:36 2020 -0800	include_prefix support for rust (#6330)
05192553	f2511d7d	Thu Dec 17 13:15:27 2020 -0800	Fix typos in usage/comments; Make rust generator respect to --filenam\xe2\x80\xa6 (#6342)
7e003902	65c41591	Fri Dec 11 10:31:20 2020 -0800	Fix Max CI build path (#6333)
80a745d9	9fca5e4f	Thu Dec 10 14:19:46 2020 -0800	Fixed missing ending quotes in labeller (#6327)
bc7eb8ad	fc960f36	Mon Dec 7 11:47:33 2020 -0800	[fuzzer] Fix mistakes in the `parser` and `scalar` fuzzers. (#6314)
f437f0f7	7f33cf68	Mon Dec 7 11:21:23 2020 -0800	[fuzzer] Fix loading of schema in monster_fuzzer (#6308)
bc518a51	100c5905	Mon Nov 23 09:02:40 2020 -0800	Fixed FlexBufferBuilder asserting on duplicate keys
25eba6f3	e1f0f75b	Thu Nov 19 09:08:52 2020 -0800	fix typo (#6280)
e1f0f75b	faeb04fb	Thu Nov 19 00:20:47 2020 -0800	Updated Ms build Action to fix build issue (#6279)
6764f25d	d6a8dbd2	Sun Nov 15 17:50:12 2020 +0300	Adds a fix for enum generation (#6263)
d6a8dbd2	ed391e17	Fri Nov 13 15:48:05 2020 -0800	Experimental fix for failing oss-fuzz coverage build (#6259)
46a8c7e9	bc56c553	Thu Nov 5 13:58:06 2020 -0800	Added required-nested-flatbuffer to monster_test and fixed rust (#6236)
c9b29d08	fba93e0a	Thu Nov 5 11:23:56 2020 -0800	Support size-prefixed buffers and add tests for size-prefixed messages (#6232)
b08b0a44	17ae48de	Thu Oct 29 12:57:29 2020 -0700	Implement `Debug` trait for Rust flatbuffers. (#6207)
14ecfe42	a0182cdb	Wed Oct 28 19:23:22 2020 -0700	Updated comments and fixed a fundamental type error. (#6214)
84809be7	1606fb63	Thu Oct 22 14:07:29 2020 -0700	Fix typo in flatbuffers::span declaration. (#6202)
a402b3ab	0e1415b9	Fri Oct 16 10:43:09 2020 -0700	idl_gen_json_schema Fix generation of arrays of enums (#6184)
0e1415b9	5cd71371	Thu Oct 15 15:47:06 2020 -0700	fix(go_test): remove deprecated grpc call (#6183)
543c1bbe	cb971eec	Sat Oct 10 11:49:02 2020 -0700	Fixed rust nested flatbuffers for tables other than self (#6062)
cb971eec	7b9e61fc	Thu Oct 8 08:00:40 2020 -0700	[C++] Fix -Wnarrowing and -Woverflow due to signed bitfields on G++ ARM (#6163)
bbcc85fd	0bdf2fa1	Fri Oct 2 10:27:30 2020 -0700	Fix generation of C++ code with Optional<Enum> (#6155)
0bdf2fa1	2eedc769	Mon Sep 28 11:56:59 2020 -0700	[C#] Fix and improve project files (#6142)
ab139d6b	34d67b42	Wed Sep 23 13:14:51 2020 -0700	Revert "[C#] Fix and improve project files (#6116)" (#6130)
34d67b42	96d5e359	Tue Sep 22 17:57:01 2020 -0700	Minireflect fixed array (#6129)
96d5e359	eb686a86	Mon Sep 21 09:46:24 2020 -0700	[JS/TS] fix flatbuffers default export (#6123)
75028163	fb4e1c34	Mon Sep 21 09:32:59 2020 -0700	[C#] Fix and improve project files (#6116)
92a8c1a0	6cea45dc	Thu Sep 10 12:36:37 2020 -0700	[JS] FlexBuffers Fix for wrong type of offset and length values (#6107)
6cea45dc	fec58aa1	Wed Sep 9 15:02:24 2020 -0700	fix c# json serializer commandline argument docs (#6104)
fec58aa1	71aca81f	Fri Sep 4 15:52:13 2020 -0700	Fix for issue 6100: incorrect shrinking logic in ResizeContext() (#6102)
c30a87de	a0fb3057	Mon Aug 3 12:08:52 2020 -0700	[TS] Fix four bugs with imported types in TypeScript. (#6054)
18b015d2	d76e93f2	Sat Jul 25 13:46:20 2020 -0700	Rust codegen improvements and lint fixes (#6046)
82fac326	043b52bd	Fri Jul 24 10:35:27 2020 -0700	[C++] Fix compiler error from deleted assignment operator (#6036) (#6047)
6d0aae73	ff1b7312	Mon Jul 20 12:26:01 2020 -0700	Fix git command executed in wrong folder when doing cmake superbuild (#6039)
35d45cac	165a6e3d	Thu Jun 25 17:12:10 2020 -0700	[Rust] Flexbuffers dependency cleanup and fixes (#5998)
13d3fb2e	d64078eb	Thu Jun 25 15:33:58 2020 -0700	Fix RPM install conflict (#6003)
413bb9b5	f35184ae	Mon Jun 22 17:08:35 2020 -0700	[Kotlin] Fix Access to union of vector element (#5994)
8e505cb6	a28357d7	Thu Jun 11 16:38:40 2020 -0700	[C++] Fixed/Enabled --cpp-ptr-type std::shared_ptr [#5813] (#5959)
4e45f7c9	7ac02640	Tue Jun 9 23:35:07 2020 -0700	Fix error in SimpleQSort (#5955)
7ac02640	108e981d	Mon Jun 8 10:18:46 2020 -0700	fix error on GRPC Python - ignore namespace tree if not specified (#5862) (#5922)
94a78e38	53fb453e	Mon Jun 8 09:50:40 2020 -0700	Fixed: Access violation and ASAN/UNSAN failures with sorted tables
38ed69eb	d026e6f0	Thu Jun 4 09:08:41 2020 -0700	fixed mutating inline values (#5942)
c3faa834	91399ad0	Wed May 13 11:24:32 2020 -0700	Fix Cargo.toml dependencies (#5911)
91399ad0	32782e4a	Wed May 13 10:26:32 2020 -0700	fix union type names (#5902)
12ed1fe4	85ee4df7	Thu May 7 16:21:30 2020 -0700	fixed invalid imports with --gen-all (#5895)
ff1c7823	2e9a1967	Mon May 4 10:21:57 2020 -0700	include/flatbuffers: typo fixes in comments (#5884)
40ba170c	cb4d0f72	Thu Apr 23 09:28:22 2020 -0700	Fixed text in internals doc that implied structs can be root
21cf300f	9655e12d	Thu Apr 9 09:38:58 2020 -0700	fix cpp usage markdown error (#5845)
fb96fadc	408f11fb	Mon Apr 6 09:27:13 2020 -0700	[C#] Fix nested structs and arrays in Object API (#5765)
408f11fb	a83caf59	Mon Apr 6 09:09:15 2020 -0700	[ts] Fix empty source/dest namespaces when reexporting. (#5841)
6b271b7e	90f3b8e8	Mon Mar 23 10:01:11 2020 -0700	Fix Clang-trunk warnings about special members deprecated in C++20. (#5829)
90f3b8e8	3af73593	Mon Mar 23 09:51:57 2020 -0700	Fix `float_constant` definition in \'./doc/Grammar.md` (#5828)
9b034eee	3e9ac3cf	Mon Mar 16 11:59:34 2020 -0700	Fix interpretation of \'nan(number)\' by the idl_parser (#5810)
89b6183e	5a98d65e	Mon Mar 9 16:46:41 2020 -0700	Fix Python min alignment
4749e77b	6ff18984	Mon Mar 2 12:16:02 2020 -0800	Fixed docs on how to obtain parser error.
6ff18984	c9a30c9c	Mon Mar 2 10:15:23 2020 -0800	Added --filename-suffix and --filename-ext to flatc (#5778)
c9a30c9c	8c02d17b	Thu Feb 27 12:59:43 2020 -0800	Fixed refractoring issue in reflection/generate_code.sh. Also, mv deletes the original file, so I don\'t need to clean it up manually in that case. (#5777)
6d44cede	cc08c083	Thu Feb 13 08:05:21 2020 -0800	[snap] Fix versioning (#5727)
cc08c083	54f8b787	Wed Feb 12 13:53:09 2020 -0800	[Python] Fixed potential allignment issue (#5768)
54f8b787	17557f91	Wed Feb 12 12:12:45 2020 -0800	Fix memory leak on cpp object api (#5761)
17557f91	d54af8cd	Tue Feb 11 15:02:21 2020 -0800	[Python] Fixed issue #5499 (#5764)
c580fa28	f2a12723	Mon Jan 27 10:05:41 2020 -0800	Adds min and max, comments, and all of swift\'s keywords + fix docs (#5737)
f2a12723	316d7c20	Mon Jan 27 10:03:00 2020 -0800	Use VS 2017 and 2019 on CI, fix cast issue in dart_idl (#5740)
316d7c20	47026ea6	Fri Jan 24 14:55:57 2020 -0800	Creates a flatbuffers validation function + small fix (#5725)
7cdfc847	bab2b0db	Fri Jan 24 09:45:19 2020 -0800	[Swift] Fix padding function overflow when bufSize is 0 (#5721)
89418eb8	9cadf05d	Thu Jan 23 14:53:58 2020 -0800	[Dart] Fix deprecated field support, inf/nan (#5724)
9cadf05d	6da1cf79	Mon Jan 20 21:20:52 2020 -0800	[typescript] Size-prefixed root accessors not taking into account size prefix (#5717)
01189d7e	c4b2b0a2	Thu Jan 16 14:12:25 2020 -0800	[C++] Fix for printing of enum in case output_enum_identifiers=1. (#5706)
21b70619	35daaf83	Mon Jan 6 10:00:59 2020 -0800	(Optionally) add an additional suffix namespace to generated fbs files. (#5698)
bcd58a15	a2c12900	Mon Dec 30 10:34:01 2019 -0800	Correct inverted logic around include prefixes. (#5689)
b4154405	04c17c7a	Thu Dec 26 10:03:22 2019 -0800	Fix --incompatible_load_cc_rules_from_bzl (#5683)
3a70e0b3	9b132013	Mon Dec 23 17:35:54 2019 -0800	Fixed struct initialization error on older versions of C#
9b132013	5e391605	Mon Dec 23 17:11:57 2019 -0800	Fixed warnings in FlexBuffers.java
5e391605	c9575505	Mon Dec 23 14:01:41 2019 -0800	Fixed out of date licenses on gRPC Python files.
3e8f15df	602721a7	Mon Dec 23 11:49:59 2019 -0800	Fix for FlexBuffers FBT_VECTOR_STRING size bit-width.
ce3a1c43	aa75e573	Wed Dec 18 11:23:54 2019 -0800	[Dart] Fix prepare space for writeListInt64 and writeListUint64 (#5654)
eddebec1	030fee36	Sun Dec 15 15:18:22 2019 -0800	Bugfix for Rust generation of union fields named with language keywords (#5592)
d7530ae9	99d11e27	Thu Dec 5 14:28:36 2019 -0800	Fixed enum min/max values not properly escaped.
3c964e10	c3c32ec9	Tue Nov 26 12:25:36 2019 -0800	[GO] Fix support for enums with underscores and Unions with imported members (#5600)
c3c32ec9	075e8d67	Mon Nov 25 12:56:47 2019 -0800	Fix ambiguity of a type deduction in TEST_EQ macro if arguments have `enum class` type. (#5630)
ff3781dc	6beb9f49	Mon Nov 18 12:02:14 2019 -0800	add namespace prefix in FLATBUFFERS_MAX_BUFFER_SIZE (#5629)
e837d5a2	9834ee97	Mon Nov 4 17:23:01 2019 -0800	Fixed deprecated method in GRPC Java test.
9834ee97	44b2ab08	Mon Nov 4 17:15:56 2019 -0800	Fixed Apache license not using canonical version.
44b2ab08	46ae3f80	Mon Nov 4 14:58:51 2019 -0800	include/flatbuffers/base.h: fix no_sanitize issue with old clang (#5610)
7b38aa71	661bedd8	Mon Nov 4 14:28:33 2019 -0800	flatbuffers.h: fix documentation warning (#5607)
8526e12d	3c7b660d	Mon Nov 4 14:25:07 2019 -0800	[Kotlin] Fix union vector accessor after change in Java API (#5605)
1b85292f	48081544	Mon Oct 28 10:02:46 2019 -0700	Fix typos in comments (#5590)
b4774d23	26f238c2	Mon Oct 28 00:20:29 2019 -0400	Rust: Fix Copy and Clone impls for a few generic types (#5577)
e93c8c46	e21516b9	Sat Oct 19 23:24:13 2019 -0400	Fix Follow implementation for bool (#5554)
e21516b9	fbc11e8a	Fri Oct 18 10:16:55 2019 -0700	Fix issue #5557 (#5573)
df3e8bf4	5665cfe4	Thu Oct 17 15:16:40 2019 -0700	Fixed warnings generated by recent JSON sorting feature.
5797540e	7f1af7cb	Thu Oct 17 14:22:21 2019 -0700	#5544 Fix of Array of table is not sorted if Create<type>Direct() is used (#5546)
7f1af7cb	32f47ad2	Tue Oct 15 10:56:58 2019 -0700	Fix build with gcc version 7.4.0 (#5570)
32f47ad2	842f672b	Thu Oct 10 15:25:39 2019 -0700	Fixed JSON parser not sorting vectors of tables/structs with key.
d4cae0a6	f1147f65	Mon Sep 30 14:05:19 2019 -0700	Fix issue #5542 (#5543)
f1147f65	69d3fec4	Mon Sep 30 12:12:36 2019 -0700	Fixed Android STLPort related error.
69d3fec4	cfb4ecf6	Mon Sep 30 11:50:03 2019 -0700	Fix namespaced struct/field name collision detection (#5540) (#5545)
0798b7b6	cbdf82e2	Wed Sep 25 11:59:10 2019 -0700	[FlexBuffers][Java] Fix wrong access to a string using Reference::asString(). (#5532)
cbdf82e2	e365c502	Mon Sep 23 09:31:51 2019 -0700	Fix Mutate() methods of Array<scalar/struct> (override 5508) (#5526)
97f3aa91	2f5bb2ee	Thu Sep 19 10:32:24 2019 -0700	Fixed DetachedBuffer self move assignment (#5521)
2f5bb2ee	917687c7	Thu Sep 19 09:58:36 2019 -0700	Fix buildifier warnings found in new bazel (#5517)
917687c7	f9277e69	Mon Sep 16 17:48:54 2019 -0700	Fixed Reflection Verifier not handling vectors of unions.
f9277e69	2706381e	Mon Sep 16 14:44:14 2019 -0700	Fixed GenerateText not handling vectors of unions.
3bfc86ea	c0282873	Mon Sep 9 14:40:33 2019 -0700	[Dart]fix: segment fault with empty namespace when generating dart file (#5507)
c0282873	4b870aca	Mon Sep 9 13:02:43 2019 -0700	Rust: Fixed cargo clippy on non-generated code (#5485)
4b870aca	d0e3870c	Thu Sep 5 10:22:04 2019 -0700	[Javascript] Fix syntax error for signed enum (#5503)
d0e3870c	fb25eb87	Tue Sep 3 14:10:54 2019 -0700	[C#] Fix retrieving enumeration vectors as arrays (#5457)
fb25eb87	cb35d3a0	Tue Sep 3 11:50:42 2019 -0700	Doc typo fixes (#5505)
65b67d21	1fbb7113	Mon Aug 26 14:33:38 2019 -0700	Fixed test build invocation of arrays_test.fbs
ec6b0bf2	c11b5d74	Fri Aug 23 14:17:33 2019 -0700	Fixed STLPort Android compile error
c11b5d74	4525c91b	Fri Aug 23 10:51:36 2019 -0700	[bugfix]flexbuffers isvector bugfix (#5488)
4525c91b	b97b342f	Fri Aug 23 10:46:47 2019 -0700	Fix incorrect padding in arrays of structs (Issue #5484) (#5491)
b97b342f	c1058a90	Mon Aug 19 17:57:23 2019 -0700	Fixed missing generated code.
acc9990a	2d5315ff	Mon Aug 5 11:57:54 2019 -0700	Fix compilation error in tests. (#5472)
a4e3ad80	c953fa57	Thu Aug 1 10:28:54 2019 -0700	Fix for Boolean types (#5379) (#5466)
c953fa57	0c86085a	Mon Jul 29 11:43:54 2019 -0700	Renamed stale label from "wontfix" to "stale".
a5ca8bee	09dea79a	Fri Jul 26 09:14:05 2019 -0700	Fix numeric_limits<T>::max() to avoid conflict with windows.h header (#5462)
a0c0131e	de9aa0cd	Thu Jul 25 11:06:40 2019 -0700	#4590 Fix Conan build (#5449)
a752d1b8	db972be2	Thu Jul 18 11:51:12 2019 -0700	[C++] fix static_cast expression (#5441)
47c7aa03	7a637929	Mon Jul 1 11:42:00 2019 -0700	Fix echo not interpret \
7d7d796c	550b3869	Thu Jun 27 14:11:31 2019 -0700	Fix undefined behavior. Closes #5422 (#5423)
5479adc8	b7012484	Thu Jun 27 09:23:13 2019 -0700	Fix for FLATBUFFERS_PREFER_PRINTF writing zero-length strings (#5418)
ff1a22a0	9fb195cc	Mon Jun 24 16:54:28 2019 -0700	Fixed broken Utf8Old.java
9fb195cc	7836e65d	Mon Jun 24 11:46:00 2019 -0700	Fix generating nested Flatbuffer accessors when they cross namespaces (#5414)
7836e65d	123c7a48	Thu Jun 20 10:25:41 2019 -0700	Fix compatability with Bazel 0.27 (#5412)
123c7a48	e635141d	Thu Jun 20 10:21:10 2019 -0700	Updated missing generated code for PR #5313 (fixed arrays)
e635141d	0d2cebcc	Tue Jun 18 00:15:13 2019 +0200	Add support for fixed-size arrays (#5313)
a80db853	a6be1d0d	Fri Jun 14 17:47:07 2019 +0200	[C#, Java, C++] Fixes issue #5399 by always including namespaces (#5404)
a6be1d0d	a7e20b19	Thu Jun 13 20:25:03 2019 -0700	[Go] Fix namespaces on enums (#5406)
b59a1ca2	4fdfe0d4	Wed Jun 5 19:24:29 2019 +0100	fix typo (#5384)
4fdfe0d4	95004218	Sun Jun 2 12:49:27 2019 -0700	[bfbs] fix deserializing nested struct (#5383)
95004218	bc7ede8f	Sun Jun 2 12:36:49 2019 -0700	Fix multi-line comments for cpp enums (#5345) (#5346)
79f0df3d	9d92fd92	Thu May 30 16:13:34 2019 -0700	[C++] Fix Undefined behavior for zero length vectors (#5355)
53ea1ab1	b10b050a	Wed May 22 16:01:51 2019 -0700	Lobster documentation fixes
30ac512a	b04736f9	Wed May 22 11:48:10 2019 -0700	Fixed Lobster implementation to work with latest language features
b04736f9	bc240b30	Tue May 21 18:54:26 2019 -0700	Fixed warnings in idl_gen_go.cpp
fe83b68a	718ddea5	Mon May 20 14:01:44 2019 -0700	Added a CPP UnPackSizePrefixed<struct_name> generated helper function (#5350)
39bd667f	0bb3ce69	Thu May 16 11:49:01 2019 -0700	Fix reverse_iterator in Vector and tests (#5344)
0bb3ce69	b56d60f0	Thu May 16 11:43:31 2019 -0700	[JS/TS] Size prefix support (#5326)
b56d60f0	bff7ffbc	Mon May 13 10:10:14 2019 -0700	[Go] Generate imports with fixed order (#5340)
b701c7d5	103f61b6	Thu May 9 10:05:21 2019 -0700	Fix out-of-range error (MSVC2010) in idl_gen_dart.cpp (#5335)
103f61b6	e47ca7ab	Wed May 8 12:42:20 2019 -0700	[Python PyPI] Added classifiers and more links. Fixes typo and #5215 (#5272)
5d67693e	af74f87c	Mon May 6 12:10:11 2019 -0700	Fix typo in build_defs.bzl (#5320)
b8ef8c15	6cc30b32	Thu May 2 13:57:58 2019 -0700	Fix issues with uint64 enums (#5265)
6cc30b32	e5b6125f	Mon Apr 29 10:01:23 2019 -0700	[BUILD] Fix Bazel test target //:flatbuffers_test (#5311)
2032b94f	860dc803	Mon Apr 22 09:58:29 2019 -0700	Fixed file access test in the wrong location.
860dc803	5b43e4bb	Fri Apr 19 13:09:26 2019 -0700	docs: Fix where to find the Typescript typings (#5298)
5b43e4bb	ecd76e89	Fri Apr 19 11:49:49 2019 -0700	Fix heap-buffer-overflow if there is a struct within a union
90441c20	cef8f928	Mon Apr 15 11:38:44 2019 -0700	fix check for Enum defaults (#5292)
d07a3d2f	640df2c1	Thu Apr 11 16:14:38 2019 -0700	Fixed VS2010 build.
60340ac5	2bd4a275	Thu Apr 11 13:52:01 2019 -0700	Fix the proto-enum leaking issue (#5286)
dd85c3b7	94cb1ff9	Mon Apr 8 10:01:41 2019 -0700	Enable MSVC assert report box [Abort|Retry|Ignore] if a debugger is present (#5279)
2d67de31	5cdbd024	Fri Apr 5 11:49:12 2019 -0700	Fix for build break in c# vector of unions (#5271)
5cdbd024	b2ce86ef	Thu Apr 4 12:28:09 2019 -0700	Fix typo in Go tutorial (#5274)
cb9ab2fe	4cbff97c	Mon Mar 25 12:27:35 2019 -0700	Bazel CI: fix bad value in yml (#5262)
4cbff97c	88abae64	Mon Mar 25 12:06:00 2019 -0700	Fix a warning on compiling with clang (#5258)
440a70f4	02e73e1a	Thu Mar 21 15:51:51 2019 -0700	Fixed tutorial markdown file (#5248)
02e73e1a	f93d0f6a	Thu Mar 21 15:08:04 2019 -0700	Further fixes to make minireflect compatible with old behavior.
fd51fada	11198f10	Mon Mar 18 12:07:36 2019 -0700	Fixed vector_delimited excluding delimiter
11198f10	3b23ff18	Mon Mar 18 10:03:43 2019 -0700	Fixed shadowing warning in older gcc for vector_delimited
73a648b6	eb2a81f7	Mon Mar 11 09:49:17 2019 -0700	Fix typo in dart documentation (#5230)
9e82ee25	e237f53b	Fri Mar 8 01:06:25 2019 -0800	Fix rust crate for big-endian targets (#5229)
71628dad	cb7b2bf8	Thu Mar 7 15:05:00 2019 -0800	Fixed vector of union JSON parsing.
cb7b2bf8	bfa43030	Wed Mar 6 12:00:58 2019 -0800	[Rust] Fixed codegen documentation for Tables (#5227)
2e865f4d	13c9c674	Mon Mar 4 11:10:18 2019 -0800	[Fix #5112] flatc generates constructors with memset for non-trivial types (#5222)
13c9c674	034275c6	Thu Feb 28 21:39:26 2019 +0100	[doc] fix typos in doc. (#5217)
034275c6	4e5152d8	Tue Feb 26 23:48:54 2019 -0800	Rust: Fix lifetime in union _as_ accessors (#5140)
1d60824d	f89badd3	Mon Feb 25 23:27:42 2019 +0100	Lua library: fix vtable reuse. (#5214)
6e2d530d	9bf9b18f	Mon Feb 25 21:41:31 2019 +0100	Fix incorrect code generation on Solaris Sparc. (#5208)
a1f14005	0cdacdfb	Fri Feb 22 01:50:05 2019 +0100	Fix big-endian build. (#5205)
8f8fb2b3	69d761d1	Thu Feb 21 19:50:13 2019 +0100	Fixed vector of unions crash in java (#5190)
4f32cbf2	0eaaf181	Tue Feb 19 20:23:10 2019 +0100	Fix an error in cpp code. (#5189)
957d1671	e9d9d645	Tue Feb 19 10:49:55 2019 -0800	Fixed use of WIN32 needs to be _WIN32.
78c50e34	9d483a3f	Thu Feb 14 16:21:07 2019 -0800	Fix AppVeyor script not including CMake dir
b650dfba	69808183	Fri Feb 15 00:53:36 2019 +0100	[C#] Fix FlatBuffers.Tests when ENABLE_SPAN_T is defined (#5182)
a66a8803	e1defaae	Thu Feb 14 22:05:46 2019 +0100	Fix bazel build (#5174)
d4493165	bbfd12eb	Thu Jan 17 09:49:27 2019 -0800	Fix high certainty warnings from PVS-studio (#5115)
0eb7b3be	a821b156	Thu Dec 27 20:57:19 2018 -0500	[Go] Namespaced imports fix (#5097)
9ad73bf5	dba962eb	Mon Dec 17 11:50:31 2018 -0800	Fix \'no_sanitize_undefined\' attribute for GCC4.8 (#5090)
80d148b1	2aa0d9a5	Mon Dec 3 09:50:26 2018 -0800	[net] Fix issue #5036 when write a double value into bytebuffer at big endian machine with unsafe mode. (#5076)
b378b8eb	9635d494	Thu Nov 29 11:47:28 2018 -0800	Fix create_vector_of_strings to use the stack, and test it. (#5074)
9635d494	0143f4e3	Thu Nov 29 10:33:17 2018 -0800	Fix Java generator bug that ignores bidi streaming attribute (#5063)
d6b1ce09	f23009f0	Fri Nov 16 09:20:29 2018 -0800	Fixed double generated file name postfix (#5046)
f8a0d388	688fc774	Tue Nov 13 11:10:03 2018 -0800	Fix missing doxygen link to Rust docs
ab54e618	f445c1eb	Mon Nov 12 08:49:11 2018 -0800	FlexBuffer to JSON convertor for typed and fixedTypedvectors (#4947)
f445c1eb	980a6d66	Mon Nov 5 16:33:35 2018 -0800	Fixed STLPort build
980a6d66	21591916	Mon Nov 5 14:33:36 2018 -0800	Fixed vectors of enums in object API serialized incorrectly.
21591916	b6c3d7b8	Fri Nov 2 11:40:21 2018 -0700	Fixed missing code from @javax.annotation PR.
b6c3d7b8	db0fcdd9	Fri Nov 2 10:04:58 2018 -0700	Fix a memory leak in builder test (#5021)
db0fcdd9	91fe9ba9	Fri Nov 2 08:54:43 2018 -0700	--keep-prefix for JS generator (#5018)
bd20a60d	b78c4332	Thu Oct 25 13:48:41 2018 -0700	Fixed Java gRPC version numbers.
b78c4332	636b5164	Thu Oct 25 13:48:41 2018 -0700	Fixed npm publish appending multiple copies into .mjs
35f0b41f	cb5422c3	Thu Oct 11 15:54:01 2018 -0700	fix missing newline in flatc help message (#4992)
cb5422c3	4ed6fafd	Thu Oct 11 12:40:41 2018 -0700	fix #4974 (#4989)
a4f9d1bf	a4c362a1	Mon Oct 8 14:29:29 2018 -0700	Fix expected type of enum values in reflection tables (#4944)
925c1d77	c0698cc3	Thu Oct 4 09:27:37 2018 -0700	Fix recursion counter check. Add control to override depth of nested \xe2\x80\xa6 (#4953)
d48f08ac	43132560	Thu Sep 27 12:31:43 2018 -0700	Add missed defined(clang) and fix the wrong placement of #pragma push/pop for MSVC compiler (#4946)
c56fff88	49fed8c4	Wed Sep 26 13:35:02 2018 -0700	rust: Fixed MakeCamelCase (#4932) (#4936)
ed03faaf	02a7807d	Thu Sep 20 15:07:03 2018 -0700	[C#] Fix compile issue when compiling with older versions of C# (#4938)
10e1d1a6	660c4912	Tue Sep 4 14:30:31 2018 -0700	fix rust flatbuffers create_vector docs (#4913)
660c4912	c504a454	Tue Sep 4 14:29:27 2018 -0700	rust generator: fix builder lifetime switch (#4912)
c504a454	919c929d	Tue Sep 4 13:52:31 2018 -0700	rust generator: fix enum member comments (#4911)
872fad04	9e648c39	Mon Sep 3 19:09:38 2018 -0700	Fix extern crate in root namespace (#4905)
d8f49e18	1f5eae5d	Mon Aug 20 16:31:44 2018 -0700	Mono Fix for Unsafe Mode (#4887)
ed2415eb	aaa89429	Mon Aug 13 14:52:50 2018 -0700	Fixed use of uoffset_t in verifier could cause wrap around.
38a6623f	27e4f43b	Mon Aug 6 16:52:09 2018 -0700	Temporarily disabled Android CI until fix.
fc3ce7d1	4898809e	Mon Aug 6 12:06:59 2018 -0700	Fixed VS2010 compile error.
c80f8d18	0d1559bd	Fri Jul 27 12:41:50 2018 -0700	Fixed FlatBufferBuilder::Required not checking vtable size.
6e185d06	c9492293	Mon Jul 23 16:36:21 2018 -0700	Fixed minalign in Lua being reset on StartObject
5f1b1ad4	4235a256	Mon Jul 23 16:28:09 2018 -0700	Fixing bazel build\'s missing lua file (#4831)
88cd1823	7c824ef6	Thu Jul 19 14:59:06 2018 -0700	Restricting (typed=false, fixed=true) combination in flexbuffer CreateVector (#4825)
7c824ef6	6bfa107f	Thu Jul 19 14:55:06 2018 -0700	Fixing an assert in flexbuffers CreateVector (#4824)
7c3cb5ca	8f1bebba	Mon Jul 16 15:51:28 2018 -0700	Fixed assert in ParseSingleValue (found by fuzzer)
b188fde2	ba5eb3b5	Fri Jul 6 12:30:43 2018 -0700	Fixed Uint() method actually storing a signed int.
8ea293b9	f19803d3	Thu Jul 5 09:23:40 2018 -0700	Issue #4799 fixed. Generator for KeyCompareWithValue is extracted. (#4802)
3331805a	ea06768a	Thu Jun 28 10:12:18 2018 -0700	Dart: Fix default values (#4795)
ea06768a	741c6305	Wed Jun 27 09:57:40 2018 -0700	Go GRPC generator Updates - Fixes #4787 (#4797)
7dbc8f56	a2fe49b4	Mon Jun 25 14:55:18 2018 -0700	docs: fix flatc instructions (#4794)
a2fe49b4	7dd5cfb5	Mon Jun 25 14:02:12 2018 -0700	Fixed documentation comments at the start of a file.
7dd5cfb5	00b741e5	Mon Jun 25 12:28:01 2018 -0700	Fixed empty structs generating bad constructor.
f9c64891	b752e4a9	Thu Jun 14 15:13:01 2018 -0700	Fixed ASan array out of bounds.
b752e4a9	3e3c770c	Thu Jun 14 09:21:42 2018 -0700	Fix misaligned nested buffers (#4785)
3e3c770c	5a3f18d1	Tue Jun 12 11:37:10 2018 -0700	Fixed TypeScript links in docs (#4783)
5a3f18d1	10bdcefa	Tue Jun 12 11:35:40 2018 -0700	Dart: Generate the enum from 0 if value is null and fix inconsistent naming when generating object builder (#4782)
ab3b721a	4cfe36ae	Thu Jun 7 12:02:35 2018 -0700	Python: fix default bool value. (#4773)
ecc07e77	43944a0a	Fri Jun 1 08:22:17 2018 -0700	Fix a small problem with add_subdirectory(${FLATBUFFERS_DIR}) from top level project. (#4764)
27ce0986	3a2f6d53	Thu May 31 09:53:47 2018 -0700	Fixed typo in Java/C# tutorial.
3a2f6d53	06d3229d	Thu May 31 09:49:05 2018 -0700	Fixed ASAN false positive.
348fcb5b	b4ca4d3c	Thu May 31 09:17:34 2018 -0700	Fix typo in tutorial for Go (#4756)
8e42f448	88912640	Fri May 18 12:21:08 2018 -0700	Fix of namespace problem described in #4747 (#4752)
c43a0bef	a9640bd9	Fri May 18 09:15:20 2018 -0700	Fix undertermined execution behavior (#4751)
3a2c5355	66214243	Thu May 10 09:27:23 2018 -0700	Remove @Nullable (Java) for required fields (fixes #4724) (#4726)
85faa46f	cc354ea3	Thu May 3 11:59:30 2018 -0700	Fix union escaping order. (#4722)
9bb88a02	34cb163e	Fri Apr 27 13:31:18 2018 -0700	Include services in reflection data (fixes #4639) (#4713)
af3c5981	eac0bc64	Thu Apr 5 16:36:42 2018 -0700	Rename MANUALLY_ALIGNED_STRUCT to add FLATBUFFERS_ prefix in generated code within tests/. Via running `cd tests && sh generate_code.sh` (#4696)
eac0bc64	20a400e9	Thu Apr 5 16:00:54 2018 -0700	Add FLATBUFFERS_ prefix to defines [C++] (#4695)
2e3d3cbc	d3a00f77	Mon Apr 2 09:25:05 2018 -0700	Fix typos in C++ tutorial (#4685)
d3a00f77	cc549638	Mon Mar 26 10:29:45 2018 -0700	Fix for missing enum imports (#4683)
c0a6e512	08cf50c5	Thu Mar 15 12:31:16 2018 -0700	[C++, Go, Bazel]: Fix up Bazel support (#4672)
08cf50c5	6b3f057b	Mon Mar 12 11:30:46 2018 -0700	Java/C#/Python prefixed size support (#4445)
e78825e7	cc158e70	Fri Mar 9 08:21:28 2018 -0800	Json : Add --size-prefixed option to flatc (#4645)
4bc6de9a	3a62813f	Mon Mar 5 16:37:04 2018 -0800	Fix broken Java/C# codegen
0068b251	ec74f58b	Fri Mar 2 15:21:08 2018 -0800	Fix for Java infinite loop encoding into 0-sized buffer (#4654)
48d82325	55ddb84e	Mon Feb 26 08:56:04 2018 -0800	Not generating imports/ns prefixes with --gen-all (#4644)
132e6a82	19c81b11	Thu Feb 22 09:19:08 2018 -0800	Add new c++ helpers to ease usage of size prefixed FlatBuffers (#4626)
474ba68b	9de08611	Mon Feb 12 08:37:51 2018 -0800	Fix for aligned new for gcc >= 7.1 (#4621)
9de08611	b513db86	Thu Feb 8 15:15:17 2018 -0800	Fix vector_data failure under debug (#4606)
b513db86	6a1acdc2	Thu Feb 8 14:58:16 2018 -0800	Misc fixes from internal integration / clang tidy.
6a1acdc2	c6964225	Mon Feb 5 12:04:55 2018 -0800	Fix compiler errors in parser (#4612)
e93d2bda	bbf4dac6	Mon Jan 29 11:46:30 2018 -0800	Cleaned up & fixed buffer alignment handling.
462ce03e	020012e6	Mon Jan 22 09:08:13 2018 -0800	Fix the spell mistake (#4599)
020012e6	f431a965	Mon Jan 22 09:06:13 2018 -0800	Fixed native_include not requiring a ; terminator.
9dae3eac	99a8a68a	Thu Jan 4 09:09:09 2018 -0800	Fix error in ConCatPathFileName (#4575)
b24f2016	1d73b3b9	Thu Dec 28 09:56:57 2017 -0800	Disabled python in travis.yml pending fix.
1d73b3b9	a4dbe134	Thu Dec 28 09:10:55 2017 -0800	Various build fixes; update checked-in codegen. (#4572)
a4dbe134	89711c9c	Thu Dec 21 13:32:34 2017 -0800	 fixed java codegen bug documented in #4563 (#4565)
142401f5	67b29d4e	Thu Dec 14 08:30:02 2017 -0800	Fix for strictPropertyInitialization for TS (#4540)
67b29d4e	85b131a7	Thu Dec 7 11:16:19 2017 -0800	Fixed CreateStruct not testing for nesting.
da0bda6b	617bbc9b	Mon Nov 27 16:10:43 2017 -0600	Fixed prod PyPI URL and deploy block list.
fe483fa3	8a8dc4e1	Thu Nov 16 16:03:16 2017 -0800	fix typo (#4495)
8a8dc4e1	7e803c41	Thu Nov 16 14:21:11 2017 -0800	Fixed potential strict-aliasing violation in big-endian code.
1336d262	853f7033	Thu Nov 16 10:09:48 2017 -0800	c++ Tutorial fix (#4494)
61fe2a4f	d233b380	Mon Nov 13 13:39:49 2017 -0800	Fix valid params limit exceeded for generated table constructor (#4490)
f2627e16	01bac38c	Fri Oct 20 16:29:51 2017 -0700	Fixed CMake build issue when building with Clang. (#4465)
9234ddcf	6d9a226f	Fri Oct 13 17:35:57 2017 -0700	Fixed Android build failure caused by use of C++11 limits.
5e473918	971a6811	Thu Oct 5 14:07:42 2017 -0700	Fix issue #4389, if field is ommitted the return type is the same for\xe2\x80\xa6 (#4444)
7a6b2bf5	03e28999	Mon Sep 25 11:44:58 2017 -0700	Fixed TypeTable function not being inline.
28920aff	77b22aed	Thu Sep 21 08:51:08 2017 -0700	Fix build with clang on big-endian targets (#4440)
77b22aed	cc25516d	Thu Sep 14 09:25:43 2017 -0700	idl_gen_json_schema.cpp: Fixed detection of enum types (#4438)
cc25516d	1d444f63	Thu Sep 14 09:22:55 2017 -0700	[C++] Fix DetachedBuffer move assignment lifetime (#4437)
1d444f63	5fa00630	Tue Sep 12 11:36:38 2017 -0700	Fixed .proto not being accepted as schema file.
d5b4db06	5808f7fb	Thu Aug 31 08:54:03 2017 -0700	C++ Customise prefix/suffix of object API [Issue #4419] (#4422)
42611f9a	1f0bd128	Fri Aug 25 11:29:58 2017 -0700	Fixed VS memory tracking leaking into user code
513958ea	2f2e4cce	Thu Aug 17 09:35:50 2017 -0700	Fix use of min and max when Windows.h is imported (#4411)
69776b9e	00d726fc	Mon Aug 14 14:45:29 2017 -0700	Fixed .proto -> .fbs translating type bytes incorrectly.
00d726fc	ad0f48d7	Mon Aug 14 12:18:06 2017 -0700	Further grammar.md fixes: union types, idents, string constants.
ad0f48d7	801e1b76	Mon Aug 14 11:58:25 2017 -0700	Fixed up grammar.md with rpc\'s and new scalar types.
432e7582	d7611310	Mon Aug 14 10:41:39 2017 -0700	Fixed file_identifier/extension leaking from included file.
dca33ddb	76744a43	Mon Aug 14 09:28:14 2017 -0700	Fixed root_type leaking in from included files.
4b27c929	7fe28129	Thu Aug 10 11:25:13 2017 -0700	Misc documentation fixes.
7fe28129	917ff81b	Mon Aug 7 15:33:36 2017 -0700	Fixed clang-tidy warnings.
35cbd23f	210a1ab9	Fri Jun 16 09:54:25 2017 -0700	Fixed missing lambda return type.
210a1ab9	90c8ded4	Fri Jun 16 09:53:53 2017 -0700	Fixed build error in Visual Studio 2017 (#4353)
90c8ded4	8f864aad	Tue Jun 13 08:50:27 2017 -0700	gRPC: fix memory leak (#4351)
0a81eb64	b1740688	Mon Jun 12 11:23:55 2017 -0700	Fix memory leak in Message move operator (#4344)
22743ca4	fb87c0d3	Wed May 24 16:26:57 2017 -0700	Fixed --keep-prefix functionality.
3d2cf554	55dec4d2	Thu May 18 10:30:30 2017 -0700	Fix for invalid null returns (#4318)
6a7ec85e	81ecc98e	Fri May 12 14:36:35 2017 -0700	[C++] Fix code gen indentation when empty Print (#4313)
93c0960c	04d734d6	Wed May 10 13:21:20 2017 -0700	Added --keep-prefix to not strip schema include path in C++ includes.
8468ea1a	0920d663	Wed May 10 12:55:27 2017 -0700	Fixed LookupByKey for Java & C#
0920d663	bbb72f0b	Mon May 8 13:49:34 2017 -0700	[C++] Add grpc/streaming test and fix Deserialize (#4296)
e93a5652	0c80b3a7	Mon Apr 24 10:48:35 2017 -0700	Fixes for VS 2015 build.
f52ddfbd	808b44f8	Fri Apr 21 10:50:03 2017 -0700	Fix Android STLPort build.
808b44f8	340d1a34	Fri Apr 21 09:29:42 2017 -0700	TS tests fixes (#4265)
340d1a34	ba20d9bf	Wed Apr 19 17:51:52 2017 -0700	Fix FlexBuffers writing incomplete length for 64-bit vectors.
33932cee	fb03f78f	Wed Apr 19 10:14:31 2017 -0700	Fixed CreateVectorOfStructs for native_type (2nd try) (#4276)
fb03f78f	523f3833	Wed Apr 19 08:56:55 2017 -0700	Fix minor const correctness issue (#4271)
523f3833	46497e4f	Mon Apr 17 18:00:41 2017 -0700	VS fix for ambiguous union assignment operator.
46497e4f	b627b7c6	Mon Apr 17 17:40:02 2017 -0700	Fixed hashed values in JSON for signed ints.
728bb64f	a07f0d42	Mon Apr 17 14:01:43 2017 -0700	Fixed clang needing union copy constructor.
a07f0d42	b90d4e04	Mon Apr 17 11:19:43 2017 -0700	[C++] fix bounds checking on integer parsing (#4250)
b90d4e04	b0752e17	Wed Apr 12 17:56:19 2017 -0700	VS warning fixes.
1fc12e0e	e6fa7b11	Wed Apr 12 16:37:22 2017 -0700	C++ fixed compile error C2678 with msvc when using std::find_if on vectors (#4262)
e6fa7b11	28e7dbd3	Wed Apr 12 13:13:10 2017 -0700	Fix Visual Studio 2017 new warning (C4244: \'argument\': conversion fro\xe2\x80\xa6 (#4261)
b4bb1b10	cffd187f	Wed Mar 29 11:51:20 2017 -0700	Fix flatc code gen.
ccfa3174	a5cc2092	Wed Mar 29 11:09:25 2017 -0700	C#: Fixed possible conflicts between usings and user-supplied namespace (#4247)
7a36419f	281284fa	Mon Mar 27 17:50:30 2017 -0700	Fixing closure compile compatibility when --gen-mutable is used.
281284fa	1a27c701	Mon Mar 27 09:38:04 2017 -0700	Fixed building and warnings on Arduino (16 bit platform). (#4197)
1beed12e	4cd71d67	Sat Mar 18 10:08:39 2017 -0700	fixed duplicate symbol error in flexbuffers.h (#4233)
4cd71d67	d9bc5ec0	Wed Mar 15 18:34:53 2017 -0700	GO: add _ postfix to identiy conflict golang keyword (#4221)
d9bc5ec0	c04c143c	Wed Mar 15 15:16:43 2017 -0700	fixed flag for javascript (#4223)
bb22fb57	ff274771	Wed Mar 8 13:16:11 2017 -0800	Fix broken symlink to CONTRIBUTING.md (#4212)
ff274771	15bf6261	Wed Mar 8 09:08:40 2017 -0800	fixed path being ignored in GenerateCppGRPC (#4207)
ac106e83	640b525e	Fri Mar 3 09:47:52 2017 -0800	Fixing broken link and added missing <map> header include. (#4199)
0b379211	bb223da2	Tue Feb 28 14:16:50 2017 -0800	Fixed problem with uint keys (#4172)
17c5f89d	695d2618	Sat Feb 25 22:06:48 2017 -0800	Fixed move constructor in generated union class (#4192)
ebcfbbad	6561c7a3	Mon Feb 20 11:20:56 2017 -0800	fix #4180: Long.prototype.toFloat64() overflow (#4182)
a6d98fb0	3a2d3a23	Wed Feb 15 17:41:00 2017 -0800	Fixed VS x64 warnings in flexbuffers.h
2d6e8f09	ec8038cc	Mon Feb 13 09:50:35 2017 -0800	Fixed sorting assertion with some std::sort implementations.
22722299	b7bfecb4	Fri Feb 10 13:24:54 2017 -0800	Added --prefix-include option for generated includes.
60b11435	ed2110d7	Wed Feb 8 17:04:44 2017 -0800	Fixed missing \'
ed2110d7	a9514de9	Wed Feb 8 16:37:25 2017 -0800	Fixed link to Google C++ Style Guide.
a9514de9	c57ab92e	Wed Feb 8 15:59:52 2017 -0800	Fixed vector test on Windows
c57ab92e	f878024d	Wed Feb 8 15:38:18 2017 -0800	Fixes for Windows compiler errors.
f878024d	aac6be11	Wed Feb 8 15:13:57 2017 -0800	Fixed the Android build.
74c8c713	f9055ff9	Mon Jan 30 14:02:40 2017 -0800	A bug fix to the union vector feature in FlatBuffers.
f7bc9bd5	3dee617c 25c88415	Thu Jan 26 20:45:49 2017 -0800	Merge pull request #4146 from zchee/go-test-fix_struct
3dee617c	2fb25e2b	Wed Jan 25 14:39:14 2017 -0800	Fix unused variable build warning on Mac.
fd61d702	4f4495a6	Wed Jan 25 09:34:37 2017 -0800	minor fixes to the union vector code styles (#4149)
25c88415	3f936c56	Sun Jan 22 20:16:52 2017 +0900	go: fix unknown field \'UOffset\' to \'Pos\'
4bc4979a	b095367d	Wed Jan 18 16:09:35 2017 -0800	Fix compiler warning on Visual Studio.
eac29055	19101826	Wed Jan 18 14:54:16 2017 -0800	Fixed unions not being parsed correctly in JSON.
19101826	7b94eab2	Fri Jan 13 18:30:57 2017 -0800	Fix unused field warning in clang.
8c1a723b	2c4dce5b	Mon Jan 9 15:54:31 2017 -0800	Fixed GRPC method name generation.
2c4dce5b	cc842400	Wed Jan 4 10:41:31 2017 -0800	Re-applied reverted fix, adding missing codegen files.
fea6b525	69dc71b5	Tue Jan 3 13:54:15 2017 -0800	fix memory leak (#4126)
69dc71b5	1a896822	Wed Dec 28 11:50:41 2016 -0800	Fix C++ gRPC test with streaming method (#4123)
5fd0fefa	b9efbf6a	Wed Dec 21 18:04:31 2016 -0800	Fixed empty structs generating illegal constructor in C++.
f8a964d2	84033ae0	Wed Dec 21 17:49:45 2016 -0800	Fix call to Verifier::VerifyBuffer from BufferRef (#4124)
b9efbf6a	13194ece	Wed Dec 21 17:45:27 2016 -0800	Fixed more Windows build errors.
13194ece	9ec9303a	Wed Dec 21 16:16:52 2016 -0800	Fixed Windows compiler warning.
9ec9303a	03ee3db2	Wed Dec 21 14:32:44 2016 -0800	Go related style fixes.
03ee3db2	cf825b88	Mon Dec 19 17:04:35 2016 -0800	Fixed Windows build errors.
d1e88993	ccba2edb	Wed Dec 14 10:35:26 2016 -0800	Fixed JS outputting helper for Int64Array.
5608be0f	290e9f27	Fri Nov 18 11:42:50 2016 -0800	Fixed javascript helper for typed arrays of scalars not taking into (#4068)
290e9f27	af21b906	Mon Nov 7 09:51:28 2016 -0800	Fixes to support GCC 4.4.7
cf0d7829	af21b906	Wed Oct 26 10:29:36 2016 -0700	Fixed javascript helper for typed arrays of scalars not taking into (#4068)
e31fbb0b	43ba7c63	Fri Oct 21 17:35:41 2016 -0700	Fixed STLPort error for missing vector::data()
d8944e45	5b5fcbfc	Fri Oct 21 14:52:42 2016 -0700	Fix Closure Compiler warnings (#4067)
5b5fcbfc	6862b2ff	Fri Oct 21 14:27:15 2016 -0700	Java: fix unsigned default value code generation and add \'L\' suffix for long default value (#4051)
22e87071	606098ca	Mon Oct 17 15:04:12 2016 -0700	Fixed lambda return value error on VS2010.
606098ca	b5c62276	Mon Oct 17 13:06:11 2016 -0700	Fixed unused variable warnings, and made sure they are on.
b5c62276	2beb985f	Mon Oct 17 11:53:28 2016 -0700	Fixed broken traits codegen for --scoped-enums.
424fc0c3	c81239f6	Wed Oct 12 16:05:57 2016 -0700	Fixed inconsistent use of namespace directory prefixing.
c81239f6	b830dac2	Wed Oct 12 14:51:02 2016 -0700	Fix lambda compilation error in VS.
486c048a	ab51b030	Wed Oct 12 14:30:31 2016 -0700	Added support for size prefixed buffers.
ab51b030	dc2fa215	Wed Oct 12 11:22:20 2016 -0700	Fixed line numbers being off in multi-line comments.
199157e8	520d6844	Fri Oct 7 09:42:29 2016 -0700	flatc java generator: namespace_test2.fbs is missing namespace prefix for referToA2() return type (#4040)
b2e55c55	3368407a 985de211	Thu Sep 15 18:42:42 2016 +0000	Merge "Fix Windows warnings." into ub-games-master
f1365704	4b79ff53 b6ba322a	Fri Sep 9 17:01:05 2016 -0700	Merge pull request #4004 from sahiljain/fix-3909
985de211	8e3fa336	Fri Sep 9 14:51:33 2016 -0700	Fix Windows warnings.
481d332e	ee56418c	Fri Aug 26 14:18:04 2016 -0700	Fixed compile error in LookupByKey fix.
e1f8037c	49ee30a2	Fri Aug 26 13:58:16 2016 -0700	Fixed Java LookupByKey functionality for Java 1.6
7c69c5dc	9f16090f	Fri Aug 26 19:41:32 2016 +0300	Fix lookupByKey, improve compareStrings
b04e21db	756050b6	Wed Aug 24 18:05:49 2016 -0700	Fixed --scoped-enums not always generating type prefixes.
756050b6	eba6b6f7	Wed Aug 24 17:09:25 2016 -0700	Fixed "unknown command-line argument" output format.
67967476	79d127c8 4f3e1c28	Wed Aug 24 10:34:32 2016 -0700	Merge pull request #4000 from sahiljain/fix-3966
eba6b6f7	a0b8f669	Mon Aug 15 17:29:35 2016 -0700	1.4 prep fixes
a0b8f669	18d67ed8	Fri Aug 12 11:12:12 2016 -0700	Added "Direct" suffix to vector/string object creation functions.
be908939	c96fc7fc	Wed Aug 10 10:49:17 2016 -0700	Fixed __builtin_bswap16 not being available on GCC <4.8
3eebba78	d70f5ac6	Mon Aug 8 12:16:10 2016 -0700	Fixed incorrect generated code on convenient vector constructors.
b36bd67b	73d5bf46 ec20233f	Wed Aug 3 17:41:10 2016 -0400	Merge pull request #3976 from gonzaloserrano/fix/gofmt
c9b9fd04	6897bb99 d268d11c	Fri Jul 29 11:32:00 2016 -0700	Merge remote-tracking branch \'mbp/mutable-js\' into ghfix
094f4d1b	a0398ce0	Wed Jul 27 16:15:55 2016 -0400	Fix docs for object API usage
30c07f4e	2d427e05	Tue Jul 26 07:26:25 2016 -0700	Fix Mac build.
1bba4fd9	f9887071	Mon Jul 25 15:01:37 2016 -0700	Fixed reflection.h not modifying certain table configurations.
42e0b021	a56c6e51	Fri Jul 22 15:46:26 2016 -0700	Fixed missing \\ in CMakeLists.txt that broke the build
a56c6e51	5efa2244 48322387	Fri Jul 22 15:12:35 2016 -0700	Merge pull request #363 from danring/fix-341
5efa2244	bdd668df	Wed Jul 20 18:17:33 2016 -0700	Fixed conversion warning in generated code.
bdd668df	05b00c50	Wed Jul 20 18:13:11 2016 -0700	Fixed VS2010 build
e0670403	370e101a	Wed Jul 20 17:52:41 2016 -0700	Fixed unused parameter warning.
694725be	ce3e7fbd	Wed Jul 20 10:48:37 2016 -0700	Xcode fixes
ce3e7fbd	ffc0d620	Wed Jul 20 10:41:26 2016 -0700	VS2010 fixes
298dd21e	a8d2eeee	Wed Jul 20 10:46:43 2016 +0300	fixed ArrayOutOfBoundsException in java example
64fa8ba9	a8d2eeee	Tue Jul 19 12:22:37 2016 +0200	Fix typo
58924538	b22db6e8	Sat Jul 16 00:26:50 2016 -0400	Fix link to CONTRIBUTING
14e7e826	7a3f1cf7 0d562761	Thu Jul 14 10:47:34 2016 -0700	Merge pull request #3939 from TGIshib/hex-bug
247388a2	df5575de f6f88e56	Tue Jul 12 20:52:16 2016 +0300	Merge pull request #2 from TGIshib/hex-bug
aade31b2	1661f3a2	Mon Jul 11 20:27:38 2016 +0300	Fixed spaces. Removed redundant == nullptr. Vectors pointers made const.
d9767b83	193a6317	Sat Jul 9 09:16:26 2016 +0100	Fix for issue #3922
193a6317	0f5dc152 a6764b9b	Fri Jul 8 14:24:08 2016 -0700	Merge pull request #3929 from Lakedaemon/fixForMake
a6764b9b	0f5dc152	Fri Jul 8 22:54:51 2016 +0200	same fix for general code generator
0f5dc152	68a83edd 8e1aae0f	Fri Jul 8 13:37:05 2016 -0700	Merge pull request #3928 from Lakedaemon/fixForMake
8e1aae0f	084e5dbc	Fri Jul 8 22:02:47 2016 +0200	fix missing space (clang format)
084e5dbc	68a83edd	Fri Jul 8 22:00:15 2016 +0200	fixed initialization of member var for old make (hopefully)
c2411e9c	bf26a0ec	Mon Jul 4 17:37:23 2016 +0300	Fixed operator++. Added CreateXXX for vector types.
bf26a0ec	68a83edd	Mon Jul 4 16:34:41 2016 +0300	Fixed operator++. Added CreateXXX for vector types.
c94cb6da	48f37f9e	Fri Jul 1 17:22:36 2016 +0200	Fixed typo
5ea2b49f	70deb70b	Fri Jul 1 11:17:03 2016 +0800	Fix some error
f794f97d	03ad8fa4	Thu Jun 23 00:37:55 2016 +0200	fixing spaces
6f75ec84	6e177bf0 fd43d370	Sat Jun 18 13:02:02 2016 -0700	Merge pull request #3913 from rw/fix-pytest-binary-type
fd43d370	6e177bf0	Sat Jun 18 01:12:56 2016 -0700	Fix test using compat.binary_types (from March).
cf7e4b02	e92ae519	Wed Jun 8 09:32:37 2016 +0200	Fix typo
4ffc881f	a98bff3e	Mon Jun 6 11:34:31 2016 -0700	Fixed LoadFile crashing on directory arguments.
e92ae519	ca32eb77	Thu Jun 2 14:55:35 2016 -0700	Fixed compile errors on Windows
3e52fecd	cccd7003	Wed Jun 1 10:23:44 2016 +0300	Don\'t generate MIN & MAX enum values if "--no-prefix" is used.
b922a3c9	b52826e7 64b91da9	Mon May 23 23:58:50 2016 +0000	Merge "Uncomment the corpus attribute since b/28762769 is fixed, add more items to the corpus (taken from the ClusterFuzz-generated corpus)." into ub-games-master
64b91da9	fe9787e5	Mon May 23 16:37:57 2016 -0700	Uncomment the corpus attribute since b/28762769 is fixed, add more items to the corpus (taken from the ClusterFuzz-generated corpus).
a82dbb6e	a42a9902	Mon May 23 14:08:21 2016 -0700	Fixed Google Groups link in documentation.
0756caa4	99c1ddc7 3400727f	Fri May 20 13:10:52 2016 -0700	Merge pull request #3866 from bhamiltoncx/fix-undefined-bit-shift
69eef0a0	7cce55d8	Wed May 18 18:00:25 2016 -0700	Fixes verifier not catching odd vtable sizes.
747a8c62	77742a3f	Wed May 18 12:02:32 2016 +0300	Fixed Library Location in CppUsage.md
3400727f	77742a3f	Fri Apr 29 15:15:09 2016 -0700	Fix undefined behavior in CheckBitsFit bit-shift on size_t
77742a3f	7cce55d8 1e7310e6	Wed Apr 27 20:31:55 2016 -0700	Merge pull request #3806 from mediagraph/fix-create-string
6765c19d	38597160	Tue Apr 26 20:36:43 2016 +0200	memory leak fix + php/js/python transition to class based generator
e8ac0f29	a0d1161f	Sat Apr 23 12:32:43 2016 -0700	Fix heap allocation when reading a string.
c17cf022	f6330ab8	Fri Apr 22 11:31:35 2016 -0700	Fixed a verifier check that didn\'t return from its parent.
f6330ab8	fd542c71	Fri Apr 22 11:27:35 2016 -0700	Fixed SkipByteOrderMark advancing cursor_ too early.
6908826f	791c83aa	Thu Apr 21 20:20:14 2016 -0400	Fix for #3849
fd542c71	4d7890c2	Wed Apr 20 12:06:32 2016 -0700	Fixed float suffix not being added on implicit float defaults.
b0146b3d	286587d1	Mon Apr 18 20:19:56 2016 -0400	fix file permission
286587d1	6f751d5d	Mon Apr 18 20:04:00 2016 -0400	Fix for #3853
4d7890c2	791c83aa	Mon Apr 18 11:50:46 2016 -0700	Fixed whole-number float default values missing a .0 suffix.
29d957ed	4a04bac2	Wed Apr 13 17:29:03 2016 -0700	Fixed missing "f" on float default values in C++/Java/C#
8d8b7c19	4a04bac2 039ab48b	Wed Apr 13 16:14:11 2016 -0700	Merge pull request #3844 from Nnamdi/CreateUninitializedVector_fix
4a04bac2	72fc45aa	Wed Apr 13 12:02:22 2016 -0700	Fixed struct -> class pre-declaration error.
83dc5ed4	e597ad8f	Mon Apr 11 11:08:09 2016 -0700	Fixed JSON integers as strings not being parsed correctly.
e597ad8f	8128df76	Mon Apr 11 11:05:42 2016 -0700	Fixed pre-declarations of included types in generated code.
c8c00824	1c1d0791	Mon Apr 4 13:03:22 2016 -0700	Fix flatbuffers conversion warnings.
1c1d0791	7523e4ad	Mon Apr 4 13:03:22 2016 -0700	Fix flatc build for msvc.
7523e4ad	e6b79f00	Mon Apr 4 13:03:22 2016 -0700	Fixed potential integer overflow in the Verifier.
f4a5c9de	2f7f50b8	Mon Apr 4 13:00:48 2016 -0700	Fixed VS assignment constructor warning.
4c16038e	2f7f50b8	Fri Apr 1 21:42:23 2016 -0700	Fix build on Cygwin
1e7310e6	709e7208	Tue Mar 8 16:05:02 2016 -0800	Fix CreateString with already-encoded string or bytearray in Python 2.7.
3cd9181e	81e4d3c6	Mon Mar 7 14:15:01 2016 -0800	Fixed Java pom.xml file still having wrong version number.
26f15bcd	412b8d2c	Wed Mar 2 17:15:42 2016 -0800	Fixed missing -lc++abi on FreeBSD.
59caa536	959866b8 31b30335	Fri Feb 26 09:37:55 2016 -0800	Merge pull request #3784 from evanw/fix-for-3773
66126cc3	959866b8	Fri Feb 26 09:00:46 2016 -0800	Fix typo in documentation navigation
31b30335	959866b8	Thu Feb 25 01:06:16 2016 -0800	Fix #3773: Generated JS now avoids the flatbuffers object
959866b8	9a76ce8a cbab2667	Mon Feb 22 13:38:14 2016 -0800	Merge pull request #3776 from ncpenke/fix-bug-skipping-unknown-fields
cbab2667	1cf5e3f7	Mon Feb 22 14:34:20 2016 -0600	Fix #3775: Skip unknown field names if they\'re quoted
20c0082e	472fb122	Wed Feb 17 11:26:38 2016 -0800	Fixed namespace code generation for C++
2f5d7ae6	d2bc73bb	Fri Feb 12 12:31:25 2016 -0600	Fix javascript unicode test
d2bc73bb	472fb122 697cad70	Wed Feb 10 16:13:59 2016 -0800	Merge pull request #3761 from msb-at-yahoo/fix-gcc-4.4-build
697cad70	472fb122	Thu Feb 11 00:05:04 2016 +0000	fix gcc-4.4 build: -Werror=unused-result is not supported
d779308b	38662548	Wed Feb 10 11:25:31 2016 -0800	Fixed enum declaration values being parsed as int.
9dfc3d61	db0727e9 112a619e	Wed Jan 20 13:49:40 2016 -0800	Merge pull request #3735 from evolutional/vs2010-buildfix
519dcdd0	bf07c37a	Wed Jan 20 13:04:03 2016 -0800	Fixed Python unit test breakage.
7d700825	8472b5f2 cbe8747b	Tue Jan 19 11:10:07 2016 -0800	Merge pull request #3706 from evolutional/fix-3506
8472b5f2	6136dd49 eaa2b414	Tue Jan 19 10:40:02 2016 -0800	Merge pull request #3513 from evolutional/fix-3500
3de82050	63b526db	Tue Jan 19 13:02:25 2016 +0100	Fix build error when flatc binary is missing in PATH.
eaa2b414	63b526db	Mon Jan 18 15:23:14 2016 +0000	Added generation of typed helpers when using nested_flatbuffers in Java/C#. Fixes #3500
77a6a786	63b526db	Wed Jan 13 15:30:27 2016 +0200	Fixed comment typo
b63ebad4	01025fa2	Sat Jan 9 06:30:50 2016 -0600	Fix #3497: Add support for compiling in g++ 4.4 and 4.5
586fdee8	316854c2 178f768f	Wed Jan 6 12:34:08 2016 -0800	Merge pull request #3494 from parnic/fix-vs2012-static-analysis
316854c2	6532bfce e1e7dfa6	Wed Jan 6 12:03:40 2016 -0800	Merge pull request #3495 from parnic/fix-reflection-vs2012-warnings
e1e7dfa6	56f9b2d1	Wed Jan 6 12:45:24 2016 -0600	Fixed warning building in VS2012
56f9b2d1	a6a38f60 e0b2f818	Wed Jan 6 09:39:23 2016 -0800	Merge pull request #3492 from parnic/fix-vs2012-warnings
30013b4f	a6a38f60	Tue Jan 5 13:38:59 2016 -0600	Fixed MS static analysis warnings
4731c7e5	a6a38f60	Tue Jan 5 11:04:16 2016 -0600	Fix build for platforms not supporting realpath
e0b2f818	0e1601b8	Tue Jan 5 10:58:40 2016 -0600	Fixed compile warning with VS2012
0e1601b8	a6a38f60	Tue Jan 5 10:58:21 2016 -0600	Fixed compile warning with VS2012
af236833	4dcaec79	Thu Dec 31 09:45:09 2015 +0500	[BUG FIX] [MINOR] Fix encoding with unicode characters.
e6240f40	18915372 4691558e	Tue Dec 29 10:25:21 2015 -0800	Merge pull request #2790 from chobie/php-table-fix
f2431095	13d0594b	Tue Dec 22 00:13:22 2015 -0800	Fix #2775: Add option to flatc to skip unknown fields in JSON
13d0594b	6bfcb286	Tue Dec 22 00:02:19 2015 -0800	Fix #2775: Add parser option to skip unknown JSON fields
18915372	d7d527d1	Mon Dec 21 16:20:03 2015 -0800	Fixed reflection setting string not changing size field.
c9198dbb	b974e95c	Thu Dec 17 11:35:31 2015 +0900	(PHP) fixes getting indirect table, also fixes getInt method on 32bit machine.
4dcaec79	c44bc6a7	Wed Dec 9 16:41:12 2015 -0800	Fixed root_type not accepting namespaced types.
6fba6b6e	42b48bd5	Wed Dec 9 12:56:24 2015 -0800	Fixed compiler warnings for cast to bool in generated code.
42b48bd5	8bb45dc0 8db90f50	Mon Dec 7 16:19:05 2015 -0800	Merge pull request #776 from belldon/bytebuffer_pos_fix
8db90f50	8e6758d2	Mon Dec 7 16:43:55 2015 -0500	Extend C# ByteBuffer Put method fix to unsafe methods
b0d5bb1c	fe2f8d32	Mon Dec 7 09:53:04 2015 -0800	Fixed language for generators not being set correctly.
c9ad6d54	fe2f8d32	Sat Dec 5 13:42:09 2015 -0500	Fix to #360 - Updated the general generator (Java/C#) to emit fully qualified names where the referenced object isn\'t directly in this namespace. Added test fbs files to verify compilation.
47478117	d7f24880	Wed Dec 2 11:12:39 2015 -0800	Fixed implicit dereference in flatc.
1d457a02	671c9495	Wed Dec 2 11:12:39 2015 -0800	Fix use of std::max when Windows.h is imported.
1075c80e	947a5b4e	Wed Dec 2 11:12:39 2015 -0800	Fixed crash related to flatc parsing duplicate input files.
b611dc4b	5f19ea5e	Mon Nov 30 17:53:00 2015 -0800	Fixed implicit dereference in flatc.
345e8ca8	9202f0cf	Fri Nov 27 20:06:41 2015 +0000	Fix use of std::max when Windows.h is imported.
6267f8c6	947a5b4e	Wed Nov 25 15:50:30 2015 -0800	Fixed crash related to flatc parsing duplicate input files.
e10b8d6f	6775a0a9 644bcbde	Wed Nov 25 13:14:28 2015 -0800	Merge pull request #349 from belldon/enum-fix
644bcbde	a7b5f92f	Mon Nov 23 09:19:43 2015 -0500	Fix C# vector of enum code generation
6775a0a9	c7482832 20c712f3	Fri Nov 20 13:43:57 2015 -0800	Merge pull request #362 from chobie/fix-projectfile
20c712f3	e6d51b54	Sat Nov 21 05:38:57 2015 +0900	also, fix xcode project
6fe65326	8212da5d	Thu Nov 19 03:02:58 2015 -0800	Fixed typo in cmake build rule for Linux.
e4eb2864	097797bf 37e28d98	Wed Nov 18 09:28:00 2015 -0800	Merge pull request #312 from chobie/unity-fix
c4966370	3f1c4b41	Sun Nov 15 21:24:08 2015 +0900	C++: Fixed generated header file cannot be compiled when the type of key is enum class
ef53aebf	4f96603e	Fri Nov 13 08:49:00 2015 -0800	Expand local file path to allow users to fix ndk-build
2107a7d5	40b03519	Wed Oct 28 17:50:06 2015 -0700	Fixed assert in flatc converting to text.
07478a67	48ff7294 82a71b18	Tue Oct 20 13:25:53 2015 -0700	Merge pull request #204 from layzerar/fix_struct_comment
ace30451	1917e577	Mon Oct 19 16:05:39 2015 -0700	Fixes for JS generator in Xcode
1917e577	9c9fce96	Mon Oct 19 15:55:28 2015 -0700	Fixes for JS generator in VS
8f1729f7	94680f54	Sat Oct 17 17:48:06 2015 -0700	Fix minor typos in the Python documentation.
e1e8d53d	57a6dd47	Wed Oct 14 21:15:57 2015 -0700	Add low-level fuzzer, fix 64-bit issue it found
b4db8880	e1e1bced d9db4825	Thu Oct 8 00:23:26 2015 -0700	Merge pull request #286 from tguo-aa/fix-278
e1e1bced	b56add95	Mon Sep 28 16:24:34 2015 -0700	Fixed LoadFile on Windows
a35c32e3	ff9e539c 781c39c7	Fri Sep 25 14:54:50 2015 -0700	Merge pull request #282 from google/fix-277
781c39c7	ff9e539c	Fri Sep 25 13:57:17 2015 -0700	Fix 32bit-system integer overflow (test only)
feb48166	811a5c33	Fri Sep 25 09:21:31 2015 -0700	Fixed .proto translation making scalars into required fields.
477fedcc	5de28c74	Fri Sep 18 20:38:47 2015 -0500	Fix an out-of bounds read when the element is bigger than the buffer.
169df65d	af1487bc be503cb0	Mon Sep 14 17:50:29 2015 -0700	Merge pull request #266 from kadirahq/fix-travis-osx
5db12e99	dff07b6f	Fri Sep 11 14:35:34 2015 -0700	Fix Visual Studio 2012 build warning.
be503cb0	782e05de	Fri Sep 11 22:15:27 2015 +0530	Fix OSX related errors on travis
01e06b69	782e05de	Wed Sep 9 12:56:23 2015 -0700	Improved the speed of LoadFile() in debug mode.
782e05de	aeff09d7	Fri Aug 28 14:42:13 2015 -0700	Fixed Android builds on Windows (generated schema rules).
82a71b18	aeff09d7	Fri Aug 28 23:48:28 2015 +0800	Python: Fix potential code generation issue of documentation comment.
aeff09d7	a5c51157	Wed Aug 26 16:47:59 2015 -0700	Fixed a clang warning about signed shifts.
a5c51157	ac10873e	Wed Aug 26 14:06:29 2015 -0700	Fix conversion of floats when generating json
ac10873e	9689d38b	Wed Aug 19 14:39:06 2015 -0700	fixed code generator for array of bools
33e4ab65	7bcbb195	Fri Aug 14 00:50:39 2015 +0300	Incorrect buffer size check fixed.
e4c3bf3d	7196c368	Fri Aug 7 10:51:15 2015 +0300	fixed C# bytebuffer put methods
dac63a22	986b52d8	Wed Aug 5 16:06:47 2015 -0700	Fix missing break statement in SetAnyValueS case.
210c0ece	ad84b5b8	Mon Aug 3 17:56:09 2015 -0700	Fixed VS project file.
ad84b5b8	7101224d	Mon Aug 3 17:39:47 2015 -0700	Fixed AddFlatBuffer using wrong buffer length.
0e064e41	4998ad73	Fri Jul 31 12:26:23 2015 -0700	Fixed small inaccurracies in the schema grammar.
12ca3e05	62af5338	Wed Jul 22 12:35:40 2015 -0700	Fixed compile error in older gcc\'s for trailing comma in enum.
b6380ace	f66e93cd	Wed Jul 22 09:57:35 2015 -0700	Fixed reflection resizing code not checking strings in vectors.
a1d801c3	4798456d	Tue Jul 14 00:10:11 2015 +0300	2Gb buffer size checks fixed for Python Builder
c23c620d	147fbb42	Mon Jul 13 22:53:59 2015 +0300	applied struct parameter fix to Go and Python generated classes
4798456d	d0e9bc6a	Mon Jul 13 10:31:10 2015 -0700	Fixed type specifiers in the grammar document.
f7d8102b	48346347	Sun Jul 12 22:10:57 2015 +0300	Passed field name as prefix for nested structs
d0e9bc6a	d863df86	Wed Jul 8 17:49:49 2015 -0700	A few schema documentation fixes.
36c7e9a9	cb2b2be5	Mon Jun 29 15:21:48 2015 -0700	Fixed null root_table access in binary schema generation.
dca3ccf5	1e6f8f5b	Fri Jun 26 21:28:39 2015 +0200	Fixed argument value to correct type
ef7b3ed8	1e6f8f5b	Thu Jun 25 14:42:41 2015 -0700	Java/C-sharp docs: fix typo, clarify parser availability.
1e6f8f5b	c967515d	Mon Jun 22 10:23:42 2015 -0700	Fixed possible crash from reference to non-static variable.
622b8d05	5faa0ab1	Mon Jun 15 17:35:07 2015 -0700	Fixed warnings on Windows
40fffc8f	2f761418	Sat Jun 13 08:55:24 2015 -0700	fix code formatting and bug with losing enums when using --gen-onefile
3b070310	fbe08560	Wed May 20 16:21:22 2015 -0700	Fixed -Wunused-result warning.
60b6ca58	b8681d80	Wed May 13 17:45:20 2015 -0700	fixed xcode build files
b8681d80	f8139b05	Wed May 13 17:26:20 2015 -0700	fixed the windows build files
2746aabc	48dfc69e	Wed May 13 10:50:47 2015 -0700	fix string catenation
04a06781	4d213c2d	Wed May 13 16:25:56 2015 +0200	Fixed endianness Vector\'s begin() and end()
3f96eead	8896587f 9fa3e2f3	Mon May 11 13:59:22 2015 -0700	Merge pull request #192 from Jiboo/fix190
8896587f	221193ea	Mon May 11 10:55:22 2015 -0700	Fixed schemas inheriting namespace from included schemas.
a50711ad	1d138fbe	Wed May 6 11:29:07 2015 -0700	Fix u_int8_t to uint8_t
fc7e8af5	3ec5dddb f47660f5	Wed Apr 29 21:12:07 2015 +0000	Merge "Fix bug on flathash compilation option." into ub-games-master
f47660f5	a8d6962a	Tue Apr 28 15:44:10 2015 -0700	Fix bug on flathash compilation option.
9d368deb	8b99bf61	Mon Apr 6 11:44:22 2015 -0700	Fixed: Readme version is not up to date
803f9bba	3ad85363	Mon Apr 6 11:44:21 2015 -0700	Fix typo in Benchmarks.md
e8598950	ca5c9e74	Fri Mar 27 09:27:18 2015 -0700	Fix Mac ndk-build error on motive, pie_noon, pindrop.
7ef2fc25	6df9e1c5	Fri Mar 13 13:05:28 2015 -0700	Regenerated test code + fixed typo in C# FlatBufferBuilder
c3807fa3	a360958b	Wed Mar 11 17:27:39 2015 -0700	Fix for VS 2015 stricter warnings about "shadowed" names.
71e97b71	c243aa4e	Mon Feb 23 15:57:35 2015 -0800	Fixed C# Table.cs to work with Mono.
f353fd88	c9a840e9	Fri Feb 13 10:35:08 2015 -0800	Fix pointer underrun when allocating large vectors
79c2d80e	3e1b789d	Mon Jan 26 14:12:20 2015 -0800	Fix for previous Java commit.
3e1b789d	cf7135ff	Mon Jan 26 13:45:33 2015 -0800	Applied Java namespace filename fix to Go.
f60276f5	2b01247b	Mon Jan 26 13:08:44 2015 -0800	Fixed flatc not writing Java files without namespace.
e568f170	1263e978	Fri Jan 16 15:36:25 2015 -0800	Fixed C# SizedByteArray copying leading bytes of ByteBuffer.
73582b14	b929c62c	Wed Jan 7 16:30:10 2015 -0800	Fixed C# showing up as C in the documentation
ae1763e2	aa46f0e4	Wed Jan 7 10:47:19 2015 -0800	cast literal to csize to fix error
10f4ecac	27823d55 318668ae	Tue Dec 9 02:01:21 2014 +0000	Merge "Fixed missing virtual destructor in allocator." into ub-games-master
27823d55	19361a58 95666692	Tue Dec 9 02:01:12 2014 +0000	Merge "Fixed Java ByteBuffer accessors generated for non-scalar vectors." into ub-games-master
318668ae	95666692	Mon Dec 8 17:19:29 2014 -0800	Fixed missing virtual destructor in allocator.
95666692	354fd906	Mon Dec 8 17:14:38 2014 -0800	Fixed Java ByteBuffer accessors generated for non-scalar vectors.
ced2cb6c	285501f7	Mon Dec 8 16:29:15 2014 -0800	[fix] removed some source files included multiple times causing duplicate symbol compilation errors
d6f70cdd	07d5965c	Wed Nov 19 10:57:34 2014 -0800	Fix FlatBuffersTest build on Android by adding missing file.
07d5965c	6ca102e4	Fri Nov 7 16:21:20 2014 -0800	Fixes #90 - flatc chokes on IDL files starting with a comment
8ef6ee2a	118abc28	Fri Nov 7 14:36:49 2014 -0800	Fixed required field checking incorrectly using unsigned offsets.
118abc28	fbcf0634	Wed Oct 29 10:42:10 2014 -0700	Fix a build error on 32 bit go
fbcf0634	e97f38e5	Mon Oct 27 17:48:29 2014 -0700	Fixed boilerplate copyright message in LICENSE.txt
d426890b	1e4d28bf	Wed Oct 22 13:35:24 2014 -0700	Fixed big-endian issue.
1e4d28bf	0eac15c7	Wed Oct 22 11:58:54 2014 -0700	Fixed missing files in Xcode project.
18cf19f8	730c0cad	Thu Sep 25 15:53:56 2014 -0700	Fixed bug in convenient constructors for Java/C#
ef03cf46	7b805357	Tue Sep 23 17:25:50 2014 -0700	Fix vector of strings for Go
32f2c1c3	e14bc1d9	Mon Sep 15 16:13:49 2014 -0700	Fixed test that was incompatible with 64bit offsets.
b5edc2de	09a2999c	Fri Sep 5 10:54:52 2014 -0700	Fixed JSON text output not finding symbolic names for enum value 1.
417cb878	11f25386	Thu Sep 4 17:35:08 2014 -0700	Fixed possible alignment issue in Go
ea57dfe8	9f506f57	Wed Sep 3 16:39:22 2014 -0700	Fixed missing <functional> header (VS).
15dc1a86	766d0df7	Wed Sep 3 12:23:15 2014 -0700	Fixed flatc silently accepting non-scalars as default values.
766d0df7	45075948	Wed Sep 3 11:34:47 2014 -0700	Fixed C++ codegen ignoring multiple padding scalars per field.
8e40902d	bc5fa9d5	Tue Sep 2 17:32:12 2014 -0700	Fixed compiler warning for int to char conversion.
bc5fa9d5	11b74368	Mon Aug 25 10:42:38 2014 -0700	Fixed compile errors in VS / gcc for recent commits.
ffb3dec5	51ba48ae	Fri Aug 22 14:02:32 2014 -0700	Prefixing of enum value identifiers in C++ is now optional.
f7b0d130	c2ba7fd2	Wed Aug 20 11:25:58 2014 -0700	Fixed warnings for unused variables in Visual Studio.
293a8110	8c5d7f7d	Tue Aug 19 14:25:55 2014 -0700	Fixed "unused private field" warning for clang.
cdb0dca3	f2908b77	Wed Aug 13 11:50:54 2014 -0700	Fixed possible alignment issue in Java
620d8d6f	39d4b7e2	Tue Aug 12 16:29:20 2014 -0700	Fixed compile warning related to file identification feature.
39d4b7e2	5da7bda8	Tue Aug 12 15:12:51 2014 -0700	Fix vector of strings for Java
be3c8742	d8a173dd	Mon Aug 11 17:42:55 2014 -0700	Fixed bugs that could cause struct values not to be stored or misaligned
52f4f457	7a99b3c7	Mon Jul 28 10:36:40 2014 -0700	Fix OS X build
bba042d7	63f21cb2	Thu Jul 24 16:58:30 2014 -0700	Fixed possible compile error in CreateVector* functions.
9143a933	74d5f370	Mon Jul 21 16:40:39 2014 -0700	Small fixes to the core C++ FlatBuffers implementation.
2208de06	75349ae8	Wed Jul 9 17:13:03 2014 -0700	Fixed namespace declaration not being cleared between files.
75349ae8	b3ee52c0	Wed Jul 9 17:13:03 2014 -0700	Fixed incorrect verifier code for nested tables.
b3ee52c0	7fcbe723	Wed Jul 9 11:43:30 2014 -0700	Fixed vectors reserving wrong amount of space in Java.
b863ac01	f0b3c757	Wed Jul 2 14:39:59 2014 -0700	Fixed helper function CreateVectorOfStructs calling wrong variant.
f0b3c757	350011f5	Wed Jul 2 14:39:59 2014 -0700	Fixed flatc not stripping the path from the base filename.
350011f5	1256307a	Wed Jul 2 14:39:58 2014 -0700	Fixed a bugs in the Java runtime that could cause an index out of bounds exception.
1256307a	a0b6ffc2	Wed Jul 2 14:39:58 2014 -0700	Switched VS build to -W4, and fixed all resulting warnings.
ff0d7a89	65cfa188	Mon Jun 23 14:00:58 2014 -0700	Doc clarifications (Java vectors, test working dir, benchmark fix).
58703a4f	fadb71f2	Mon Jun 23 10:55:04 2014 -0700	Fixed bug that caused creating 0-length arrays to crash
fadb71f2	ad84a663 aab06c6b	Thu Jun 19 14:48:39 2014 +0000	Merge "Fixed various compiler warnings (most related to a 64bit size_t)." into ub-games-master
aab06c6b	66583e8a	Thu Jun 19 12:04:39 2014 -0700	Fixed various compiler warnings (most related to a 64bit size_t).
ad84a663	66583e8a	Thu Jun 19 11:27:07 2014 -0700	Added 64bit configuration to VS project, and fixed dangling project references.
66583e8a	66de19ac	Thu Jun 19 10:57:53 2014 -0700	Fix compilation with VS 2013 missing header
41a6d35e	14851805	Tue Jun 17 17:34:03 2014 -0700	Fixed a bug in the Java code generation that would generate the wrong identifier in some cases. Also added a safety check for buffers growing past 2 gigabytes.
14851805	f694bf09	Tue Jun 17 13:35:47 2014 -0700	Fixed the web pages not scrolling by regenerating with doxygen.
