3b093b413	5c05fdec9	Mon Jul 17 22:58:58 2023 +0800	fix level too large error, for issue #1618
474cc1917	b27c16e5a	Mon Jul 17 13:15:00 2023 +0800	fix decimal deserialize error, for issue #1652
ae558fffc	cfe3e92ce	Tue Jul 11 07:27:08 2023 +0800	fix deserialize kotlin.collections.EmptyList & kotlin.collections.EmptySet, for issue #1627
7c119f5a4	9ad22b601	Sun Jul 9 09:17:15 2023 +0800	bug fix for serialize null value
9ad22b601	f0e3c9031	Sun Jul 9 09:16:37 2023 +0800	bug fix for pretty format serialize
6c98e50e0	e981962eb	Sun Jul 9 07:27:38 2023 +0800	fix serialize OffsetDateTime, for issue #1621
ab6cd356f	49a6e8836	Sat Jul 8 11:18:52 2023 +0800	fix serialize FileInputStream error
49a6e8836	834a333af	Sat Jul 8 10:28:48 2023 +0800	fix JSON.config fieldBased not work, for issue #1619
f7344bbb4	8ad5c1d3f	Wed Jun 28 21:56:55 2023 +0800	fix codestyle
8ad5c1d3f	d57cff2ec	Wed Jun 28 21:56:55 2023 +0800	fix codestyle
d57cff2ec	7bb5abbdf	Wed Jun 28 21:56:55 2023 +0800	fix checkstyle
7bb5abbdf	af0f79b04	Wed Jun 28 21:56:55 2023 +0800	fix issue1603
bbc7e7be3	2541e0b33	Tue Jun 20 03:16:41 2023 +0800	fix checkstyle
2541e0b33	8b430cde1	Tue Jun 20 03:16:41 2023 +0800	fix support recursive filter, for issue #1410
8b430cde1	1934f7987	Tue Jun 20 03:06:15 2023 +0800	fix testcase
96c1c0dff	146d9c868	Sun Jun 18 16:53:04 2023 +0800	bug fix for pretty format serialize, for issue #1591
ea3bc5d75	2534e1eb5	Sat Jun 17 19:50:20 2023 +0800	Fixed  enum mismatch (#1581)
12faf2afd	b0dfe516c	Fri Jun 16 18:55:31 2023 +0800	fix checkstyle
1c822a2dc	0fb4bf83d	Fri Jun 16 16:52:02 2023 +0800	fix testcase for pr #1572
91993d509	adaec956f	Fri Jun 16 15:56:49 2023 +0800	fixIssue1568 duplicates TIMESTAMP
8876c08b2	688579d77	Wed Jun 14 22:27:51 2023 +0800	fix writeDouble and writeFloat of JSONWriter when value Not a Number , for issue #1562
688579d77	2859d8417	Wed Jun 14 22:21:32 2023 +0800	fix add Iterable support for ObjectWriterCreator and ObjectWriterImplList, for issue #1563
2859d8417	8e11bea41	Tue Jun 13 09:36:22 2023 +0800	fix build error
8e11bea41	b20fe725a	Tue Jun 13 08:51:47 2023 +0800	fix deserialize enum performance drop
03b70d4fb	b063c7969	Sun Jun 11 23:01:29 2023 +0800	fix checkstyle
b063c7969	90dd7dd77	Sun Jun 11 23:01:29 2023 +0800	fix checkstyle
90dd7dd77	4e9a29033	Sun Jun 11 23:01:29 2023 +0800	fix add fail-fast to avoid OOM for ObjectReader when field value is null and field type belongs to collection, for issue #1545
5a909c130	22309b690	Sat Jun 10 23:58:46 2023 +0800	fix intelli analyze issues
236469ad0	efe108b92	Sat Jun 10 22:49:13 2023 +0800	fix support CSVReader
efe108b92	bc0805c55	Sat Jun 10 22:49:13 2023 +0800	fix checkstyle
bc0805c55	569fea5a7	Sat Jun 10 22:49:13 2023 +0800	fix checkstyle
37c584fbb	f25d2e63a	Sat Jun 10 12:56:17 2023 +0800	fixed: parse empty collection in kotlin (#1540)
f25d2e63a	cb51e4df5	Sat Jun 10 12:51:02 2023 +0800	fix StackOverFlowError for JsonWriter when feature of ReferenceDetection not specified explicitly
cb51e4df5	c8f5fab97	Sat Jun 10 02:35:15 2023 +0800	fix doc typo: 显示 -> 显式
c0ee65c02	b0503646f	Wed Jun 7 19:58:33 2023 +0800	fix write string for BigInteger and BigDecimal for issue #1537 and npe for issue #1534
1fc20513a	43e3dd5ca	Wed Jun 7 00:30:08 2023 +0800	fix readFieldName cache not work on length [8, 16]
43e3dd5ca	a3e22bc22	Wed Jun 7 00:30:08 2023 +0800	fix writeNameRaw capacity error
83746b3d0	927e21c0d	Sun Jun 4 20:47:32 2023 +0800	fix deserialize Date & Calendar
927e21c0d	cfdce7dd2	Sun Jun 4 20:42:52 2023 +0800	fix StringToAny to support nonempty str parsing when targetClass belongs to collection, for issue #1517
cfdce7dd2	dc2100b19	Sun Jun 4 16:51:48 2023 +0800	fix deserialize Date unixtime time format
9a01b9223	66c80af72	Sun Jun 4 16:40:59 2023 +0800	fix support nested filters, regex and in, for issue #1516
77abde094	bb26f5c62	Sat Jun 3 15:03:28 2023 +0800	fix ignore overwrite not work, for issue #1513
bb26f5c62	c6709ca90	Sat Jun 3 11:57:37 2023 +0800	fix non-default-constructor object deserialize reference support, for issue #1515
30f5c9158	e6aa2e9de	Thu Jun 1 20:04:25 2023 +0800	fix deserialize generic LinkedList lost item type, for issue #1520
327b70325	8abf142dc	Thu Jun 1 03:45:56 2023 +0800	fix JSONPathParser support multi and of &&, for issue #1516
dbe960b01	4eb41db51	Mon May 29 23:09:19 2023 +0800	fix number deserialize support type info, for issue #1512
4eb41db51	793a6966f	Mon May 29 21:04:13 2023 +0800	fix IntelliJ IDEA Inspection issues
793a6966f	0894e9056	Mon May 29 14:40:18 2023 +0800	bug fix for Date support
add5b5e02	df1910650	Sat May 27 17:07:09 2023 +0800	fix deserialize unmodifiableSet, for issue #1509
4dffc98a7	9902a318d	Sat May 27 10:44:19 2023 +0800	fix jsonpath multi-name not support array, for issue #1507
c74d42494	fa1f26c7b	Sat May 27 02:08:44 2023 +0800	fix testcase and remove unused code
fa1f26c7b	d43025df2	Sat May 27 01:05:53 2023 +0800	bug fix for JDK 9+, JSONWriterUTF16JDK9UF
98005e8f0	13f2230c6	Sun May 21 20:21:15 2023 +0800	fix autoTypeBeforeHandler not work on safeMode
7bd25b585	72e8a10d3	Sun May 21 11:48:28 2023 +0800	fix jjb benchmark
72e8a10d3	0d68834f1	Sun May 21 11:33:04 2023 +0800	fix jjb benchmark
d6d852c9f	3f3022b8d	Sat May 20 13:47:18 2023 +0800	fix getMethod class not found error, for issue #1486
1bba7bf04	873450e01	Sat May 20 04:11:51 2023 +0800	fix writeDateYYYMMDD10 error, for issue #1497
435b0e018	4797cb42b	Fri May 19 00:27:17 2023 +0800	fix: parsing failed when field exceeds 32 (simplify)
4797cb42b	dbc8d8e0e	Fri May 19 00:27:17 2023 +0800	fix: parsing failed when field exceeds 32 (#1490)
dbc8d8e0e	6eda9a74f	Thu May 18 19:27:15 2023 +0800	fix : serialize negative scale BigDecimal error, for issue #1494
1b81efd74	64071b320	Tue May 16 07:43:55 2023 +0800	fix testcase
64071b320	70d9e0bc1	Tue May 16 00:55:44 2023 +0800	add testcase & bug fix
ed66f95fb	b3cbd588a	Mon May 15 05:50:23 2023 +0800	fix kryo benchmark, support multi-thread
f39739102	726ae597b	Sun May 14 17:45:49 2023 +0800	fix kryo multi-thread benchmark error
76415d514	08f3fa62f	Sun May 14 06:08:17 2023 +0800	fix Set deserialize error, for issue #1417
d210666ee	ccca6477b	Thu May 11 23:32:49 2023 +0800	fix JSONReader.Feature.SupportSmartMatch not work on non-default constructor deserialize, for issue #1460
81238a7b9	db197cb55	Thu May 11 23:32:49 2023 +0800	fix @JSONField not work on field if type not equals getter return type, for issue #1465
4265433df	37a1d18e3	Thu May 11 19:54:23 2023 +0800	fix JSONArray and checkstyle
37a1d18e3	c3adae8f7	Thu May 11 19:54:23 2023 +0800	fix getString method doesn't work as expected for issue #1446
c3adae8f7	ed979837b	Thu May 11 09:02:26 2023 +0800	fix @JSONField annotation not work on non-getter method, for issue #1461
dcb249434	06ed3a505	Tue May 9 21:34:49 2023 +0800	bug fix for none-string keyType Map deserialize input string key, for issue #1457
e188f0215	e8292ea6c	Mon May 8 23:32:06 2023 +0800	fix jsonb deserialize none-string key object
e8292ea6c	5f88e601e	Mon May 8 23:32:06 2023 +0800	fix JSONAware fastjson 1.x compatible
5f88e601e	6b017c92d	Mon May 8 22:37:04 2023 +0800	fix checkstyle error of Issue1450
6b017c92d	67940070a	Mon May 8 22:37:04 2023 +0800	fix: generic superclass of interface causes NPE #1450
ebc637a7c	5b1b93068	Sun May 7 23:45:21 2023 +0800	fix benchmark
5b1b93068	a8221c385	Sun May 7 23:45:00 2023 +0800	fix javadoc error
a8221c385	7a7f60195	Sun May 7 23:45:00 2023 +0800	fix checkstyle
ada9479b5	883c043b0	Sun May 7 20:57:11 2023 +0800	fix jsonb autoType support, for dubbo issue 12209
a88bb149b	a0f246a24	Sun May 7 18:56:25 2023 +0800	fix serialize String with '\n' unescaped, for issue #1387
a0f246a24	76c9fa597	Sun May 7 17:13:40 2023 +0800	fix merge error for PR #1440
76c9fa597	48231de90	Sun May 7 17:10:19 2023 +0800	fix compile error for issue #1440
0381f414b	a44903acd	Sun May 7 17:04:22 2023 +0800	fix: amend pull#1419 in incubator-vector
321837d8c	1dac34c5d	Sat May 6 20:48:55 2023 +0800	fix write Collection item null error, for issue #1439
2ee040849	8cd261597	Sat May 6 17:45:23 2023 +0800	fix: #1439
a0db8e2ab	90863bb3d	Sat May 6 00:32:49 2023 +0800	fix write non-string key as string if enable JSONWriter.Feature.BrowserCompatible, for issue #1401
41f852dcd	db5860e60	Fri May 5 22:14:41 2023 +0800	fix jsonb deserialize Byte[]/Short[]/Integer[]/Long[]/Float[]/Double[] support writeClassName, for dubbo issue 12209
db5860e60	368a18857	Fri May 5 22:14:41 2023 +0800	fix NPE for issue #1433
d45e182bf	f542abada	Fri May 5 22:14:29 2023 +0800	fix JSONField incorrect comment
0f2d8f714	18b077276	Mon May 1 08:36:23 2023 +0800	fix oss fuzz 58420
897b5f9bc	ec7e93a98	Sun Apr 30 18:04:31 2023 +0800	fix testcase
707215119	28145c8c4	Sat Apr 29 23:52:36 2023 +0800	fix paramName is null, for issue #1409
28145c8c4	53db08b0f	Sat Apr 29 23:35:48 2023 +0800	fix testcase
9cc652591	4ad66e7bf	Sat Apr 29 20:00:40 2023 +0800	fix : lambada not support lambda getter, for issue #1424
527636208	824e2153a	Fri Apr 28 14:20:54 2023 +0800	fix wrong new BigDecimal() and equals() (#1420)
824e2153a	49be545fc	Thu Apr 27 22:06:39 2023 +0800	Fixed index out of bounds for #1413 (#1419)
434a6779b	7b756363c	Thu Apr 27 09:01:45 2023 +0800	fix: bug when autotype is a map subclass, for #1411
87cb869a1	d586134f2	Mon Apr 24 19:05:52 2023 +0800	[alibaba/fastjson2][bug-#1399] 修正jsonb序列化JSONObject对象为null时，反序列化失败报错的问题 (#1400)
b721c7adb	be6d60cf2	Fri Apr 21 20:44:09 2023 +0800	fix enum input null error, for issue #1385
177c72e6c	d84d9a0ca	Wed Apr 19 13:27:34 2023 +0800	fix : symbol >= 48 getString error, for issue #1366
614780738	0fd2a182b	Sun Apr 16 13:27:44 2023 +0800	fix InitStringFieldAsEmpty error, for issue #1370
466632ce1	370568865	Sat Apr 15 19:17:15 2023 +0800	fix FieldReader compare with fieldClass
5b52ef0e0	b6339e818	Sat Apr 15 10:00:39 2023 +0800	fix readTypeHashCode error, for issue #1366
bc754855e	eafcde051	Thu Apr 13 21:41:15 2023 +0800	use TypeUtils#toString & bug fix
1a07a7496	533ed6788	Thu Apr 13 20:17:23 2023 +0800	use TypeUtils#toString & bug fix
e114a11ab	d0f6c373b	Thu Apr 13 07:20:21 2023 +0800	fix : read List<Map<String, List>> field error, for issue #1351
d0f6c373b	811d37cc6	Thu Apr 13 05:49:25 2023 +0800	fix : WriteMapNullValue with Filter incorrect result, for issue #1348
811d37cc6	5144961fa	Thu Apr 13 05:37:23 2023 +0800	fix : BrowserCompatible not work, for issue #1350
09622b65e	1ca0ab6f7	Wed Apr 12 15:53:14 2023 +0800	fix IgnoreAutoTypeNotMatch
b352f1ef6	5fe552be4	Mon Apr 10 05:50:48 2023 +0800	fix : spring-doc not work, for issue #387
f58270019	885f14701	Sun Apr 9 16:19:53 2023 +0800	fix : extended Map support, for issue #1338
b4490bf78	4cad2470e	Sun Apr 9 13:12:45 2023 +0800	fix : extended Map support, for issue #1338
4cad2470e	236bdb7b3	Sun Apr 9 12:36:35 2023 +0800	fix : asm reader eliminate swap
b19da5b1a	90ee349d5	Sat Apr 8 05:32:36 2023 +0800	fix enum autotype error, for issue #1324
90ee349d5	c73843497	Sat Apr 8 05:05:19 2023 +0800	fix checkstyle & add testcase
4f41b125c	eacf08e5a	Sat Apr 8 04:47:46 2023 +0800	fix : reference detect npe, for issue #1332
997705562	10b9fba0a	Fri Apr 7 09:21:44 2023 +0800	fix : deserialize IgnoreAutoTypeNotMatch support
10b9fba0a	5454f9fb1	Fri Apr 7 08:56:34 2023 +0800	fix : deserialize IgnoreAutoTypeNotMatch support
7fd05f9e6	5017e3b41	Thu Apr 6 19:42:16 2023 +0800	bug fix for read date string
2ac810740	e24f8dd7c	Thu Apr 6 19:09:13 2023 +0800	bug fix & improve CSVParser
e24f8dd7c	22649f002	Thu Apr 6 19:06:44 2023 +0800	Fix native image judgment problem
22649f002	bc45d51ab	Thu Apr 6 06:40:47 2023 +0800	add testcase & bug fix
f30c9e995	5960edf83	Wed Apr 5 22:21:27 2023 +0800	bug fix & improve CSVParser
1035919cf	e0ab9bfe3	Wed Apr 5 15:50:46 2023 +0800	fix : input empty string as empty list, for issue #1320
e0ab9bfe3	0185b5bd0	Wed Apr 5 15:12:00 2023 +0800	fix : parse csv empty-line error
a062ed700	2a5fc28c8	Wed Apr 5 09:29:09 2023 +0800	fix JSONPath '*' support set & setCallBack
2a5fc28c8	a59e106cd	Wed Apr 5 01:13:35 2023 +0800	fix : deserialize AtomicBoolean error & refacytor
a59e106cd	09a99bba4	Wed Apr 5 01:13:35 2023 +0800	fix : deserialize List<List<Object>> field error, for issue #1312
27c4a38a7	3d36e41a0	Mon Apr 3 20:52:27 2023 +0800	add testcase & bug fix
3d36e41a0	ed7c90807	Mon Apr 3 19:21:26 2023 +0800	fix read latin1 error
a054d743b	920517585	Mon Apr 3 08:55:25 2023 +0800	fix typo
474b73a04	e3dcccc90	Sun Apr 2 23:12:53 2023 +0800	fix default disable smartMatch not work, for issue #1258
97ba57386	937ff1ef0	Sun Apr 2 02:32:46 2023 +0800	add testcase & bug fix
937ff1ef0	5ff736b2e	Sun Apr 2 00:22:42 2023 +0800	add testcase & bug fix
c389ee476	8be702396	Fri Mar 31 15:56:16 2023 +0800	fix typo
8be702396	74d1cbe8c	Fri Mar 31 08:58:19 2023 +0800	fix testcase
3694ad2c9	5bfb11033	Thu Mar 30 19:13:31 2023 +0800	fix serialize mongodb Decimal128, for issue #1300
282c37787	3b732eab6	Thu Mar 30 18:51:44 2023 +0800	fix serialize mongodb Decimal128, for issue #1300
acfb49bec	a229c43dc	Tue Mar 28 10:09:19 2023 +0800	fix ObjectReaderImplMapTyped.createInstance, key->keyType
48416e2e1	f508c8961	Tue Mar 28 05:53:12 2023 +0800	fix BeanUtils#declaredFields null input error, for issue #1286
4bb379977	63a4f095b	Tue Mar 28 05:38:47 2023 +0800	fix serialize function object, for issue #1289
e52135086	573f994a9	Mon Mar 27 19:12:09 2023 +0800	add testcase & bug fix
6847df14a	34acfd25e	Mon Mar 27 13:08:25 2023 +0800	fix EnumSet support
34acfd25e	a5cbf7513	Mon Mar 27 01:26:22 2023 +0800	fix JSON.isValid, for issue #1287
a5cbf7513	0bd035c69	Mon Mar 27 00:21:58 2023 +0800	fix validateNumber, for issue #1287
f5f8c9383	f3e5fedc2	Sun Mar 26 19:22:44 2023 +0800	add testcase & bug fix
f3e5fedc2	12cd26a63	Sun Mar 26 14:13:20 2023 +0800	fix NullPointerException, for issue #1286
e2bfebe9d	3003f8a28	Sun Mar 26 07:51:27 2023 +0800	fix toJavaObject map field generic keyType not work, for issue #1269
d0b37a771	12674c89f	Sun Mar 26 07:06:20 2023 +0800	fix latin1 non-ascii error, for issue #1277
12674c89f	4a735cfde	Sun Mar 26 06:48:36 2023 +0800	fix android test
4a735cfde	7e9c413db	Sun Mar 26 03:18:44 2023 +0800	refactor & bug fix
b62260e29	b66b0681d	Fri Mar 24 13:48:05 2023 +0800	fix WriteByteArrayAsBase64 not work, for issue #1271
b66b0681d	40b5f28b6	Fri Mar 24 09:16:57 2023 +0800	fix android java.sql.Timestamp support, for issue #1272
7db03a957	658218b38	Thu Mar 23 12:39:33 2023 +0800	fix kotlin support, for issue #1266
9f8e81913	db4570dc3	Wed Mar 22 03:40:05 2023 +0800	fix oom
db4570dc3	56c8b3a6d	Tue Mar 21 22:10:43 2023 +0800	fix github build error
56c8b3a6d	cf1ee2dc5	Tue Mar 21 21:47:39 2023 +0800	fix checkstyle
cf1ee2dc5	4f0c97d0a	Tue Mar 21 21:44:00 2023 +0800	fix github build error
4f0c97d0a	58efed7f3	Tue Mar 21 20:10:35 2023 +0800	fix testcase
e5d7f69e3	10eb418c6	Sat Mar 18 02:32:34 2023 +0800	fix checkstyle
e0b4a91bc	3583173a8	Fri Mar 17 18:54:22 2023 +0800	fix JSONField#deserializeUsing on Field, for issue #1249
ca3cd331e	a5e25757d	Fri Mar 17 04:35:40 2023 +0800	fix JSONField support, for issue #1246
a5e25757d	31480dd17	Thu Mar 16 21:25:25 2023 +0800	fix WriteBooleanAsNumber, for issue #1241
31480dd17	d52394d51	Thu Mar 16 17:21:05 2023 +0800	fix EnumSet jdk 17 support, for pr #1245, issue #1244
c168c6241	6648b96c0	Thu Mar 16 16:21:13 2023 +0800	#1244 fix EnumSet deserialization fail
c5f196176	45a109318	Tue Mar 14 23:58:37 2023 +0800	fix reference detection, for issue #1234
aeaec4fa8	f598c5af8	Tue Mar 14 22:32:10 2023 +0800	fix toJavaObject, for issue #1233
fea0ad326	cad05d732	Tue Mar 14 09:49:45 2023 +0800	fix Exception/List deserialize with ContextAutoTypeBeforeHandler
cad05d732	485359224	Tue Mar 14 08:53:15 2023 +0800	fix JSONField priority for getter & setter
7d5d20554	27a779fd9	Mon Mar 13 16:43:26 2023 +0800	fix jsonpath multi
e48261f62	3807da782	Mon Mar 13 09:20:59 2023 +0800	fix checkstyle
031fe2ca0	4b0578e72	Mon Mar 13 00:25:24 2023 +0800	fix : ObjectWriterAdapter#writeWithFilter support null input, for issue #1226
ea8af5f9d	d8791abe5	Fri Mar 10 18:43:45 2023 +0800	fix : serialize Throwable lost stackTrace
4931f14c7	abfbbd8d5	Fri Mar 10 01:55:35 2023 +0800	fix JSONPath#extract, for issue #1215
c54812f1b	a46e5108f	Wed Mar 8 21:48:29 2023 +0800	add testcase & fix checkstyle
9c73b0000	f7bf04db8	Tue Mar 7 01:30:24 2023 +0800	add JSONPathTypedMulti testcase & bug fix
f7bf04db8	a6667802e	Tue Mar 7 00:48:09 2023 +0800	fix for JSONPathSingleIndex
5af705e01	4d4a95f01	Sun Mar 5 23:14:35 2023 +0800	fix JSONPath multi-path extract result error, for issue #1191
6ea2937d1	dca69967a	Sat Mar 4 16:20:53 2023 +0800	fix JSONPathTypedMultiIndexes
ceb7bd60e	aa647596f	Fri Mar 3 20:33:21 2023 +0800	fix JSON#isValid, for issue #1183
aa647596f	53c2e5a73	Fri Mar 3 13:48:26 2023 +0800	fix parseArray for Enum, for issue #1184
0d81ba6c4	2c6521df8	Fri Mar 3 13:48:26 2023 +0800	fix : override method parent's annotation not work
ca71b61cc	c0f81737a	Thu Mar 2 19:18:07 2023 +0800	fix serialize duplicate key if typeKey equals fieldName
f32d8ce66	180d29055	Thu Mar 2 02:18:59 2023 +0800	bug fix for JSONPathTypedMultiIndexes, for issue #1130
cc32a8959	d67cef8a2	Thu Mar 2 01:06:18 2023 +0800	fix ObjectReader#parseObject parameter 'type' input is null, for issue #1168
0e617c128	4f96771dc	Wed Mar 1 19:24:57 2023 +0800	fix negative-index array access, for issue #1153
4f96771dc	da46117b8	Wed Mar 1 14:34:55 2023 +0800	fix writeChar oom, for issue #1165
da46117b8	c74bb6109	Wed Mar 1 14:34:01 2023 +0800	fix writeChar(char) 每次调用都会进行1.5倍扩容
aacdc4073	283ee56b8	Tue Feb 28 11:50:06 2023 +0800	fix unclear json schema error msg
283ee56b8	11c07ee97	Tue Feb 28 11:15:10 2023 +0800	fix unit tests fail
8fded650d	9841d9ceb	Mon Feb 27 23:34:22 2023 +0800	fix Enums toUtf8Bytes errors
9841d9ceb	984e47d38	Mon Feb 27 23:02:19 2023 +0800	fix : unwrapped field deserialize
e504259c1	10fee71a1	Mon Feb 27 19:13:19 2023 +0800	fix long to java.sql.Time/Timestamp/Date, for issue #1146
c327b3fc3	6551ec55b	Sun Feb 26 00:02:27 2023 +0800	fix TypeUtils compatible, add method `castToDate(Object value, String format)`
73f81c0a8	6c40d0526	Sat Feb 25 12:04:14 2023 +0800	fix : JSONSchema array item reference defs
a83ba3dd5	7afaeada8	Wed Feb 22 00:14:36 2023 +0800	fix `Boolean getBoolean()` and `Boolean isBoolean()` method resolve order, for issue #1133
7afaeada8	f8e5fa93d	Mon Feb 20 22:23:29 2023 +0800	bug fix parse UTF8Bytes in JDK8
0492ccca4	1464b78ed	Sun Feb 19 18:16:14 2023 +0800	fix schema validate required property
3436764b9	d31819e10	Sat Feb 18 09:57:57 2023 +0800	fix:bug and test case
d31819e10	6ff79d4c0	Fri Feb 17 17:30:39 2023 +0800	fix : readBigDecimal, for issue #1120
d9449291a	727c91c43	Fri Feb 17 02:38:46 2023 +0800	fix:bug
2888428e7	266845c98	Wed Feb 15 20:22:51 2023 +0800	fix JSONPathTypedMultiNames not validate pathFeatures on error
e398e1d2e	e1ead92e2	Mon Feb 13 19:44:03 2023 +0800	add testcase & refactor & bug fix
e1ead92e2	271b2cc71	Mon Feb 13 09:01:58 2023 +0800	fix : remove duplicate line
5185d876b	0728b4521	Fri Feb 10 18:26:39 2023 +0800	fix JSONArray.parseArray none-public error
f4ba97430	de4641cd6	Fri Feb 10 18:24:14 2023 +0800	fix cast int to enum, for issue #1106
de4641cd6	afd4d80c9	Fri Feb 10 02:15:30 2023 +0800	fix process enum field annotation, for issue #1062
afd4d80c9	0879a594b	Fri Feb 10 00:45:41 2023 +0800	fix dependabot security alter
1874faf0e	a7134cc64	Thu Feb 9 00:09:48 2023 +0800	fix DuplicateKeyValueAsArray, for issue #1100
f936e4e66	8d44fa003	Wed Feb 8 21:22:26 2023 +0800	chore(build): fix javadoc failure of module `fastjson2-incubator-vector`
f441ad39b	03f2a7b56	Tue Feb 7 20:45:06 2023 +0800	fix java doc since
a7b182a0c	d192347cc	Thu Feb 2 20:02:18 2023 +0800	fix : ContextValueFilter field is null, for issue #1090
d192347cc	f4f77b6af	Wed Feb 1 09:02:14 2023 +0800	fix toJSONStringWithDateFormat not setRootObject, for issue #1085
f4f77b6af	e825eba5e	Wed Feb 1 08:44:46 2023 +0800	fix unwrap support, for issue #1086
bdf63cd25	8bab5082c	Sun Jan 29 10:31:43 2023 +0800	fix checkstyle
8bab5082c	6a729b08c	Sun Jan 29 10:31:02 2023 +0800	bug fix for multi ValueFilter, for issue #1078
7711ed4c6	739e9c2c4	Sat Jan 14 13:51:58 2023 +0800	fix parser line comment, for issue #1073
739e9c2c4	d4e04d768	Sat Jan 14 09:37:43 2023 +0800	fix jsonpath extract '*', for issue #1070
d4e04d768	219275854	Thu Jan 12 09:01:23 2023 +0800	fix jsonpath extract error, for issue #1070
534bedd80	9dee1dbde	Mon Jan 9 22:33:18 2023 +0800	 fix : read object & array as string, for issue #1061
205fda013	605a3ff8c	Sun Jan 8 08:17:58 2023 +0800	add jsonb testcase & bug fix
dda79cdb7	1a43e72ad	Sat Jan 7 14:01:50 2023 +0800	fix handle error input, for issue #1058
0ea9135d1	4e5a7a58b	Fri Jan 6 22:12:30 2023 +0800	bug fix for @JSONType(deserializeFeatures=JSONReader.Feature.FieldBased), for issue #1054
cb90108f6	08bc913e9	Thu Jan 5 12:49:52 2023 +0800	fix testcase
49aeede8d	257d12fbc	Wed Jan 4 22:03:46 2023 +0800	fix JSONWriter.Feature.MapSortField not work with filters, for issue #1030
33d957c24	3d8ad0755	Wed Jan 4 18:24:01 2023 +0800	bug fix for BigDecimal serialize
3d8ad0755	50c2bddc8	Wed Jan 4 09:37:27 2023 +0800	fix checkstyle
50c2bddc8	9005ad96e	Wed Jan 4 09:25:47 2023 +0800	fix testcase
9005ad96e	cc3a6ae3e	Tue Jan 3 21:41:01 2023 +0800	fix parse error array input, for issue #1047
e208a071a	89aee49b9	Tue Jan 3 18:43:55 2023 +0800	fix testcase for TimeZone
b0615910b	a8042881f	Fri Dec 30 18:13:30 2022 +0800	bug fix for writeNullBinaryField, for issue #1041
107a74d1c	0242d9c56	Thu Dec 29 13:04:29 2022 +0800	fix toJavaObject, for issue #1038
0242d9c56	a46564d08	Thu Dec 29 00:24:49 2022 +0800	fix checkstyle
ea467d910	60adf85b9	Tue Dec 27 17:40:33 2022 +0800	fix toJavaObject, for issue #1034
2c39bf007	ba796a1ec	Sun Dec 25 19:47:25 2022 +0800	bug fix for swagger support, for issue #1033 #954
44e5a553e	71b7df79c	Wed Dec 21 09:19:53 2022 +0800	fix LocalDate/LocalTime/LocalDateTime/Instant deserialize, for issue #1026
71b7df79c	e7928a077	Wed Dec 21 08:52:14 2022 +0800	fix serialize special string, for issue #1025
09ec9700f	0c8375888	Tue Dec 20 21:47:14 2022 +0800	bug fix
0c8375888	7e9a98384	Tue Dec 20 21:33:24 2022 +0800	refactor & bug fix
619d9f660	e4bb11588	Sat Dec 17 19:04:57 2022 +0800	docs: fix github action badges
13d317313	71a918cc8	Fri Dec 16 21:25:36 2022 +0800	fix testcase for spring 3
b852e7ea8	efa27d575	Thu Dec 15 20:06:55 2022 +0800	fix checkstyle
efa27d575	c771e68db	Thu Dec 15 20:02:17 2022 +0800	fix checkstyle
b81326b7c	649d7dac4	Thu Dec 15 02:57:50 2022 +0800	add testcase & bug fix
ab9500c5b	1f19c4894	Wed Dec 14 16:39:22 2022 +0800	fix parse LocalDateTime with TimeZone, for issue #1014
1f19c4894	e680c1899	Wed Dec 14 12:28:48 2022 +0800	add testcase & bug fix
00702314c	3b7e51206	Mon Dec 12 09:36:17 2022 +0800	fix jsonpath for deepScan
9fc2cde56	d7d36e16c	Sun Dec 11 11:16:01 2022 +0800	bug fix for JSONObject.toJavaObject, for issue #1000
a66a8b5a4	c2ff562a5	Sat Dec 10 12:39:19 2022 +0800	bug fix for android support
0aee56020	1240653d6	Fri Dec 9 14:36:15 2022 +0800	fix FieldWriter compare for timsort error
110379183	ea4678763	Fri Dec 9 01:00:16 2022 +0800	fix for timesort error
ea4678763	fa25fc21b	Thu Dec 8 23:36:07 2022 +0800	fix ObjectReaderProvider/ObjectWriterProvider cleanUp
6d4f307ac	ae85de879	Thu Dec 8 01:55:43 2022 +0800	fix toJavaObject, for issue #1001
d9e7c12ac	bb5fa47b9	Fri Dec 2 18:11:40 2022 +0800	fix testcase for issue #973
bb5fa47b9	a4fed808b	Fri Dec 2 18:11:40 2022 +0800	bug fix for compact_strings
12a22a47a	023930ae2	Fri Dec 2 17:01:56 2022 +0800	[ISSUE#986] Fix JSONSchema NPE exception
023930ae2	017b9023f	Thu Dec 1 23:29:11 2022 +0800	fix testcase for issue #973
017b9023f	e979a686b	Thu Dec 1 22:50:28 2022 +0800	fix testcase for issue #973
e979a686b	7f66c6bf1	Thu Dec 1 20:13:24 2022 +0800	bug fix for smartMatch
808340a2d	5f9a6ea7e	Wed Nov 30 20:39:54 2022 +0800	fix : jsonpath number key, for issue #956
26cd25807	0a6a8292e	Tue Nov 29 21:17:31 2022 +0800	bug fix for JSONReaderJSONB#readFieldNameHash with symbols, bug fix for dubbo 3.2
ac8d25f4c	2fb2c98a5	Mon Nov 28 22:32:06 2022 +0800	SupportSmartMatch support Boolean Field "is" prefix
453195304	d4a522d9e	Mon Nov 28 21:43:53 2022 +0800	SupportSmartMatch support Boolean Field "is" prefix
d4a522d9e	14dc05bf9	Mon Nov 28 21:43:08 2022 +0800	SupportSmartMatch support Boolean Field "is" prefix
25738e712	01a6d82ab	Sun Nov 27 14:11:41 2022 +0800	bug fix ObjectArray item reference detect
95dcb9cd6	f6be7c29c	Sat Nov 26 08:49:12 2022 +0800	fix SimplePropertyPreFilter excludes, for issue #967
e50cd3d7f	8d78e457e	Sat Nov 26 01:35:58 2022 +0800	bug fix for jsonpath multiNames
8d78e457e	ff73b4a2f	Fri Nov 25 16:56:59 2022 +0800	bug fix for jsonpath multiNames
ff73b4a2f	b6d0d873d	Fri Nov 25 08:49:39 2022 +0800	bug fix for issue #920
4bbdbef39	ef78b8113	Thu Nov 24 22:45:57 2022 +0800	bug fix for WriteLongAsString, for issue #961
ef78b8113	0627a47a4	Thu Nov 24 22:16:14 2022 +0800	bug fix for Exception jsonb serialize & deserialize
5e7a0d532	36419b436	Thu Nov 24 14:57:26 2022 +0800	bug fix for parse double value, for issue #959
522d6d78d	9dc509a2a	Tue Nov 22 23:33:35 2022 +0800	fix autoType, for issue #947
9dc509a2a	8ed7c7582	Tue Nov 22 23:14:51 2022 +0800	fix toMillis19, for issue #952
bf6262bcd	7d2e1f432	Tue Nov 22 14:47:36 2022 +0800	fix writeDouble(double[]), for issue #951
5af3729cf	c527d9521	Sun Nov 20 21:28:23 2022 +0800	fix ErrorOnNullForPrimitives support
e4a2b4807	3a1c3bfdc	Sat Nov 19 14:52:34 2022 +0800	support user defined BigDecimal ObjectReader, fix issue #940
3a1c3bfdc	a48420fb1	Sat Nov 19 14:51:56 2022 +0800	fix odps udf jsonextract
a48420fb1	48d4026fc	Sat Nov 19 14:23:29 2022 +0800	fix odps udf jsonextract
21602d800	70dc305ac	Sat Nov 19 12:22:18 2022 +0800	improved lombok support, fix issue #942
8dc04d486	241b7458b	Thu Nov 17 20:49:35 2022 +0800	fix ZonedDateTime serialize format, for issue #933
c7fb6862a	d940f95c9	Thu Nov 17 19:24:28 2022 +0800	refactor & add testcase & bug fix
aa8ea1c85	c0684ced2	Mon Nov 14 19:31:29 2022 +0800	fix WriteEnumUsingToString, for issue #928
bab617c3a	d84ba255f	Sat Nov 12 22:32:48 2022 +0800	fix testcase
3ab32e7a1	662a04b2a	Sat Nov 12 12:56:21 2022 +0800	bug fix for android support
6dccf59ea	6a23b3c1d	Sat Nov 12 11:41:56 2022 +0800	fix : first char uppercase field name serialize & deserialize, for issue #924
3b420d748	0d29dada4	Fri Nov 11 09:38:56 2022 +0800	improved JSONObject#to, fix issue #914
d6ae60ba5	2bb666e02	Thu Nov 10 21:53:21 2022 +0800	fix OracleClob support, for issue #920
e768fd89d	b7a362e6a	Thu Nov 10 19:20:13 2022 +0800	https://github.com/alibaba/fastjson2/issues/913 fix
c3c0fa004	659cf4552	Thu Nov 10 06:13:41 2022 +0800	fix JSONObject.getDate, for issue #912
abf055c3a	6c5c2bf14	Tue Nov 8 23:30:25 2022 +0800	[fix]:[889][2.0.17-SNAPSHOT core 模块下运行单元测试有 13 个没有通过] #889 使用 LocaleSetter.setLocaleToEnglish(); 设置时区
3d3b5864b	3e2c1dc77	Sun Nov 6 23:50:45 2022 +0800	[fix]:[889][2.0.17-SNAPSHOT core 模块下运行单元测试有 13 个没有通过] #889
53abd9879	47fa7bd88	Sun Nov 6 21:39:27 2022 +0800	[fix]:[889][2.0.17-SNAPSHOT core 模块下运行单元测试有 13 个没有通过] #889
919a521db	137e2319d	Fri Nov 4 14:00:06 2022 +0800	fix : if contextClass is null, auto type throw NullPointerException.
a3ef9a4d0	88d12e2c4	Thu Nov 3 23:22:58 2022 +0800	bug fix for WriteLongAsString, for issue #891
6e53110cf	8b84e5da9	Thu Nov 3 22:45:36 2022 +0800	fix: checkstyle for testcase issue895
96adf1f41	548d3ea9b	Thu Nov 3 22:45:36 2022 +0800	fix: type missing for issue #895
cefd17219	752264790	Thu Nov 3 08:40:21 2022 +0800	fix: correct a mistake in ObjectReader12
7ed8a9422	d120ce9e6	Sat Oct 29 15:47:34 2022 +0800	fix JSONPath#set, for issue #842
d120ce9e6	9fb7af3f4	Sat Oct 29 14:13:24 2022 +0800	fix WriteNullListAsEmpty, for issue #878
ae6e3d7fb	2e1bcd02f	Mon Oct 24 14:43:18 2022 +0800	bug fix for rocketmq 1.x compatible, for issue #865
ca327621e	ba7419b72	Sat Oct 22 16:45:31 2022 +0800	fix kotlin build
ba7419b72	b72f14216	Sat Oct 22 16:01:43 2022 +0800	fix testcase
3b8cf0df5	1600401ae	Fri Oct 21 23:02:14 2022 +0800	improved fastjson 1.x compatible, support SerializerFeature.WriteEnumUsingName, fix issue #859
075d51cf5	e40a224a8	Fri Oct 21 22:10:58 2022 +0800	support integer to Date, fix issue #861
3549f15c3	e148d3d64	Fri Oct 21 20:59:10 2022 +0800	fix writeFloatArray, issue #860
a92eb9167	0b05b6aba	Tue Oct 18 18:32:21 2022 +0800	fix: the constructor of abstract class under kotlin being is null for issue #848
1b1b31e1b	fcbcf1edf	Sat Oct 15 21:47:49 2022 +0800	bug fix : JSONObject.to & getObject miss setter value on none-default-constructor class, for issue #823
fcbcf1edf	049e17555	Sat Oct 15 21:18:54 2022 +0800	improved fastjson 1.x compatible, fix issue #822
049e17555	20a82d066	Sat Oct 15 19:54:27 2022 +0800	Long & Decimal support user-define ObjectWriter, fix issue #820
440a9bccc	be1fd8098	Sat Oct 15 15:28:17 2022 +0800	bug fix for JSONPath#set, for issue #842
e2915a86f	c8c5c104e	Thu Oct 13 22:36:24 2022 +0800	bug fix for empty input parse number
c8c5c104e	8f84f222a	Thu Oct 13 20:44:11 2022 +0800	bug fix for JSONType#serializeEnumAsJavaBean
8f84f222a	7c02d587f	Thu Oct 13 09:09:26 2022 +0800	fix kotlin module deploy error
7c02d587f	55850bfee	Wed Oct 12 23:03:21 2022 +0800	bug fix for enum JSONCreator support, fix issue #829
55850bfee	a7fd53441	Wed Oct 12 21:53:16 2022 +0800	fix issue #828
fc125d815	8848aa885	Wed Oct 5 12:04:27 2022 +0800	support java.util.Date custom serialize, fix issue #781
8848aa885	49d5d2b92	Wed Oct 5 11:20:41 2022 +0800	empty list do not reference detect, fix issue #515
7d819781d	a5d704be1	Mon Oct 3 14:18:05 2022 +0800	bug fix for android support
a5d704be1	a48d5c016	Mon Oct 3 14:13:15 2022 +0800	fix checkstyle
a48d5c016	6a03a5f4a	Mon Oct 3 14:09:49 2022 +0800	bug fix for android support
6a03a5f4a	025892c31	Mon Oct 3 13:48:18 2022 +0800	bug fix for android support
025892c31	1f2058960	Mon Oct 3 13:24:24 2022 +0800	bug fix for android support
1f2058960	8b71a6c03	Mon Oct 3 13:03:33 2022 +0800	bug fix for android support
8b71a6c03	7a2019ddb	Mon Oct 3 12:28:19 2022 +0800	bug fix for android support
20b48791e	e51614799	Sun Oct 2 00:55:02 2022 +0800	fix testcase
7a8b7764c	67bff36a3	Sat Oct 1 17:02:24 2022 +0800	fix typo
409cfa397	e42f57dc7	Sat Oct 1 15:57:54 2022 +0800	fix testcase
e42f57dc7	b42af326d	Sat Oct 1 15:55:18 2022 +0800	fix testcase
359c376f1	34a7271cf	Wed Sep 28 08:27:02 2022 +0800	fix java doc & add testcase
9fcb54c97	4dd7c8660	Tue Sep 27 08:54:23 2022 +0800	fix spring-boot autowired object serialize, for issue #798
4b090b6e9	f7663e234	Mon Sep 26 18:36:16 2022 +0800	improved fastjson 1.x compatible, support IOUtils.close, fix issue #797
f7663e234	66b0dfeb4	Mon Sep 26 16:35:18 2022 +0800	refactor & add testcase & bug fix
66b0dfeb4	af715fc29	Sun Sep 25 23:14:11 2022 +0800	improved codegen support, fix issue #796
20bf6fd3b	3f7d42245	Sat Sep 24 18:43:29 2022 +0800	fix JSONArray#getString & JSONArray#getString, for issue #794
40ba253d9	534e592e4	Sat Sep 24 12:42:32 2022 +0800	add testcase & bug fix
1ba15fdec	9f7cae6d9	Fri Sep 23 23:10:33 2022 +0800	fix JSONPath.paths & add testcase
0eedbc3c0	88c3313a7	Thu Sep 22 19:45:16 2022 +0800	support none-static member class, fix issue #367
88c3313a7	1472fc8ef	Thu Sep 22 19:23:10 2022 +0800	fix checkstyle
fa20ff9bc	e8ed563b9	Mon Sep 19 22:13:40 2022 +0800	java.sql.Date support user register ObjectWriter, fix issue #781
e8ed563b9	f6801bcbd	Mon Sep 19 19:56:08 2022 +0800	support none-static member class, fix issue #367
f08d39d98	eac15ac4c	Sun Sep 18 12:04:43 2022 +0800	fix module-info, for issue #780
eac15ac4c	5abc88c54	Sun Sep 18 05:32:02 2022 +0800	fix module-info, for issue #780
d10cc9a93	afc60a3dc	Fri Sep 16 20:03:54 2022 +0800	bug fix for IgnoreNoneSerializable
afc60a3dc	169612ad7	Fri Sep 16 19:52:38 2022 +0800	bug fix for IgnoreNoneSerializable
169612ad7	6d3c008e7	Fri Sep 16 19:43:42 2022 +0800	bug fix for ErrorOnNoneSerializable
c9be45ee9	acbf00073	Fri Sep 16 05:01:14 2022 +0800	bug fix for jsonpath
505317435	84832f160	Fri Sep 16 03:45:46 2022 +0800	fix : write none-iso8601 date with timeZone, for issue #762
8d31732f7	a0f6c1897	Thu Sep 15 19:53:11 2022 +0800	fix : autoType error, for issues #771
a0f6c1897	b767aa05e	Thu Sep 15 19:13:49 2022 +0800	fix : JSONField not work, for issues #765
b767aa05e	5400fd061	Thu Sep 15 17:35:35 2022 +0800	fix : JSONSchema ValidateResult getMessage error, for issue #770
5400fd061	4f9168615	Thu Sep 15 17:23:02 2022 +0800	fix : IgnoreGetterError not work with filters, for issue #769
4f9168615	56e2fd45c	Thu Sep 15 14:35:19 2022 +0800	bug fix for jsonpath
56e2fd45c	c73362f47	Thu Sep 15 13:03:24 2022 +0800	bug fix for jsonb name cache
2489dfbe2	0a10311d3	Thu Sep 15 04:45:46 2022 +0800	bug fix for AutoTypeFilter
0a10311d3	de4de6e0e	Wed Sep 14 21:00:27 2022 +0800	bug fix for ignoreNonFieldGetter, for issue #764
bb8ac3543	329778aa1	Wed Sep 14 21:00:27 2022 +0800	bug fix for AutoTypeFilter
10f7d62ef	42f0e119f	Wed Sep 14 03:08:14 2022 +0800	bug fix for AutoTypeFilter
42f0e119f	8c3b953a0	Tue Sep 13 20:41:35 2022 +0800	bug fix for AutoType
8c3b953a0	b8be9bf9c	Tue Sep 13 19:51:44 2022 +0800	bug fix for AutoType
2884a1f9a	82aeb9d5c	Mon Sep 12 16:41:29 2022 +0800	support '\0' whitespace, fix issue #757
db266561c	badace672	Mon Sep 12 15:03:55 2022 +0800	fix checkstyle
a6a6f42ce	44bf9b5ed	Mon Sep 12 10:38:03 2022 +0800	pom.xml use fastjson2-parent & com.example -> com.alibaba.fastjson2.example & fix checkstyle
7fcb89887	29cfa9669	Mon Sep 12 02:08:54 2022 +0800	fix : ContextAutoTypeBeforeHandler not work on multi class loader, for issue #753
29cfa9669	bbdd36559	Mon Sep 12 01:54:44 2022 +0800	bug fix & improved AutoTypeFilter, for issue #749
bbdd36559	409d01e59	Mon Sep 12 01:35:53 2022 +0800	fix : Class<?> fieldType deserialize not work, for issue #752
409d01e59	0d0621b91	Mon Sep 12 01:04:58 2022 +0800	fix : none-public nested class fieldBased not work, for issue #751
0d0621b91	446f6ce92	Mon Sep 12 00:48:48 2022 +0800	fix : nested class autoTypeFilter not work, for issue #750
446f6ce92	f4f1834b4	Mon Sep 12 00:36:50 2022 +0800	bug fix & improved AutoTypeFilter, for issue #749
5f4adf77f	54897cc47	Sat Sep 10 14:16:59 2022 +0800	bug fix for graal support
4acf5cb07	0568f5133	Sat Sep 10 06:20:56 2022 +0800	bug fix for android support
0568f5133	62648952f	Sat Sep 10 05:42:26 2022 +0800	bug fix for android support
374956b2b	e8dd09943	Fri Sep 9 23:45:55 2022 +0800	bug fix for JSON.isValid
804d0f25c	2284044b3	Fri Sep 9 07:27:56 2022 +0800	fix checkstyle
2284044b3	4ab575064	Fri Sep 9 07:08:51 2022 +0800	fix testcase
f457b981c	2fdce3be3	Thu Sep 8 06:29:31 2022 +0800	bug fix for input none-string key error, for issue #737
2fdce3be3	df7055bbb	Thu Sep 8 06:29:31 2022 +0800	fix : List<String> not support null input. for issue #732
91d6de79a	787e24aad	Tue Sep 6 07:28:39 2022 +0800	fix : primitive getter/setter JSONField#serializeUsing/deserializeUsing not work
f5f5d9b65	8f671d217	Tue Sep 6 06:03:33 2022 +0800	bug fix : ContextAutoTypeBeforeHandler type name length < 8 not work on mix-hash-algorithm
824fcd18b	3dc845b0e	Sun Sep 4 20:38:17 2022 +0800	bug fix for OptimizedForAscii
4fb043fe7	250342272	Sun Sep 4 18:04:54 2022 +0800	fix typo
1bfa7d541	1f1c9a45f	Sat Sep 3 21:33:21 2022 +0800	bug fix for IgnoreNoneSerializable
eb9550a2d	2ff59e7da	Fri Sep 2 21:14:49 2022 +0800	bug fix for JSONType.writeEnumAsJavaBean not work, fix issue #730
a9b7967ae	fa392ee16	Fri Sep 2 19:45:01 2022 +0800	fix testcase
1f77b750b	1621f2a94	Fri Sep 2 04:09:40 2022 +0800	bug fix for toJavaObject, fix issue #728
1621f2a94	ae5f80770	Fri Sep 2 03:48:36 2022 +0800	bug fix for toJavaObject, fix issue #728
ae5f80770	10e45f74b	Thu Sep 1 19:03:57 2022 +0800	fix NullPointerException for illegal dateformat, fix issue #727
10e45f74b	fa82454d0	Wed Aug 31 22:01:29 2022 +0800	bug fix for JSON.contains process null, fix issue #643
fa82454d0	4176fcaa2	Wed Aug 31 20:48:37 2022 +0800	bug fix for process Jackson JsonCreator for enum, fix issue #725
4176fcaa2	ac6ae7c3a	Wed Aug 31 20:20:45 2022 +0800	bug fix for ObjectReaderImplObject#createInstance, fix issue #541
3aa25db59	c62016f9b	Wed Aug 31 13:43:36 2022 +0800	bug fix for process jackson annotation JsonIgnore, for issue #716
c62016f9b	a0ee44716	Wed Aug 31 13:25:59 2022 +0800	bug fix for single item array input support
1551be035	fc3c0f4d3	Sun Aug 28 16:33:02 2022 +0800	bug fix for handle illegal input
42350acd2	6c5523150	Sun Aug 28 15:32:38 2022 +0800	bug fix for lombok public field serialize
6af6688db	78850be31	Sun Aug 28 13:11:00 2022 +0800	fix typo
678c44627	e7f63f59e	Sat Aug 27 01:45:06 2022 +0800	serialize support JSONWriter.Feature.WriteByteArrayAsBase64, deserialize support JSONReader.Feature.Base64StringAsByteArray, fix issue #702
e7f63f59e	9834a3943	Sat Aug 27 00:55:36 2022 +0800	serialize support Boolean isXX getter, fix issue #673
9834a3943	987f72be5	Sat Aug 27 00:29:48 2022 +0800	check input close, fix issue #711
987f72be5	f47cb4b22	Fri Aug 26 23:53:42 2022 +0800	bug fix for parse illegal input, fix issue #709
557d18105	d01da8045	Fri Aug 26 09:12:17 2022 +0800	bug fix for ObjectWriterCreatorLambda enum mixin, for issue #703
765ae9e59	06e5df262	Thu Aug 25 20:11:40 2022 +0800	bug fix for arrayAdd, fix issue #708
60e18eb03	231c3fded	Mon Aug 22 23:22:23 2022 +0800	bug fix for Enum mixin
231c3fded	b56866dbb	Mon Aug 22 23:03:28 2022 +0800	bug fix for Enum mixin
ae897f734	54d305799	Sat Aug 20 21:31:14 2022 +0800	fix jdk name
8c988179f	aad52b1c2	Thu Aug 18 23:55:07 2022 +0800	bug fix for JSONReaderASCII
487267a9f	df0d72ed4	Thu Aug 18 18:59:03 2022 +0800	bug fix for toJavaList, for issue #699
184bf2553	d3c64d6c6	Wed Aug 17 18:09:00 2022 +0800	bug fix for NullKeyMap serialize, fix issue #697
39a221be1	bd0d19d5f	Wed Aug 17 09:23:38 2022 +0800	bug fix for number exponent >= 256
8d73538af	6acce95f5	Tue Aug 16 01:39:48 2022 +0800	bug fix for FieldWriterObject write concurrency, fix issue #661
07f042fff	46229ed7d	Sun Aug 14 15:44:16 2022 +0800	bug fix for OptimizedForAscii
2d0488ddc	f245cac0a	Sat Aug 13 22:30:04 2022 +0800	fix checkstyle
f245cac0a	2e8f2b753	Sat Aug 13 22:28:25 2022 +0800	fix checkstyle
212bcd62b	9dba54b9e	Sat Aug 13 20:13:09 2022 +0800	bug fix for getter & setter override parent field, for issue #648
7ba26ebe2	7669b0a87	Sat Aug 13 19:18:00 2022 +0800	serialize/deserialize support StringBuilder & Stringbuffer, fix issue #687
7669b0a87	2792c6773	Sat Aug 13 17:44:35 2022 +0800	serialize support java.sql.Clob, fix issue #644
f7605c686	eab708da0	Sat Aug 13 13:37:03 2022 +0800	fix testcase
e2baa64e3	f5bc2a66f	Fri Aug 12 21:14:21 2022 +0800	support JSONWriter.Feature.EscapeNoneAscii, fix #678
353f70c20	7ee4f1de3	Fri Aug 12 12:02:06 2022 +0800	bug fix for issue #609
0412e1b6c	1fd9dd2ab	Thu Aug 11 08:10:43 2022 +0800	fix typo
be68690fb	79ef661fe	Mon Aug 8 23:51:00 2022 +0800	remove unused code, fix issue #649
0a404974f	fafe0513e	Mon Aug 8 00:23:39 2022 +0800	fix:missing override annotation ,flip equals calls
99ea1da6e	9b25e62c5	Sun Aug 7 20:41:21 2022 +0800	fix checkstyle
53c40e51b	c65955fc1	Sun Aug 7 14:30:20 2022 +0800	bug fix for Field & Method deserialize
c65955fc1	b2f63f4a6	Sun Aug 7 14:24:31 2022 +0800	bug fix for Field & Method deserialize
a676116c3	0a102a58d	Sat Aug 6 20:19:54 2022 +0800	 bug fix for read big file, suggestion from wycst(https://github.com/wycst)
faf4a6abb	9879b1fad	Sat Aug 6 14:05:06 2022 +0800	autoType support JDK9 ImmutableCollections, fix issue #640
3a24b4091	7ff203d90	Sat Aug 6 12:12:31 2022 +0800	bug fix for firstChar upper case getter method, field annotation not work, for issue #638
f95a78e40	c769ea8a3	Sat Aug 6 03:36:06 2022 +0800	bug fix for none-string key pretty format serialize, for issue #582
c7324de37	7e2ec20bf	Fri Aug 5 16:42:34 2022 +0800	bug fix for issue #616
10b3eccc8	8c7275a2a	Fri Aug 5 00:52:23 2022 +0800	bug fix for issue #616
a593a229b	893f9e422	Thu Aug 4 20:18:51 2022 +0800	Pair serialize & deserialize compatible with fastjson 1.x, fix issue #608
893f9e422	3906e49c4	Thu Aug 4 20:18:51 2022 +0800	bug fix for Map deserialize input null
64c542859	f76bc9494	Tue Aug 2 21:05:53 2022 +0800	bug fix for LocalDate/LocalDateTime/LocalTime/Instant serialize format priority, fix #604
19b0ef726	2e39eddfa	Tue Aug 2 01:03:39 2022 +0800	fix testcase
2e39eddfa	da282a3b8	Tue Aug 2 00:40:13 2022 +0800	fix float & double value parse & add testcase
873ea4e15	c2fedef43	Sat Jul 30 21:38:39 2022 +0800	fix:missing override annotation
c2fedef43	504e7703a	Sat Jul 30 17:58:09 2022 +0800	invoke ObjectReader provider fieldType & fieldName, fix issue #594
504e7703a	ab8f4972b	Sat Jul 30 15:21:09 2022 +0800	support java.reflect.Method serialize & deserialize, fix issue #597
ab8f4972b	fff7dd428	Sat Jul 30 13:42:28 2022 +0800	bug fix for serialize single field Object, fix issue #599
fff7dd428	a2d6849ea	Thu Jul 28 19:42:56 2022 +0800	improved LocalTime parse support, fix issue #591
6d443cd15	b11be8292	Wed Jul 27 22:51:30 2022 +0800	fix: serialization of boolean type (Getter) #587
e780154a0	3be4c0cb7	Sun Jul 24 23:43:07 2022 +0800	bug fix for jdk11 & jdk17 support
3be4c0cb7	ac6571216	Sun Jul 24 23:22:13 2022 +0800	bug fix module-info, fix issue #581
879cb4007	08dddbbb1	Sat Jul 23 15:11:27 2022 +0800	fix eishay benchmark case
08dddbbb1	66fc38157	Sat Jul 23 14:18:45 2022 +0800	fix eishay benchmark case
d8ef78121	138da0402	Fri Jul 22 20:12:10 2022 +0800	fix check style
40d7f8a30	a91ff4c1e	Fri Jul 22 19:17:30 2022 +0800	 bug fix for pretty format, for issue #577
56c075f67	1e699795a	Fri Jul 22 03:16:13 2022 +0800	bug fix for deserialize List, for issue #573
1e699795a	7fe686942	Thu Jul 21 23:23:52 2022 +0800	fix checkstyle
88e5181f5	450f20a21	Thu Jul 21 19:07:15 2022 +0800	bug fix for Character type serialize & deserialize
f74d83b25	0e91e151e	Mon Jul 18 23:53:35 2022 +0800	fix checkstyle
0e91e151e	4ded504b2	Mon Jul 18 23:45:06 2022 +0800	fix testcase
4ded504b2	c22a61ca6	Mon Jul 18 23:05:00 2022 +0800	fix testcase
f61d239a0	841913ac8	Sun Jul 17 00:42:40 2022 +0800	fix benchmark case
841913ac8	919588de7	Sun Jul 17 00:39:35 2022 +0800	bug fix & improve performance for JSONB ArrayMapping
919588de7	b88c87ba0	Sun Jul 17 00:22:52 2022 +0800	fix checkstyle
615a5427a	23802e6df	Fri Jul 15 22:15:58 2022 +0800	bug fix for Record support, fix issue #559
9e25170ce	23802e6df	Fri Jul 15 22:14:02 2022 +0800	fix:missing override annotation
42b8de756	97a6b2c8e	Thu Jul 14 23:17:12 2022 +0800	bug fix for TypeUtils char to String, fix issue #564
97a6b2c8e	61ee908a7	Thu Jul 14 22:26:00 2022 +0800	bug fix for ObjectReaderImplMapTyped, fix issue #557
61ee908a7	16173b99b	Thu Jul 14 20:59:45 2022 +0800	bug fix for parse Set Input, for issue #555
6b3eecb63	3f5ed402b	Thu Jul 14 00:36:07 2022 +0800	fix doc jsonpath_cn.md #560.
3f5ed402b	238b7070a	Thu Jul 14 00:14:39 2022 +0800	fix testcase
238b7070a	33d5f3a09	Thu Jul 14 00:11:19 2022 +0800	JSONPath.eval support String input, fix issue #553
33d5f3a09	bcd42cf74	Wed Jul 13 23:57:34 2022 +0800	bug fix for serialize Iterable SubClass, fix issue #554
9e846aaae	9cbe4e642	Wed Jul 13 16:01:27 2022 +0800	bug fix for NotWriteDefaultValue
a3b261f06	cdc8b9ff3	Wed Jul 13 10:56:59 2022 +0800	fix:Incorrect description changes
cdc8b9ff3	c62b81973	Wed Jul 13 09:28:58 2022 +0800	bug fix for Date Field input empty string, fix issue #550
c62b81973	48658ffe2	Wed Jul 13 09:13:46 2022 +0800	fix testcase
48658ffe2	5dc820a72	Wed Jul 13 09:08:55 2022 +0800	bug fix for getter method order, fix issue #549
f8a1d4716	8f8b7c4b6	Mon Jul 11 12:18:01 2022 +0800	bug fix for arrayMapping
f8c414b8f	af1ebcf88	Mon Jul 11 11:42:05 2022 +0800	bug fix for arrayMapping
d8a370e2d	798cf95f7	Sun Jul 10 14:17:04 2022 +0800	bug fix for graal support
01bc340fd	8f3579221	Sun Jul 10 13:05:34 2022 +0800	bug fix for readDecimal, for issue #540
a91d49b4a	fc95c31ea	Sun Jul 10 00:05:14 2022 +0800	bug fix for readDecimal, for issue #540
fec766eb1	3612a521f	Sat Jul 9 20:14:41 2022 +0800	bug fix for toJavaObject List<Long> field, for issue #539
3612a521f	7baea90b4	Fri Jul 8 23:20:56 2022 +0800	bug fix for writeBinary ensureCapacity, fix issue #537
7baea90b4	ea078a2a5	Fri Jul 8 22:16:11 2022 +0800	bug fix for read none-public class, for issue #531
ea078a2a5	89cd8a3ab	Fri Jul 8 16:48:20 2022 +0800	bug fix for issue #536
89cd8a3ab	6a996eb89	Thu Jul 7 07:03:36 2022 +0800	fix check style
f5614a769	bc85b99c6	Tue Jul 5 23:22:24 2022 +0800	add testcase & bug fix
54159a299	311af1298	Mon Jul 4 22:15:38 2022 +0800	add testcase & bug fix
311af1298	dea9bde93	Mon Jul 4 00:36:09 2022 +0800	add testcase & bug fix
a025a16f8	89c0b5e33	Sun Jul 3 21:10:15 2022 +0800	fix:missing override annotation ,flip equals calls
8af549b13	4f8483cd1	Sat Jul 2 20:15:18 2022 +0800	bug fix for multi-setter Property, fix issue #523
9d3fe64ea	324bd626d	Fri Jul 1 21:10:03 2022 +0800	JSONPath NameFilter support sequence, fix issue #524
e3d7022b8	26eef512e	Wed Jun 29 10:23:31 2022 +0800	support Feature.AllowUnQuotedFieldNames, bug fix for issue #478
26eef512e	f26985d10	Wed Jun 29 08:55:34 2022 +0800	support Feature.AllowUnQuotedFieldNames, bug fix for issue #478
f26985d10	f3f070dcb	Tue Jun 28 22:13:52 2022 +0800	bug fix for ListField input null value, bug fix for issue #514
cc288d7ac	b7ae0861f	Tue Jun 28 13:05:04 2022 +0800	bug fix for Set for support, fix issue #513
b7ae0861f	547b82c3e	Mon Jun 27 20:37:41 2022 +0800	bug fix for JSONArray field, fix issue #502
bb655c335	78c0f98b7	Sun Jun 26 06:07:08 2022 +0800	writeClassName support HashMap, fix issue #507
966964d1c	60ba54fae	Sat Jun 25 19:54:44 2022 +0800	bug fix for read new Date(), fix issue #502
fdeac25eb	5b7fbbc90	Sat Jun 25 16:57:36 2022 +0800	add testcase & bug fix
e604e9ef9	280017100	Fri Jun 24 14:29:41 2022 +0800	bug fix for graal support
5131ca466	d23588492	Thu Jun 23 19:22:24 2022 +0800	add testcase & bug fix
d23588492	d2a988293	Thu Jun 23 13:40:45 2022 +0800	add testcase & bug fix
d2a988293	c1c66cb71	Thu Jun 23 07:56:50 2022 +0800	add testcase & bug fix
c1c66cb71	a60407d68	Thu Jun 23 07:17:33 2022 +0800	add testcase & bug fix
a60407d68	8df92150c	Wed Jun 22 21:06:36 2022 +0800	add testcase & bug fix
31a1df3ef	500ed8672	Wed Jun 22 13:25:06 2022 +0800	remove unused code, fix issue #497
7058284bd	112f61b4c	Tue Jun 21 14:16:47 2022 +0800	LocalTime support dateFormat, fix issue #495
112f61b4c	37559bbe2	Tue Jun 21 09:00:28 2022 +0800	fix check style
4047b4958	6580f16c4	Mon Jun 20 19:37:45 2022 +0800	bug fix for parseDecimal exp string, fix issue #492
fb4ad75b4	4a69510e2	Mon Jun 20 18:28:31 2022 +0800	add testcases & refactor & bug fix
9609b751a	4a69510e2	Mon Jun 20 12:36:20 2022 +0800	fix:missing override annotation
4a69510e2	858d56197	Mon Jun 20 09:25:20 2022 +0800	add testcases & refactor & bug fix
858d56197	ac4827d40	Mon Jun 20 00:56:01 2022 +0800	add testcases & refactor & bug fix
779776fea	c407b36d0	Sun Jun 19 22:47:07 2022 +0800	add testcase & bug fix
c407b36d0	ee1e1b900	Sun Jun 19 21:02:07 2022 +0800	add testcase & bug fix
ee1e1b900	884f1e500	Sun Jun 19 19:55:56 2022 +0800	add testcase & bug fix
91ea372e9	f7b726f88	Sun Jun 19 12:31:17 2022 +0800	add testcase & bug fix
c7937fb1e	c1641497e	Sat Jun 18 13:16:18 2022 +0800	bug fix for multi-eval jsonpath sequence not correct, fix issue #487
6589241bc	0ea9c1f01	Sat Jun 18 06:13:07 2022 +0800	fix testcase
5020cf7ab	fe82e3c58	Sat Jun 18 00:27:32 2022 +0800	fix:missing override annotation ,flip equals calls
321637089	b3f31eac9	Fri Jun 17 19:32:25 2022 +0800	bug fix for read GeoJsonPoint, fix issue #483
3ec23008b	982cfcd92	Fri Jun 17 18:50:46 2022 +0800	refactor & add testcase & bug fix
982cfcd92	70518097a	Fri Jun 17 04:12:03 2022 +0800	bug fix for two segment JSONPath set error, for issue #476
9228858ac	c2057ce7c	Thu Jun 16 05:12:15 2022 +0800	bug fix IgnoreNoneSerializable not work on rootObject, for issue #477
c2057ce7c	da3187cf1	Wed Jun 15 19:43:58 2022 +0800	bug fix for TypeReference, for issue #465
3bbf51ee7	875ec14f4	Wed Jun 15 17:15:22 2022 +0800	fix: testcase issue.
875ec14f4	608bc8caa	Wed Jun 15 17:06:50 2022 +0800	fix: checkstyle issue.
608bc8caa	b29369015	Wed Jun 15 16:58:47 2022 +0800	fix: WriterFilter issue #471.
b29369015	407ff8dce	Wed Jun 15 15:33:51 2022 +0800	fix: checkstyle issue.
c17eef4d3	c1cd91762 f3a1446ed	Wed Jun 15 13:08:46 2022 +0800	Merge pull request #469 from CrazyHZM/fix/desc_error
c635cd9f2	051ef408f	Wed Jun 15 04:19:42 2022 +0800	bug fix for DateField Annotation format not work, for issue #468
71143da00	497d4cf4e	Tue Jun 14 03:51:25 2022 +0800	add testcase & bug fix
203a234de	5ba217f8e	Mon Jun 13 22:53:01 2022 +0800	fix testcase
f3a1446ed	7952e9812	Mon Jun 13 16:02:54 2022 +0800	fix description error
7952e9812	52d086116	Mon Jun 13 13:28:13 2022 +0800	bug fix for toJavaObject
6b119acb8	2fdb201c7	Sun Jun 12 22:20:29 2022 +0800	fix:missing override annotation ,flip equals calls
d59775516	7b8cdefcf	Sat Jun 11 09:25:55 2022 +0800	fix parseObject use CACHE BYTES OR CHARS
36c7e8865	c8df5e615	Fri Jun 10 17:13:01 2022 +0800	bug fix for graalvm support
11d8033c8	d655f3d1c	Fri Jun 10 13:47:11 2022 +0800	improve fastjson 1.x compatible, parseArray config SupportSmartMatch default enabled, fix issue #454
95407d281	2c3ff8225	Fri Jun 10 07:57:46 2022 +0800	bug fix for kotlin JSONB support, fix issue #440
35dd99243	64cf29f0a	Fri Jun 10 05:39:17 2022 +0800	fix javadoc error
64cf29f0a	c92432576	Fri Jun 10 05:26:32 2022 +0800	fix javadoc error
5d064186a	6c7443031	Thu Jun 9 11:22:54 2022 +0800	bug fix for toJavaObject TypeReference, fix 1.x issue 4194
6c7443031	582fe5fb1	Thu Jun 9 09:36:31 2022 +0800	bug for fieldBased annotation process, fix issue #445
34a8b5983	8fd983b96	Thu Jun 9 03:42:09 2022 +0800	bug fix for WriteClassName & parse, for issue #442
9d9f5d0e0	c9be9340f	Wed Jun 8 21:47:45 2022 +0800	bug fix for write invisible characters, for issue #435
9d80652f6	8893222b4	Wed Jun 8 19:15:50 2022 +0800	bug fix for fastjson 1.x compatible
7fe8c535f	7372e2e06	Wed Jun 8 16:31:13 2022 +0800	fix jdk17 dataformat issue.
7372e2e06	52d1a3e84	Wed Jun 8 16:12:04 2022 +0800	fix checkstyle for member name.
30438461f	2c037d7b0	Wed Jun 8 10:08:40 2022 +0800	fix formatHasHour & formatHasDay swap issue.
2201d61fb	f4aa550c0	Wed Jun 8 04:29:01 2022 +0800	add missing JSONPath.read method, fix issue #432
f4aa550c0	02a156b7f	Wed Jun 8 04:24:47 2022 +0800	add missing JSONPath.read method, fix issue #432
02a156b7f	a179caa1b	Wed Jun 8 04:14:49 2022 +0800	bug fix for JSONPath.set if exists, for issue #431
a179caa1b	f76612d23	Wed Jun 8 04:02:54 2022 +0800	bug fix for JSONPath.set if parent is null
f76612d23	59072cf31	Wed Jun 8 03:36:00 2022 +0800	bug fix for write LocaleDate & localTime
8dcd6d4db	728193949	Tue Jun 7 19:35:36 2022 +0800	bug fix for parse plus first number #425
6755d0ea6	504f476d5	Tue Jun 7 12:55:56 2022 +0800	fix LocalTime type use JSONField format issue.
504f476d5	e8bba831f	Tue Jun 7 03:20:27 2022 +0800	fix testcase
620778209	1ceec6bd3	Mon Jun 6 20:50:31 2022 +0800	unixtime format support Number String, fix issue #413
1ceec6bd3	ea58d4fd0	Mon Jun 6 20:07:04 2022 +0800	unixtime format support Number String, fix issue #413
ba6da22e7	f66dfaa93	Mon Jun 6 19:34:02 2022 +0800	fix:missing override annotation ,flip equals calls
48d671448	f66dfaa93	Mon Jun 6 19:21:52 2022 +0800	bug fix for basic type Byte/Short/Long/Float/Double WriteClassName
f66dfaa93	939555e03	Mon Jun 6 01:48:54 2022 +0800	bug fix for WriteClassName with filter, fix #411
dc453297f	a2efe5f00	Mon Jun 6 00:48:00 2022 +0800	refactor & bug fix for issue #410
98bcaa215	cc75613ed	Sun Jun 5 19:37:04 2022 +0800	JSONObject.getList fix for NullPointerException if key not exists
4a0f78045	00953fb43	Sun Jun 5 00:28:55 2022 +0800	fix doc bug,#405
00953fb43	6fe576470	Sun Jun 5 00:01:15 2022 +0800	fix testcase
6fe576470	735c2f319	Sat Jun 4 23:52:47 2022 +0800	fix testcase
dc5dc97d1	d0787c2d1	Sat Jun 4 21:29:25 2022 +0800	bug fix for serialize java.sql.Date
7038d3437	e77e1ed37	Sat Jun 4 21:16:54 2022 +0800	fix spring-doc issue #387.
1de8ae807	39c2b8a12	Sat Jun 4 16:53:18 2022 +0800	bug fix for WriteNulls
39c2b8a12	dd9e1205d	Sat Jun 4 16:13:37 2022 +0800	bug fix for WriteNulls
dd9e1205d	de36fbaaa	Sat Jun 4 15:53:56 2022 +0800	bug fix for WriteNulls
de36fbaaa	c4a93ef9b	Sat Jun 4 15:39:05 2022 +0800	bug fix for WriteNulls
c4a93ef9b	3366d9f92	Sat Jun 4 12:49:47 2022 +0800	bug fix for graal support
3366d9f92	1111b60de	Sat Jun 4 12:29:47 2022 +0800	bug fix for graal support
1111b60de	0d0b114f2	Sat Jun 4 12:24:22 2022 +0800	bug fix for graal support
bf83bbf86	cc9747e46	Sat Jun 4 04:47:17 2022 +0800	bug fix for graal support
3576393e8	a64fbca06	Sat Jun 4 03:50:13 2022 +0800	bug fix for lambda support
da3b4ac95	40d9a3384	Fri Jun 3 17:25:56 2022 +0800	bug fix for SupportSmartMatch
3e9143376	9bd7f732c	Fri Jun 3 05:36:01 2022 +0800	chore(deploy): fix `maven.deploy.skip` problem for submodule again...
9bd7f732c	32a5d86dd	Fri Jun 3 05:17:28 2022 +0800	bug fix for jsonpath
32a5d86dd	48dbf33de	Fri Jun 3 05:11:07 2022 +0800	bug fix for jsonpath sequence
52e7d7c49	a3177fe71	Fri Jun 3 04:09:48 2022 +0800	chore(deploy): fix `maven.deploy.skip` problem for submodule
a3177fe71	527e021e7	Fri Jun 3 04:09:45 2022 +0800	chore(ci): fix maven warning for `kotlin-maven-plugin`:
527e021e7	872f5bf51	Fri Jun 3 04:09:40 2022 +0800	chore(pom): add missing version for `modernizer-maven-plugin`, fix maven warning:
872f5bf51	a1ee084f8	Fri Jun 3 00:29:54 2022 +0800	bug fix for WriteNulls check, issue #372
7947487f7	9ca3caf41	Thu Jun 2 20:10:07 2022 +0800	bug fix for deserialize GetOnlyCollection & GetOnlyMap, #397
ac1974905	468c169ba	Wed Jun 1 22:47:27 2022 +0800	bug fix for not match jsonpath
468c169ba	3909f3730	Wed Jun 1 22:24:45 2022 +0800	bug fix for not match jsonpath
d90c0796e	ab6d85ca0	Wed Jun 1 07:27:14 2022 +0800	fix testcase issue use unregister ObjectWriter.
75e25bcbf	09085e532	Tue May 31 20:26:23 2022 +0800	bug fix for GraalVM support
09085e532	86b967953	Tue May 31 20:06:46 2022 +0800	fix testcase, remove printStackTrace
86b967953	079e9d557	Tue May 31 20:06:11 2022 +0800	fix testcase, remove printStackTrace
f115c40c8	2df16a076	Tue May 31 01:52:32 2022 +0800	fastjson 1.x compatible, bug fix for JSONReader Feature.AllowUnQuotedFieldNames
2df16a076	8c57772c8	Tue May 31 00:41:27 2022 +0800	bug fix for list method auto type, for issue #385
8c57772c8	c4009212c	Mon May 30 23:40:41 2022 +0800	fix javadoc
27a73b65d	54aab3a70	Mon May 30 19:41:51 2022 +0800	bug fix for LocalDate JSONField format not work #380
4ddf46c22	3c5b068a2	Mon May 30 14:27:16 2022 +0800	fastjson 1.x compatible, bug fix for JSONReader Feature.SmartMatch
bd38c4175	7d998a337	Mon May 30 02:01:36 2022 +0800	fastjson 1.x compatible, bug fix for reference detect
18f570db2	14b9f831d	Mon May 30 01:44:05 2022 +0800	fastjson 1.x compatible, bug fix for reference detect
dbb4c3998	26d278160	Sun May 29 23:22:52 2022 +0800	fix code style
e46a3178b	d165a1087	Sun May 29 23:01:50 2022 +0800	bug fix for reference support
d165a1087	34034e664	Sun May 29 20:56:54 2022 +0800	fix code style
34034e664	eea7e5c17	Sun May 29 19:41:20 2022 +0800	bug fix for autoType
eea7e5c17	d52b9ead8	Sun May 29 19:24:28 2022 +0800	bug fix for autoType
d52b9ead8	d9481036e	Sun May 29 18:53:54 2022 +0800	bug fix for autoType
d9481036e	b2eb73900	Sun May 29 18:16:51 2022 +0800	bug fix for autoType
b2eb73900	fbf8c2ef4	Sun May 29 18:00:50 2022 +0800	fix code style
fbf8c2ef4	4e5761ee5	Sun May 29 17:40:42 2022 +0800	fix code style
e56af4286	e3e763ca6	Sun May 29 11:26:31 2022 +0800	fix testcase
8f1dbbffb	f4e6e5f06	Sun May 29 10:20:13 2022 +0800	bug fix for android
32f4b510d	8daf66def	Sun May 29 02:33:31 2022 +0800	bug fix for Class deserialize, #369
7b8af56cc	362b4b7f4	Sat May 28 22:52:05 2022 +0800	bug fix for android support
362b4b7f4	0d1e4b9ed	Sat May 28 21:56:15 2022 +0800	bug fix for skipString, issue #371
541dcbca3	ba524ac1a	Sat May 28 17:51:49 2022 +0800	bug fix for android support
ba524ac1a	e3441a7c7	Sat May 28 17:42:32 2022 +0800	bug fix for android support
e3441a7c7	66c2860ec	Sat May 28 16:59:11 2022 +0800	bug fix for android support
66c2860ec	2944a96f7	Sat May 28 13:48:52 2022 +0800	bug fix for android support
2944a96f7	d00ab1f74	Sat May 28 13:48:10 2022 +0800	fix code style
d00ab1f74	e47326af7	Sat May 28 13:43:58 2022 +0800	bug fix for android support
e47326af7	d35cad6a1	Sat May 28 13:42:34 2022 +0800	bug fix for android support
d35cad6a1	c54668ee7	Sat May 28 13:40:18 2022 +0800	bug fix for android support
a245197c9	77120e454	Sat May 28 13:22:05 2022 +0800	bug fix for android support
77120e454	66218fbbf	Sat May 28 13:11:03 2022 +0800	bug fix for android support
66218fbbf	625ab7868	Sat May 28 12:57:00 2022 +0800	bug fix for graal support
625ab7868	569a3024f	Sat May 28 12:48:32 2022 +0800	bug fix for graal support
49f1c8904	85a42bd52	Sat May 28 12:12:57 2022 +0800	bug fix for graal support
68187de13	27d08afd0	Sat May 28 02:11:52 2022 +0800	bug fix for JDK8
7b4ec4951	07837a5b6	Fri May 27 23:55:21 2022 +0800	fix testcase
7ee3f7c39	ca75acb07	Fri May 27 21:57:19 2022 +0800	bug fix for not match format, issue #363
39766bcb8	ce62e357d	Wed May 25 22:55:37 2022 +0800	fix conflict
ce62e357d	34b97ce30	Wed May 25 22:54:57 2022 +0800	fix conflict
bb931c8d8	304bb9013	Wed May 25 22:41:02 2022 +0800	bug fix for #347
3d11d57db	6cf256063	Wed May 25 22:41:02 2022 +0800	bug fix for contextAutoTypeBeforeHandler
b1c154836	ed38db5ad	Wed May 25 11:23:58 2022 +0800	bug fix for contextAutoTypeBeforeHandler
61843f795	26a5a164b	Tue May 24 12:55:54 2022 +0800	fix javadoc
c5cfe3207	d748d80a7	Tue May 24 12:42:09 2022 +0800	bug fix for JSONObject getArray & getList
d748d80a7	25c08272f	Tue May 24 01:40:59 2022 +0800	bug fix & improve performance
25c08272f	49eeb7c41 159a3fc1a	Mon May 23 22:19:45 2022 +0800	Merge pull request #322 from alibaba/revert-321-fix_jsonpath_all
159a3fc1a	49eeb7c41	Mon May 23 22:19:25 2022 +0800	Revert "fix issue 88"
49eeb7c41	3702d661e 31f662b6f	Mon May 23 21:43:15 2022 +0800	Merge pull request #321 from yinwoods/fix_jsonpath_all
63295c1db	5c605092d	Mon May 23 21:33:25 2022 +0800	bug fix for JSONWriterUTF8
5c605092d	6fb22f22d	Mon May 23 21:11:47 2022 +0800	bug fix for JSONWriterUTF8
31f662b6f	b3f8a5b4d	Mon May 23 21:04:39 2022 +0800	fix issue 88
a9c0a3f5e	b3f8a5b4d	Mon May 23 19:57:09 2022 +0800	fix code style
ca35fc04e	8988a4006	Mon May 23 19:20:53 2022 +0800	 bug fix for UCase first letter name
92efd5178	1f69d45bd	Mon May 23 16:20:19 2022 +0800	fix pom issue.
9e50bf990	8c3ee31a4	Mon May 23 16:01:46 2022 +0800	fix pom issue.
06e4cb6e8	34f8c5f6a	Mon May 23 13:57:53 2022 +0800	bug fix for android9 #315
e8c1dbbe3	4dc7b4a1e	Mon May 23 09:21:31 2022 +0800	bug fix for reference support
4dc7b4a1e	71ef7b7ee	Mon May 23 09:21:01 2022 +0800	bug fix for enum Field serializeFeatures doesn't work #314
50329274d	343494321	Sun May 22 22:32:25 2022 +0800	fix testcase
343494321	232aa08f0	Sun May 22 22:23:22 2022 +0800	fix code style
75830aae4	bd185db32	Sun May 22 19:38:17 2022 +0800	bug fix for reference detection #304
bd185db32	d6ecd1e32	Sun May 22 19:32:07 2022 +0800	bug fix for reference detection #304
d6ecd1e32	19e1e7d1c	Sun May 22 19:29:30 2022 +0800	bug fix for reference detection #304
19e1e7d1c	aa6e56399	Sun May 22 18:26:40 2022 +0800	bug fix for reference detection #304
c9a818551	a10ece649	Sun May 22 17:36:08 2022 +0800	fix docs for #294
f2f27bf4a	9296d53b8	Sun May 22 17:31:32 2022 +0800	fix link issue.
9296d53b8	2febf535e	Sun May 22 17:31:32 2022 +0800	fix link issue.
2febf535e	b4f7a49ea	Sun May 22 17:31:32 2022 +0800	fix link issue.
5460a4ab1	2713e3190	Sun May 22 17:29:15 2022 +0800	fix link issue.
779957155	2e5f5d1f2	Sun May 22 17:25:56 2022 +0800	fix link issue.
2e5f5d1f2	2713e3190	Sun May 22 17:21:42 2022 +0800	fix link issue.
2713e3190	9c8409be6	Sun May 22 17:18:27 2022 +0800	fix link issue.
d4704db92	917570403	Sun May 22 16:11:38 2022 +0800	fix doc typo.
44295ffe4	7f4ae583e	Sun May 22 14:17:43 2022 +0800	fix:missing override annotation
b84faf869	d1d716b17	Sat May 21 21:57:49 2022 +0800	bug fix for JSONArray toJavaList #296
308c788ec	66598cee6	Sat May 21 21:13:32 2022 +0800	bug fix for JSONArray toJavaList #296
eac0b4f3a	ef2cddbad	Sat May 21 20:52:56 2022 +0800	fix doc typo.
2706f4ffb	a9503ce11	Sat May 21 20:32:50 2022 +0800	bug fix for JSONArray toJavaList #296
916bcdea1	eb6a24421	Sat May 21 19:19:20 2022 +0800	fix testcase
eb6a24421	1be5718de	Sat May 21 19:14:03 2022 +0800	bug fix for JSONArray toJavaList
80f75f27f	a70722a5a	Sat May 21 13:12:06 2022 +0800	bug fix for unsafe not support
03532ce25	170e6984e	Sat May 21 02:11:05 2022 +0800	bug fix JSONArray to, #287
170e6984e	8852f9807	Sat May 21 01:24:21 2022 +0800	bug fix JSONArray to, #287
8852f9807	83ed727ca	Sat May 21 01:23:00 2022 +0800	bug fix JSONArray to, #287
60ca9bf92	1e951d1e5	Thu May 19 21:55:50 2022 +0800	fix issue #283.
b37d0f993	72bcde4be	Wed May 18 19:06:25 2022 +0800	bug fix for toJavaObject, fix #274
ad41abfa8	ad6b71354	Wed May 18 09:23:40 2022 +0800	bug fix for parse none string key map, #273
ad6b71354	792093659	Wed May 18 09:16:27 2022 +0800	bug fix for parse none string key map, #273
abf9dc701	e4497d273	Tue May 17 19:22:08 2022 +0800	bug fix for parse huge number, #269
08dea4149	3cc4b3976	Mon May 16 23:41:02 2022 +0800	Date support input empty string, fix #261
ad50b324a	54a43c5b9	Mon May 16 21:51:32 2022 +0800	Date support input empty string, fix #261
54a43c5b9	4b5f21303	Mon May 16 21:12:10 2022 +0800	Date support input empty string, fix #261
4b5f21303	b71baf8bb	Mon May 16 20:49:38 2022 +0800	support BitSet, fix #265
8629b78c3	512835be6	Sun May 15 12:29:42 2022 +0800	bug fix for toJavaList, #255
dcf6ed712	d4b0824c8 315ab31fc	Sat May 14 22:56:45 2022 +0800	Merge branch: fix/unify `kotlin` dependencies and plugin
315ab31fc	1984261b5	Sat May 14 22:51:55 2022 +0800	fix/unify `kotlin` compiler plugin configuration:
1ae8a830f	0499cc526	Sat May 14 19:39:55 2022 +0800	bug fix for autoType classLoader, #252
0499cc526	1f5718556	Sat May 14 19:28:27 2022 +0800	bug fix for autoType classLoader, #252
78959e033	fe77aecb3	Sat May 14 11:23:55 2022 +0800	bug fix for release
e0cd9319e	0554ebd15	Sat May 14 00:29:01 2022 +0800	bug fix for graalvm support #241
0554ebd15	9fdff6844	Sat May 14 00:14:04 2022 +0800	bug fix for graalvm support #241
9fdff6844	822ab82f1	Fri May 13 23:56:54 2022 +0800	bug fix for graalvm support #241
822ab82f1	84a498297	Fri May 13 23:48:32 2022 +0800	bug fix for graalvm support #241
84a498297	ad69bbc9f	Fri May 13 23:31:28 2022 +0800	bug fix for graalvm support #241
ad69bbc9f	e6a7d7ebe	Fri May 13 23:23:30 2022 +0800	bug fix for graalvm support #241
e6a7d7ebe	6811785cd	Fri May 13 23:05:51 2022 +0800	bug fix for graalvm support #241
6811785cd	3c0d9d9ae	Fri May 13 22:49:39 2022 +0800	bug fix for graalvm support #241
3c0d9d9ae	ad9c8d5d3	Fri May 13 22:31:10 2022 +0800	bug fix for 1.x JSONObject
ad9c8d5d3	fadcf2061	Fri May 13 22:25:10 2022 +0800	bug fixed for FieldReaderDateField
fadcf2061	956bebcd1	Fri May 13 22:15:06 2022 +0800	bug fixed for FieldReaderDateFunc
ba967ee44	8af7117e6	Fri May 13 08:59:27 2022 +0800	bug fixed for UseDefaultConstructorAsPossible
2b8255b17	35cda415f	Thu May 12 22:56:26 2022 +0800	fix comments for TypeReference
680fc35cf	da89f2f23	Thu May 12 19:36:41 2022 +0800	fix testcase
f747fe19b	666eb88cf	Thu May 12 11:39:13 2022 +0800	fix idea warnings.
e724a610a	8f6b2ac9f	Wed May 11 22:17:22 2022 +0800	fix typo for PR #224
c1c6d2937	ef1771558	Wed May 11 20:43:03 2022 +0800	bug fix for valid & jsonpath, fix #223
ef1771558	3daa34b3d	Wed May 11 20:21:34 2022 +0800	JSONField support set locale, fix #216
2721ffa86	b26ec6b75	Wed May 11 14:18:13 2022 +0800	JSONField support set locale, fix #216
71bf2de8e	3956d29ff	Wed May 11 13:50:29 2022 +0800	fix jmh benchmark dead code elimination issue.
b26ec6b75	b166d9abc	Wed May 11 09:24:42 2022 +0800	JSONField support set locale, fix #216
0a87ea16b	0c5252caf	Wed May 11 00:44:00 2022 +0800	JSONField support set locale, fix #216
f9a7723a8	0ba039087	Tue May 10 19:44:46 2022 +0800	bug fix for readInstant
bd54164e8	9651a5606	Tue May 10 12:49:45 2022 +0800	fix testcase import issue.
9651a5606	f0ef45435	Mon May 9 23:24:02 2022 +0800	bug fix for readUUID, fix #208
f0ef45435	02c53055d	Mon May 9 23:17:47 2022 +0800	bug fix for readUUID, fix #208
02c53055d	ed0d93c17	Mon May 9 23:05:37 2022 +0800	bug fix for readUUID, fix #208
852a3d9ad	67e0aa1fd	Sun May 8 23:32:15 2022 +0800	support annotation 'com.taobao.api.internal.mapping.ApiField', fix #197
ac3adc1e7	67e0aa1fd	Sun May 8 20:10:52 2022 +0800	fix typo
fec42035d	0ce086678	Sun May 8 17:21:48 2022 +0800	fix set method of JSONArray on size() == 0
1a8cd3929	ae988c013	Sun May 8 16:58:06 2022 +0800	fix:missing override annotation
ae988c013	469ead50c	Sun May 8 16:52:43 2022 +0800	fix:missing override annotation
817a2f2ab	ad3b5f407	Sun May 8 14:40:12 2022 +0800	fix:missing override annotation
d637cdce0	f9bfacbd7	Sun May 8 08:06:21 2022 +0800	bug fixed for field based support
0668444fa	e17793d8c	Sat May 7 19:21:54 2022 +0800	fix testcase
79f2364b6	22ec8c55a	Sat May 7 19:13:31 2022 +0800	fix testcase
22ec8c55a	bd120d772	Sat May 7 19:11:26 2022 +0800	bug fix for JSON.isValid, fix #181
bd120d772	7946c7b5c	Sat May 7 16:20:52 2022 +0800	fix testcase
7946c7b5c	67d97b76b 703d435e1	Sat May 7 16:10:21 2022 +0800	Merge pull request #183 from yinwoods/fix_jsonpath_offset_exception
703d435e1	8b2aeaffa	Sat May 7 15:53:14 2022 +0800	fix skipValue when in list
67d97b76b	5c62c47f1	Sat May 7 15:06:55 2022 +0800	fix testcase
f94046741	9ad283994	Fri May 6 21:12:55 2022 +0800	bug fixed for fastjson 1.x compatible, fix #167
9ad283994	e018b4671	Fri May 6 19:22:29 2022 +0800	fix JSONObject put generic warnings, #177
74459d84b	194e35c56	Fri May 6 01:29:01 2022 +0800	bug fix for java.sql.Date codec, fix #164
f7295c319	c588ae4e3 8b2aeaffa	Thu May 5 22:52:31 2022 +0800	Merge pull request #169 from yinwoods/fix_randomIndex
c588ae4e3	e8b2ebc84	Thu May 5 22:20:09 2022 +0800	bug fix for java.sql.Time codec, fix #164
8b2aeaffa	e8b2ebc84	Thu May 5 20:31:32 2022 +0800	fix randomIndex throw exception when use JSONPath.of(JSONReader)
e8b2ebc84	90eb32614	Thu May 5 19:54:48 2022 +0800	bug fix for java.sql.Date codec, fix #164
90eb32614	d5594021c	Thu May 5 19:32:49 2022 +0800	bug fix for java.sql.Timestamp codec, fix #164
d5594021c	f518153ed	Thu May 5 19:26:02 2022 +0800	bug fix for java.sql.Timestamp codec, fix #164
29f4f0fae	4c5dcb09f	Thu May 5 14:38:14 2022 +0800	Fix junit upgrade issue
64452c3b8	eaf6a694f	Wed May 4 14:31:13 2022 +0800	fix:missing override annotation
eaf6a694f	e2866ff5d	Wed May 4 13:59:07 2022 +0800	refactor testcase & bug fixed for JSONType seeAlso
58eac84d9	9289d5b50	Tue May 3 22:56:02 2022 +0800	fix comments in JSON.class
e74aa500e	17a61619d	Tue May 3 21:32:30 2022 +0800	fix:missing override annotation
0edd7e567	f35ebb53c	Tue May 3 20:29:46 2022 +0800	fix #146 string to judge empty
6642a49e1	dca43048f	Tue May 3 19:26:39 2022 +0800	bug fix for JSONObject.toJavaObject, #139
e76843909	284dbbe45 83aa8a2e5	Tue May 3 19:23:57 2022 +0800	Merge pull request #143 from HowardLei/fix_optimizeCodes
8d21fa6f0	29ae5e5de	Tue May 3 19:05:45 2022 +0800	fix defaultzone and testcase issue.
29ae5e5de	48b2e948b	Tue May 3 18:22:46 2022 +0800	fix FastJsonConfig support dateFormat for compatibility with fastjson 1.x.
8d1ab380d	2d771e627	Tue May 3 17:20:31 2022 +0800	bug fix for JSONObject.toJavaObject, fix #139
30ce0b9e1	2d771e627	Tue May 3 17:13:57 2022 +0800	fix FastJsonConfig support dateformat issue.
2d771e627	fe3980a26 685ee81a5	Tue May 3 16:21:13 2022 +0800	Merge pull request #138 from HowardLei/fix_optimizeCodes
fe3980a26	79b6d3625	Tue May 3 16:16:01 2022 +0800	bug fix for joda time support
79b6d3625	4387f3a4a	Tue May 3 15:52:56 2022 +0800	bug fix for ZonedDateTime serialize
24602f096	234a41e5c	Tue May 3 15:28:19 2022 +0800	bug fix for LocalDateTime serialize, for issue #132
234a41e5c	79bef18d4 c9b0f1a24	Tue May 3 14:55:25 2022 +0800	Merge pull request #135 from HowardLei/fix_optimizeCodes
c9b0f1a24	105a178bb b6a3867e9	Tue May 3 14:45:32 2022 +0800	Merge remote-tracking branch 'origin/fix_optimizeCodes' into fix_optimizeCodes
105a178bb	79bef18d4	Tue May 3 14:44:40 2022 +0800	fix null pointer
44aab8139	b558b3519	Tue May 3 09:40:23 2022 +0800	jdk14 record support, fix #124
b558b3519	f8d016127	Tue May 3 08:27:46 2022 +0800	jdk14 record support, fix #124
48648ebfa	dece84e0c	Mon May 2 21:51:57 2022 +0800	bug fix for jdk17 support
0e8b8a97a	6284485ff	Mon May 2 21:00:37 2022 +0800	bug fix JSONType serializeFeatures
6284485ff	dc35067cc	Mon May 2 20:58:56 2022 +0800	bug fix JSONType naming
14cc77dd7	74c091fd1	Mon May 2 20:40:11 2022 +0800	bug fixed for JSONType.includes
74c091fd1	e600cd806	Mon May 2 20:18:34 2022 +0800	bug fixed for JSONType.orders support
44ce06c6a	b13a9549d	Mon May 2 20:01:27 2022 +0800	junit4 -> junit5, fix #64
ebf5cfeb6	f13385f29	Mon May 2 12:23:31 2022 +0800	fix:missing override annotation
f13385f29	5ebd02f82	Mon May 2 11:56:56 2022 +0800	bug fix
04e3cb4d1	09e2989f1	Mon May 2 10:09:56 2022 +0800	improved compatibility for fastjson 1.x, fix #128
09e2989f1	6f63f0564	Mon May 2 09:22:36 2022 +0800	bug fix for jdk11 & jdk17
16486e077	c3989d6e9	Mon May 2 00:42:25 2022 +0800	bug fix for lombok, #126
eb3830799	b92d22c7b	Mon May 2 00:23:32 2022 +0800	bug fix for autoType
b92d22c7b	aee6ba55b	Sun May 1 22:22:55 2022 +0800	bug fix for lombok
aee6ba55b	b72b9a786	Sun May 1 21:59:51 2022 +0800	bug fix for lombok, fix #126
51ec7a647	f58b79764	Sun May 1 21:24:23 2022 +0800	fix typo: package `suppert` -> `support`
545606806	89a3e7fcf	Sun May 1 21:13:22 2022 +0800	fix javadoc
a90b0394a	64b38e413	Sun May 1 19:58:12 2022 +0800	bug fix for Feature.WriteNonStringValueAsString, fix #125
aea498286	2c3d7946c	Sun May 1 18:26:03 2022 +0800	bug fix for graalvm support
31bbfc7aa	9147d8eb5	Sun May 1 18:03:14 2022 +0800	fix:missing override annotation
b7a058358	833b8dcfc	Sun May 1 17:50:59 2022 +0800	fix #120
2c3d7946c	095479ac9	Sun May 1 17:20:43 2022 +0800	bug fix for graal support
095479ac9	1304fd803	Sun May 1 16:33:48 2022 +0800	bug fix
b43bf9c62	e379e5e89	Sun May 1 13:30:35 2022 +0800	bug fixed for JSONPath multi-name
e379e5e89	0e6b1cd3a	Sun May 1 13:17:32 2022 +0800	bug fixed for JSONPath.extract, fix #116
0e6b1cd3a	3d2f4d13d	Sun May 1 13:01:48 2022 +0800	bug fixed for JSONPath.eval, fix #117
e1d8afe80	72968ac03	Sun May 1 12:49:05 2022 +0800	improved compatibility for fastjson 1.x, fix #110
72968ac03	dde6d1e44	Sun May 1 12:24:07 2022 +0800	fix blacklist
2638c4fd1	788db0c22	Sun May 1 11:33:26 2022 +0800	bug fix for JSONPath.extract, fix #113
7fa841cdd	16acd05a3	Sun May 1 10:12:43 2022 +0800	bug fix for ObjectWriterCreatorLambda && ObjectWriterCreator
16acd05a3	a5c3d0331	Sun May 1 09:21:23 2022 +0800	bug fix for ObjectReaderCreatorLambda && ObjectReaderCreator
e686e5a6a	c10509c38	Sun May 1 01:05:34 2022 +0800	fix typo: Teach -> Tech
6ee845f39	68b18dd6b	Sun May 1 00:37:15 2022 +0800	fix testcase
68b18dd6b	2e24d5c8f	Sun May 1 00:32:34 2022 +0800	fix testcase
e77efb75a	490b0593a	Sat Apr 30 20:49:58 2022 +0800	improved compatibility for fastjson 1.x, bug fixed for 'unwrapped'
6600ec9cf	1bde554d0	Sat Apr 30 18:54:28 2022 +0800	bug fixed for jdk11 support
a04fa2d1b	c1d672267	Sat Apr 30 18:01:58 2022 +0800	bug fix for null dateFormat
f2644efbc	77cece0a2	Fri Apr 29 19:37:57 2022 +0800	add JSONReader new features 'UseBigDecimalForFloats' & 'UseBigDecimalForDoubles', fix #106
40044d248	953811214	Thu Apr 28 23:29:40 2022 +0800	fix testcase
f71bc58e7	a24653ee5	Thu Apr 28 23:11:27 2022 +0800	fix prettyFormat, fix #104
a24653ee5	efa0733ea	Thu Apr 28 22:16:51 2022 +0800	fix testcase
b77c6fe66	b841c61a9	Thu Apr 28 15:30:25 2022 +0800	bug fix for long parse, fix #100
ece670d9f	2f7cb81de	Thu Apr 28 14:06:29 2022 +0800	fix:missing override annotation
2f7cb81de	d72098da7	Thu Apr 28 09:16:54 2022 +0800	support new feature : 'Feature.IgnoreNoneSerializable', fix #71
69ae41dec	35bda5bf7	Wed Apr 27 22:06:05 2022 +0800	JSONPath support array random access, fix #95
35bda5bf7	ece5d6a03	Wed Apr 27 21:41:26 2022 +0800	fix error message
904902d55	967dfc54c	Wed Apr 27 17:56:24 2022 +0800	fix: format and remove useless conditions
967dfc54c	4e7ee50fd	Wed Apr 27 17:14:55 2022 +0800	fix: format and remove useless conditions
4e7ee50fd	865ba65fd	Wed Apr 27 11:18:23 2022 +0800	fix: 修复BeanUtils declaredFields allMatch不生效
9ea4d39e9	12cfe67ff	Wed Apr 27 00:42:33 2022 +0800	bug fix for valid, fix #87
12cfe67ff	a792017a8	Tue Apr 26 23:49:21 2022 +0800	bug fix for valid, fix #87
a792017a8	a4b86d5eb	Tue Apr 26 22:42:27 2022 +0800	fix PR #82
292248836	686c2e1e5	Tue Apr 26 18:48:20 2022 +0800	fix PR #82
dd9077577	60c71cfc7	Tue Apr 26 14:48:12 2022 +0800	fix judge logic
6126af702	52c0e59d0	Tue Apr 26 14:19:02 2022 +0800	fix ObjectReader6 readObject
865ba65fd	7c1f6fa12	Tue Apr 26 14:14:04 2022 +0800	fix: ObjectReader6 readObject
7c1f6fa12	caba8f75a	Tue Apr 26 14:07:51 2022 +0800	Revert "fix ObjectReader6 readObject"
caba8f75a	52c0e59d0	Tue Apr 26 14:03:02 2022 +0800	fix ObjectReader6 readObject
17420cd44	3aed80608	Tue Apr 26 13:44:37 2022 +0800	bug fixed for json isValid,fix #81
f40d87c65	98b8f433b	Tue Apr 26 00:37:52 2022 +0800	bug fixed for json path, fix #80
935998d58	6202e6f16	Mon Apr 25 20:44:09 2022 +0800	fix `maven javadoc` error and warning
52c0e59d0	260c0391a	Mon Apr 25 17:05:21 2022 +0800	fix filter null string
081234191	2d90020f7	Sun Apr 24 21:51:21 2022 +0800	roughly add comments for JSONField, and fix comments of other Class
452c9c1f5	75dea4a90	Sun Apr 24 21:39:07 2022 +0800	bug fix for AtomicXXX support
463d2f09f	75dea4a90	Sun Apr 24 21:12:07 2022 +0800	fix:Missing braces
75dea4a90	1e741a090	Sun Apr 24 20:37:47 2022 +0800	bug fix for jsonb autoType support
0a0040822	abbdd8219	Sun Apr 24 08:51:29 2022 +0800	fix:Array definition error
788134f3d	9fa69e24e	Sun Apr 24 00:06:40 2022 +0800	Add a testcase method of JSONObject and fixed invoke method
be676898a	8589ec01a	Sat Apr 23 20:20:12 2022 +0800	fix build test fail
8589ec01a	6000fa46e	Sat Apr 23 19:11:38 2022 +0800	fix build test fail
a453f248f	4f7eeb68c	Sat Apr 23 17:52:00 2022 +0800	fix code style
4f7eeb68c	67e48ae41	Sat Apr 23 15:59:01 2022 +0800	improved fastjson 1.x compatible. JSONField.write -> serialize, JSONField.read -> deserialize. fix #8
707c6765c	8bf49e56e	Sat Apr 23 14:25:53 2022 +0800	add fastjson.version to fix CI issue.
8bf49e56e	16fda7492	Sat Apr 23 14:15:19 2022 +0800	fix ci action issue.
67e48ae41	f53ad6735	Sat Apr 23 13:39:08 2022 +0800	improved fastjson 1.x compatible & bug fix
d110382fb	a1a42dc86	Sat Apr 23 13:00:58 2022 +0800	fix testcase for upgrade springframework dependencies.
a1a42dc86	cbf48171e	Sat Apr 23 12:48:23 2022 +0800	fix testcase for upgrade springframework dependencies.
6ceeb303b	b4a539ed3	Sat Apr 23 12:35:26 2022 +0800	fix testcase for upgrade dependencies.
054683dbb	a5f31600f	Fri Apr 22 15:45:13 2022 +0800	fix testcase for compatibility with fastjson 1.x.
343288cc4	196c90782	Fri Apr 22 00:57:29 2022 +0800	fix build error for jdk11
196c90782	2c6e45e14	Fri Apr 22 00:38:53 2022 +0800	fix build error for jdk17
b56107215	bcbf4a6b9	Thu Apr 21 23:15:10 2022 +0800	improve 1.x compatible, fix #40
3028d0248	06883e7b4	Thu Apr 21 22:53:03 2022 +0800	Follow up again and fix some comments
06883e7b4	013f339e0	Thu Apr 21 22:40:29 2022 +0800	Follow up and fix some comments
8e7707936	037a0cc77	Thu Apr 21 18:04:30 2022 +0800	bug fixed for Map toJavaObject, fix #37
cf72621ac	7d85555bf	Thu Apr 21 14:17:12 2022 +0800	Fixed and optimized JSONArray and JSONObject
50a84ec88	08afbaf45	Wed Apr 20 22:57:02 2022 +0800	bug fixed for special char, fix #27
340d7b2ff	e24b7899b	Wed Apr 20 18:58:59 2022 +0800	fix testcase
09c0028b3	31ae7e9cc	Wed Apr 20 16:59:36 2022 +0800	fix testcase
92c004553	0a57a97dc	Wed Apr 20 12:34:34 2022 +0800	fix #18
9ab96715d	7b62cb06f	Wed Apr 20 11:39:04 2022 +0800	fix code typo.
481b7059a	9e32c7599	Wed Apr 20 09:28:11 2022 +0800	bug fix for JSON.isValid
9e32c7599	bbc0fcd96	Wed Apr 20 09:19:19 2022 +0800	bug fix for JSON.isValid
bbc0fcd96	50c4704dc	Wed Apr 20 00:05:39 2022 +0800	fix testcase
94e053a0e	a119cbaeb	Tue Apr 19 17:01:38 2022 +0800	max scale 38 -> 128, fix #15
c9abeda1b	7d177377a	Mon Apr 18 23:37:34 2022 +0800	improved fastjson 1.x compatible, fix #9 , fix #10
0055a79ac	be65a7840	Mon Apr 18 10:19:46 2022 +0800	fix typoss, fix #5
dc0c6fa00	033fd574b	Mon Apr 18 09:56:02 2022 +0800	fix jdk17 build error
1d41b1c45	712addf47	Mon Apr 18 04:19:07 2022 +0800	improve README, fix ci badge
712addf47	9f53743ed	Mon Apr 18 02:47:18 2022 +0800	fix ci: change `javax.ws.rs-api` version back  to `2.0.1`
75ca0dc8a	82f476064	Sun Apr 17 18:11:38 2022 +0800	fix ci workflow, remove windows
28f50f0d5	b7f1bf5c1	Sun Apr 17 17:41:41 2022 +0800	fix testcase
356960948	8ed908252	Sun Apr 17 17:29:51 2022 +0800	fix testcase
8ed908252	b1e8e0be2	Sun Apr 17 17:01:40 2022 +0800	fix travis
bae7900ed	7287f796e	Sun Apr 17 16:39:29 2022 +0800	fix compile error && add gitignore
7287f796e	32db01f11	Sun Apr 17 15:11:21 2022 +0800	fix format
