PROJ-20221030-9f4b4790	9f4b4790	b655125a 586ef0f5	Sun Oct 30 15:12:02 2022 +0100	Merge pull request #3415 from rouault/fix_ossfuzz_52879	commit 9f4b4790d99d9058c4cdfc068ecd55677129f8c1Merge: b655125a 586ef0f5Author: Even Rouault <even.rouault@spatialys.com>Date:   Sun Oct 30 15:12:02 2022 +0100    Merge pull request #3415 from rouault/fix_ossfuzz_52879        eqdc: avoid floating point division by zero in non-nominal case. Fixes https://bugs.chromium.org/p/oss-fuzz/issues/detail?id=52879	52879	src/projections/eqdc.cpp;test/gie/builtins.gie	119;1375
PROJ-20221030-586ef0f5	586ef0f5	b655125a	Sun Oct 30 10:01:26 2022 +0100	eqdc: avoid floating point division by zero in non-nominal case. Fixes https://bugs.chromium.org/p/oss-fuzz/issues/detail?id=52879	commit 586ef0f5f1099fa7aaaa353334e15871ab985127Author: Even Rouault <even.rouault@spatialys.com>Date:   Sun Oct 30 10:01:26 2022 +0100    eqdc: avoid floating point division by zero in non-nominal case. Fixes https://bugs.chromium.org/p/oss-fuzz/issues/detail?id=52879	52879	src/projections/eqdc.cpp;test/gie/builtins.gie	119;1375
PROJ-20220720-6109096a	6109096a	5b2d59b6 2f681ec1	Wed Jul 20 16:26:27 2022 +0200	Merge pull request #3264 from rouault/fix_ossfuzz_49256	commit 6109096ace906dbe912b90f5b975d63f1dd2844bMerge: 5b2d59b6 2f681ec1Author: Even Rouault <even.rouault@spatialys.com>Date:   Wed Jul 20 16:26:27 2022 +0200    Merge pull request #3264 from rouault/fix_ossfuzz_49256        createOperations(): avoid potential infinite recursions (fixes https://bugs.chromium.org/p/oss-fuzz/issues/detail?id=49256)	49256	src/iso19111/common.cpp;src/iso19111/operation/coordinateoperationfactory.cpp;test/unit/test_common.cpp	443;481;3032;33;71
PROJ-20220719-2f681ec1	2f681ec1	5b2d59b6	Tue Jul 19 14:45:45 2022 +0200	createOperations(): avoid potential infinite recursions (fixes https://bugs.chromium.org/p/oss-fuzz/issues/detail?id=49256)	commit 2f681ec1cbee1f520fc29534341e334c2f0533b1Author: Even Rouault <even.rouault@spatialys.com>Date:   Tue Jul 19 14:45:42 2022 +0200    createOperations(): avoid potential infinite recursions (fixes https://bugs.chromium.org/p/oss-fuzz/issues/detail?id=49256)        The test case of ossfuzz #49256 involves a "a=inf" PROJ string    parameter, which is normally rejected by our parsing code. I'm not sure    how in the ossfuzz context this gets accepted...	49256	src/iso19111/common.cpp;src/iso19111/operation/coordinateoperationfactory.cpp;test/unit/test_common.cpp	443;481;3031;33;69
PROJ-20220608-678be6a1	678be6a1	f7999f2b	Wed Jun 8 20:39:17 2022 +0200	createOperations(): fix infinite recursion in a complex case. Fixes https://bugs.chromium.org/p/oss-fuzz/issues/detail?id=47873	commit 678be6a1b77216b6549fef57b749d5f069c23c43Author: Even Rouault <even.rouault@spatialys.com>Date:   Wed Jun 8 20:39:17 2022 +0200    createOperations(): fix infinite recursion in a complex case. Fixes https://bugs.chromium.org/p/oss-fuzz/issues/detail?id=47873	47873	src/iso19111/operation/coordinateoperationfactory.cpp;test/unit/test_operationfactory.cpp	4374;8123
PROJ-20220516-1f5d7cda	1f5d7cda	0d97cb78	Mon May 16 17:29:06 2022 +0200	Identifier::isEquivalentName(): fix when ending by ' + ' which could indirectly cause an infinite stack call in master (fixes https://bugs.chromium.org/p/oss-fuzz/issues/detail?id=47475)	commit 1f5d7cdaf69b21a3877cf45a3018f36874f40f92Author: Even Rouault <even.rouault@spatialys.com>Date:   Mon May 16 17:29:06 2022 +0200    Identifier::isEquivalentName(): fix when ending by ' + ' which could indirectly cause an infinite stack call in master (fixes https://bugs.chromium.org/p/oss-fuzz/issues/detail?id=47475)	47475	src/iso19111/metadata.cpp;test/unit/test_metadata.cpp	1243;1288;383
PROJ-20220503-3c18c155	3c18c155	c0e2a9a4	Tue May 3 10:08:29 2022 +0200	Transformation::inverseAsTransformation(): avoid harmless division by zero. Fixes https://bugs.chromium.org/p/oss-fuzz/issues/detail?id=46393	commit 3c18c1552c3b35a783bb7d5bafc96c794301e912Author: Even Rouault <even.rouault@spatialys.com>Date:   Tue May 3 10:08:29 2022 +0200    Transformation::inverseAsTransformation(): avoid harmless division by zero. Fixes https://bugs.chromium.org/p/oss-fuzz/issues/detail?id=46393	46393	src/iso19111/operation/transformation.cpp	1668
PROJ-20220112-2a5facf9	2a5facf9	fc632783	Wed Jan 12 11:39:04 2022 +0100	Conversion::_exportToPROJString(): fix potential crash introduced in recent commit. Fixes https://bugs.chromium.org/p/oss-fuzz/issues/detail?id=43546	commit 2a5facf9152339e8f30592c1f31c3c9abb39e6b7Author: Even Rouault <even.rouault@spatialys.com>Date:   Wed Jan 12 11:39:04 2022 +0100    Conversion::_exportToPROJString(): fix potential crash introduced in recent commit. Fixes https://bugs.chromium.org/p/oss-fuzz/issues/detail?id=43546	43546	src/iso19111/operation/conversion.cpp	3850
PROJ-20211202-5974d4b3	5974d4b3	7dc8a592	Thu Dec 2 17:34:01 2021 +0100	PROJ string parsing: fix unquoting of parameter values when the parameter name is just one single character	commit 5974d4b3feb7bcee7c9579d5959fa73665d85d82Author: Even Rouault <even.rouault@spatialys.com>Date:   Thu Dec 2 17:33:57 2021 +0100    PROJ string parsing: fix unquoting of parameter values when the parameter name is just one single character        Fixes https://bugs.chromium.org/p/oss-fuzz/issues/detail?id=41462	41462	src/internal.cpp;src/iso19111/io.cpp;src/param.cpp	326;349;359;370;383;10527;10583;9;44;86
PROJ-20211115-8772f08e	8772f08e	dff8131c	Mon Nov 15 18:58:45 2021 +0100	createOperationsGeogToGeog(): avoid potential harmless floating-point division by zero. Fixes https://bugs.chromium.org/p/oss-fuzz/issues/detail?id=41045	commit 8772f08ee8f9dc52af4b92290607c48422e8f7f9Author: Even Rouault <even.rouault@spatialys.com>Date:   Mon Nov 15 18:58:45 2021 +0100    createOperationsGeogToGeog(): avoid potential harmless floating-point division by zero. Fixes https://bugs.chromium.org/p/oss-fuzz/issues/detail?id=41045	41045	src/iso19111/operation/coordinateoperationfactory.cpp	2427
PROJ-20211112-5939b962	5939b962	ac882266	Fri Nov 12 23:42:09 2021 +0100	createOperationsCompoundToCompound(): fix null pointer dereference when connection to proj.db doesn't exist. Fixes https://bugs.chromium.org/p/oss-fuzz/issues/detail?id=40955	commit 5939b96213305295edd010892220919f8f2fd1cfAuthor: Even Rouault <even.rouault@spatialys.com>Date:   Fri Nov 12 23:42:09 2021 +0100    createOperationsCompoundToCompound(): fix null pointer dereference when connection to proj.db doesn't exist. Fixes https://bugs.chromium.org/p/oss-fuzz/issues/detail?id=40955	40955	src/iso19111/operation/coordinateoperationfactory.cpp	5250
PROJ-20211017-8671b8e7	8671b8e7	33683634	Sun Oct 17 21:04:29 2021 +0200	exportToPROJStringGeneric(): avoid harmless floating-point division by zero if conversion factor is 0. Fixes https://bugs.chromium.org/p/oss-fuzz/issues/detail?id=40050	commit 8671b8e7ff07197167b666bd490f42411274bd81Author: Even Rouault <even.rouault@spatialys.com>Date:   Sun Oct 17 21:04:29 2021 +0200    exportToPROJStringGeneric(): avoid harmless floating-point division by zero if conversion factor is 0. Fixes https://bugs.chromium.org/p/oss-fuzz/issues/detail?id=40050	40050	src/iso19111/operation/singleoperation.cpp	2118
PROJ-20211016-33683634	33683634	ed1ab553	Sat Oct 16 16:54:31 2021 +0200	createOperations(): avoid harmless floating-point division by zero if conversion factor of target unit is 0. Fixes https://bugs.chromium.org/p/oss-fuzz/issues/detail?id=39969	commit 33683634ee17a6718c2ff8d18bdc12b2a74eb3e1Author: Even Rouault <even.rouault@spatialys.com>Date:   Sat Oct 16 16:54:31 2021 +0200    createOperations(): avoid harmless floating-point division by zero if conversion factor of target unit is 0. Fixes https://bugs.chromium.org/p/oss-fuzz/issues/detail?id=39969	39969	src/iso19111/operation/coordinateoperationfactory.cpp	4347;4460;4557
PROJ-20210920-4ff0aea1	4ff0aea1	5f3f0216	Mon Sep 20 18:50:29 2021 +0200	Conversion::inverse(): avoid harmless division by zero. Fixes https://bugs.chromium.org/p/oss-fuzz/issues/detail?id=39033	commit 4ff0aea1879b594dd6317edc50fe1fea34974f2fAuthor: Even Rouault <even.rouault@spatialys.com>Date:   Mon Sep 20 18:50:29 2021 +0200    Conversion::inverse(): avoid harmless division by zero. Fixes https://bugs.chromium.org/p/oss-fuzz/issues/detail?id=39033	39033	src/iso19111/operation/conversion.cpp	2493
PROJ-20210907-312e511c	312e511c	e75eebac	Tue Sep 7 17:50:29 2021 +0200	pj_obj_create(): avoid passing invalid ellipsoid parameters to geod_init(). Fixes https://bugs.chromium.org/p/oss-fuzz/issues/detail?id=38192	commit 312e511cded7e29d23c5ff5ebf5f1be0bcdc44bbAuthor: Even Rouault <even.rouault@spatialys.com>Date:   Tue Sep 7 17:50:29 2021 +0200    pj_obj_create(): avoid passing invalid ellipsoid parameters to geod_init(). Fixes https://bugs.chromium.org/p/oss-fuzz/issues/detail?id=38192	38192	src/iso19111/c_api.cpp	222
PROJ-20210903-126991de	126991de	24baa805	Fri Sep 3 22:49:12 2021 +0200	pj_obj_create(): avoid passing invalid ellipsoid parameters ot pj_calc_ellipsoid_params(). Fixes https://bugs.chromium.org/p/oss-fuzz/issues/detail?id=31964	commit 126991dea06eb7160fe572b147f8a74a306b5c58Author: Even Rouault <even.rouault@spatialys.com>Date:   Fri Sep 3 22:48:41 2021 +0200    pj_obj_create(): avoid passing invalid ellipsoid parameters ot pj_calc_ellipsoid_params(). Fixes https://bugs.chromium.org/p/oss-fuzz/issues/detail?id=31964	31964	src/iso19111/c_api.cpp;test/unit/test_c_api.cpp	222;346
PROJ-20210826-1cdd0044	1cdd0044	db5a6e68	Thu Aug 26 22:16:36 2021 +0200	Pipeline instanciation: fix performance issues on huge (broken) strings which managed somehow to cause nested pipelines not caught due to some non-roundtripability in parsing/serializing. Fixes https://bugs.chromium.org/p/oss-fuzz/issues/detail?id=37489	commit 1cdd0044be0ebd29900ea01f44ac3356fa73ef37Author: Even Rouault <even.rouault@spatialys.com>Date:   Thu Aug 26 22:09:35 2021 +0200    Pipeline instanciation: fix performance issues on huge (broken) strings which managed somehow to cause nested pipelines not caught due to some non-roundtripability in parsing/serializing. Fixes https://bugs.chromium.org/p/oss-fuzz/issues/detail?id=37489	37489	src/4D_api.cpp	784;816;867;879
PROJ-20210821-79b2186d	79b2186d	be954086	Sat Aug 21 16:29:47 2021 +0200	PROJStringFormatter::toString(): fix potential O(n^2) performance. Fixes https://bugs.chromium.org/p/oss-fuzz/issues/detail?id=37438	commit 79b2186dfcb4b3fea8c1003f1a7dc8b4bc678630Author: Even Rouault <even.rouault@spatialys.com>Date:   Sat Aug 21 16:29:47 2021 +0200    PROJStringFormatter::toString(): fix potential O(n^2) performance. Fixes https://bugs.chromium.org/p/oss-fuzz/issues/detail?id=37438	37438	src/iso19111/io.cpp	7475;7507;7520;7537;7554;7577;7600;7610;7639;7676;7685;7710;7746;7782;7792;7836;7853;7876;7896
PROJ-20210821-be954086	be954086	6ee8c26b	Sat Aug 21 16:29:24 2021 +0200	pipeline instanciation: fix potential O(n^2) performance. Fixes https://bugs.chromium.org/p/oss-fuzz/issues/detail?id=37438	commit be954086540afbf4faf7b5db78d0668f8d86df9bAuthor: Even Rouault <even.rouault@spatialys.com>Date:   Sat Aug 21 16:29:24 2021 +0200    pipeline instanciation: fix potential O(n^2) performance. Fixes https://bugs.chromium.org/p/oss-fuzz/issues/detail?id=37438	37438	src/pipeline.cpp	387;585
PROJ-20210810-1e6ef36d	1e6ef36d	e41092a9	Tue Aug 10 10:04:50 2021 +0200	Conversion::createUTM(): avoid integer overflow. Fixes https://bugs.chromium.org/p/oss-fuzz/issues/detail?id=36751	commit 1e6ef36db92406f96fe9cc3fa7f75db1cba7254bAuthor: Even Rouault <even.rouault@spatialys.com>Date:   Tue Aug 10 10:00:41 2021 +0200    Conversion::createUTM(): avoid integer overflow. Fixes https://bugs.chromium.org/p/oss-fuzz/issues/detail?id=36751	36751	scripts/create_c_api_projections.py;src/iso19111/operation/conversion.cpp;test/unit/test_c_api.cpp	167;184;331;2373
PROJ-20210423-c221134b	c221134b	64f5b18c	Fri Apr 23 14:57:22 2021 +0200	pj_vlog(): fix buffer overflow in case of super lengthy error message	commit c221134bc39e8a929f273b5ffff606afe14a9b77Author: Even Rouault <even.rouault@spatialys.com>Date:   Fri Apr 23 14:57:22 2021 +0200    pj_vlog(): fix buffer overflow in case of super lengthy error message        Fixes https://bugs.chromium.org/p/oss-fuzz/issues/detail?id=33594	33594	src/log.cpp	49;67
PROJ-20200823-683d3097	683d3097	403bd8b2	Sun Aug 23 18:11:43 2020 +0200	lcc: avoid harmless division by zero in untypical case. Fixes https://bugs.chromium.org/p/oss-fuzz/issues/detail?id=24442	commit 683d3097ff2cabd573a82757e8bef6d8f0447d37Author: Even Rouault <even.rouault@spatialys.com>Date:   Sun Aug 23 18:11:43 2020 +0200    lcc: avoid harmless division by zero in untypical case. Fixes https://bugs.chromium.org/p/oss-fuzz/issues/detail?id=24442	24442	src/projections/lcc.cpp	140
PROJ-20200609-144a611f	144a611f	dfa281a2	Tue Jun 9 17:24:20 2020 +0200	Conversion::_exportToPROJString(): avoid potential floating point div by zero. Fixes https://bugs.chromium.org/p/oss-fuzz/issues/detail?id=23239	commit 144a611f844450f5ce4528772136f985c92406feAuthor: Even Rouault <even.rouault@spatialys.com>Date:   Tue Jun 9 17:24:20 2020 +0200    Conversion::_exportToPROJString(): avoid potential floating point div by zero. Fixes https://bugs.chromium.org/p/oss-fuzz/issues/detail?id=23239	23239	src/iso19111/coordinateoperation.cpp	6259
PROJ-20200426-39cd68f6	39cd68f6	d6b3a524	Sun Apr 26 16:47:00 2020 +0200	pipeline initialization: avoid deep recursion on corrupted PROJ string like https://bugs.chromium.org/p/oss-fuzz/issues/detail?id=21889	commit 39cd68f661ac86484b341c93f949c29592694e89Author: Even Rouault <even.rouault@spatialys.com>Date:   Sun Apr 26 16:47:00 2020 +0200    pipeline initialization: avoid deep recursion on corrupted PROJ string like https://bugs.chromium.org/p/oss-fuzz/issues/detail?id=21889	21889	src/pipeline.cpp;src/proj_internal.h	424;513;747
PROJ-20200417-b7f5e7ea	b7f5e7ea	7920a3fe	Fri Apr 17 20:37:05 2020 +0200	ellps_shape: catch corner case where es would be set to NaN. Fixes https://bugs.chromium.org/p/oss-fuzz/issues/detail?id=21761	commit b7f5e7ea751588914eec2b64fd2ee39ac2eefc54Author: Even Rouault <even.rouault@spatialys.com>Date:   Fri Apr 17 20:37:05 2020 +0200    ellps_shape: catch corner case where es would be set to NaN. Fixes https://bugs.chromium.org/p/oss-fuzz/issues/detail?id=21761	21761	src/ell_set.cpp	318
PROJ-20200210-3767adab	3767adab	188dcf2c	Mon Feb 10 16:19:53 2020 +0100	PROJStringParser::Private::buildProjectedCRS(): avoid (harmless) division by zero in super odd case with corrupted PROJ string. Fixes https://bugs.chromium.org/p/oss-fuzz/issues/detail?id=20624	commit 3767adabe2aadcaa053a11e4f8c2993486242d32Author: Even Rouault <even.rouault@spatialys.com>Date:   Mon Feb 10 16:19:53 2020 +0100    PROJStringParser::Private::buildProjectedCRS(): avoid (harmless) division by zero in super odd case with corrupted PROJ string. Fixes https://bugs.chromium.org/p/oss-fuzz/issues/detail?id=20624	20624	src/iso19111/io.cpp	8783
PROJ-20200209-1c3678b6	1c3678b6	06d0a4c8	Sun Feb 9 03:47:13 2020 +0100	read_vgrid_value(): avoid assertion on huge latitude. Fixes https://bugs.chromium.org/p/oss-fuzz/issues/detail?id=20592. master only	commit 1c3678b636ecc4860a24a137886de88f2813808cAuthor: Even Rouault <even.rouault@spatialys.com>Date:   Sun Feb 9 03:47:13 2020 +0100    read_vgrid_value(): avoid assertion on huge latitude. Fixes https://bugs.chromium.org/p/oss-fuzz/issues/detail?id=20592. master only	20592	src/grids.cpp	3137;3336
PROJ-20191213-c86bd691	c86bd691	5b4e60f4	Fri Dec 13 00:38:18 2019 +0100	WKTParser: fix assertion that can trigger on corrupted input. Fixes https://bugs.chromium.org/p/oss-fuzz/issues/detail?id=19367	commit c86bd69147a289ead837e5400776393bd9072a82Author: Even Rouault <even.rouault@spatialys.com>Date:   Fri Dec 13 00:38:18 2019 +0100    WKTParser: fix assertion that can trigger on corrupted input. Fixes https://bugs.chromium.org/p/oss-fuzz/issues/detail?id=19367	19367	src/iso19111/io.cpp;test/unit/test_io.cpp	2683;5577
PROJ-20191028-2366a528	2366a528	9526fb84	Mon Oct 28 15:12:20 2019 +0100	createOperations(): avoid infinite recursion in a super weird case. Fixes https://bugs.chromium.org/p/oss-fuzz/issues/detail?id=18587	commit 2366a528aa1bce3f9ccfea5940154dc7c6c947beAuthor: Even Rouault <even.rouault@spatialys.com>Date:   Mon Oct 28 15:12:20 2019 +0100    createOperations(): avoid infinite recursion in a super weird case. Fixes https://bugs.chromium.org/p/oss-fuzz/issues/detail?id=18587	18587	src/iso19111/coordinateoperation.cpp;test/unit/test_operation.cpp	12820;12938;7652
PROJ-20191019-caa512b5	caa512b5	20b8604f	Sat Oct 19 22:59:55 2019 +0200	createFromPROJString(): do not loop forever on malformed string. Fixes https://bugs.chromium.org/p/oss-fuzz/issues/detail?id=17923. master only	commit caa512b5b135fcf00a01695a5860009671316eb2Author: Even Rouault <even.rouault@spatialys.com>Date:   Sat Oct 19 22:59:55 2019 +0200    createFromPROJString(): do not loop forever on malformed string. Fixes https://bugs.chromium.org/p/oss-fuzz/issues/detail?id=17923. master only	17923	src/iso19111/io.cpp;test/unit/test_io.cpp	8236;8805
PROJ-20190917-bc53524c	bc53524c	8e76c610	Tue Sep 17 21:48:46 2019 +0200	ell_set.cpp: avoid division by zero in R_lat_a case. Fixes https://bugs.chromium.org/p/oss-fuzz/issues/detail?id=16130	commit bc53524cfbde95ecf6bb134984e68eb715d11c2bAuthor: Even Rouault <even.rouault@spatialys.com>Date:   Tue Sep 17 21:48:46 2019 +0200    ell_set.cpp: avoid division by zero in R_lat_a case. Fixes https://bugs.chromium.org/p/oss-fuzz/issues/detail?id=16130	16130	src/ell_set.cpp;test/gie/ellipsoid.gie	389;116
PROJ-20190917-8e76c610	8e76c610	216cf0c2	Tue Sep 17 21:41:15 2019 +0200	helmert: validate scale parameter to avoid later division by zero. Fixes https://bugs.chromium.org/p/oss-fuzz/issues/detail?id=16106	commit 8e76c61082c5c74d1e29d5d850b2cdd09ab35ba8Author: Even Rouault <even.rouault@spatialys.com>Date:   Tue Sep 17 21:41:15 2019 +0200    helmert: validate scale parameter to avoid later division by zero. Fixes https://bugs.chromium.org/p/oss-fuzz/issues/detail?id=16106	16106	src/transformations/helmert.cpp	612
PROJ-20190917-216cf0c2	216cf0c2	a49d5a5d	Tue Sep 17 21:34:46 2019 +0200	aea_e_inverse(): avoid calling asin() with invalid argument which results in NaN being propagated. Fixes https://bugs.chromium.org/p/oss-fuzz/issues/detail?id=15336	commit 216cf0c26c7e63084f30d9eea03c4f36ae3afcadAuthor: Even Rouault <even.rouault@spatialys.com>Date:   Tue Sep 17 21:34:46 2019 +0200    aea_e_inverse(): avoid calling asin() with invalid argument which results in NaN being propagated. Fixes https://bugs.chromium.org/p/oss-fuzz/issues/detail?id=15336	15336	src/projections/aea.cpp	127
PROJ-20190917-a49d5a5d	a49d5a5d	15a85172	Tue Sep 17 21:10:56 2019 +0200	pj_Convert_Geocentric_To_Geodetic(): avoid division by zero on weird input coordinates and ellipsoid values. Fixes https://bugs.chromium.org/p/oss-fuzz/issues/detail?id=15148&	commit a49d5a5daddd23a3206e00ca17e58c61076474e9Author: Even Rouault <even.rouault@spatialys.com>Date:   Tue Sep 17 21:10:56 2019 +0200    pj_Convert_Geocentric_To_Geodetic(): avoid division by zero on weird input coordinates and ellipsoid values. Fixes https://bugs.chromium.org/p/oss-fuzz/issues/detail?id=15148&	15148&	src/geocent.cpp	399;428
PROJ-20190917-15a85172	15a85172	3a68912a	Tue Sep 17 21:08:41 2019 +0200	isea: avoid undefined behaviour on left shift of negative value. Fixes https://bugs.chromium.org/p/oss-fuzz/issues/detail?id=15009	commit 15a85172b778c3d57adb0e4e61842c0a4bcb4e44Author: Even Rouault <even.rouault@spatialys.com>Date:   Tue Sep 17 21:08:41 2019 +0200    isea: avoid undefined behaviour on left shift of negative value. Fixes https://bugs.chromium.org/p/oss-fuzz/issues/detail?id=15009	15009	src/projections/isea.cpp	902
PROJ-20190917-3a68912a	3a68912a	78a8f654	Tue Sep 17 21:01:04 2019 +0200	pj_Convert_Geocentric_To_Geodetic(): avoid division by zero on weird input coordinates and ellipsoid values. Fixes https://bugs.chromium.org/p/oss-fuzz/issues/detail?id=14766	commit 3a68912a6b556dccf22d8e8b329404821d238e50Author: Even Rouault <even.rouault@spatialys.com>Date:   Tue Sep 17 21:01:04 2019 +0200    pj_Convert_Geocentric_To_Geodetic(): avoid division by zero on weird input coordinates and ellipsoid values. Fixes https://bugs.chromium.org/p/oss-fuzz/issues/detail?id=14766	14766	src/geocent.cpp	399
PROJ-20190917-81cb8511	81cb8511	91d23e65	Tue Sep 17 20:45:06 2019 +0200	geos: avoid division by zero. Fixes https://bugs.chromium.org/p/oss-fuzz/issues/detail?id=14666	commit 81cb8511161a1f6e03deea064a49a10bf10801e4Author: Even Rouault <even.rouault@spatialys.com>Date:   Tue Sep 17 20:45:06 2019 +0200    geos: avoid division by zero. Fixes https://bugs.chromium.org/p/oss-fuzz/issues/detail?id=14666	14666	src/projections/geos.cpp	126
PROJ-20190917-91d23e65	91d23e65	d2f661fc	Tue Sep 17 19:53:13 2019 +0200	eqdc: avoid potential division by zero. Fixes https://bugs.chromium.org/p/oss-fuzz/issues/detail?id=17190	commit 91d23e65ace9872a785f66db756d77e01381556fAuthor: Even Rouault <even.rouault@spatialys.com>Date:   Tue Sep 17 19:53:13 2019 +0200    eqdc: avoid potential division by zero. Fixes https://bugs.chromium.org/p/oss-fuzz/issues/detail?id=17190	17190	src/projections/eqdc.cpp;test/gie/builtins.gie	117;1321
PROJ-20190426-210df01d	210df01d	c783e556	Fri Apr 26 18:09:04 2019 +0200	aitof: fix division by zero	commit 210df01d861f4d75b3e4c698b9394d6d48989169Author: Even Rouault <even.rouault@spatialys.com>Date:   Fri Apr 26 18:09:04 2019 +0200    aitof: fix division by zero        Fixes https://bugs.chromium.org/p/oss-fuzz/issues/detail?id=14447    Credit to OSS Fuzz	14447	src/projections/aitoff.cpp	117
PROJ-20190401-530913a5	530913a5	54b21b1e	Mon Apr 1 22:06:03 2019 +0200	pj_gauss_ini(): fix division by zero	commit 530913a5517fea6d23daecdb6b4d8d62fcb0a9ccAuthor: Even Rouault <even.rouault@spatialys.com>Date:   Mon Apr 1 22:05:22 2019 +0200    pj_gauss_ini(): fix division by zero        Fixes https://bugs.chromium.org/p/oss-fuzz/issues/detail?id=14003    Credit to OSS Fuzz	14003	src/gauss.cpp;test/gie/builtins.gie	65;4946
PROJ-20190328-5cad2f68	5cad2f68	15a9adb5	Thu Mar 28 11:58:59 2019 +0100	ocea: fix behaviour when +alpha is specified	commit 5cad2f68f2a68c8c6854d0bfc62700299598dfa1Author: Even Rouault <even.rouault@spatialys.com>Date:   Wed Mar 27 18:55:35 2019 +0100    ocea: fix behaviour when +alpha is specified        The one-point case was completely broken with lat_0 being ignored.    I've fixed that, and also modified the alpha orientation, so that the angle    corresponds to the one of the 2 point case when going from point 1 to point 2,    similarly to what omerc does.    This was found rather experimentaly with the added test cases that try to    find equivalence between 1-point and 2-point cases.        Fixes #1379    and adresses https://bugs.chromium.org/p/oss-fuzz/issues/detail?id=13930	13930	src/projections/ocea.cpp;test/gie/builtins.gie	50;63;3717;3809
PROJ-20190326-e08b7bdd	e08b7bdd	a199edb8	Tue Mar 26 15:49:42 2019 +0100	omerc inverse: fix division	commit e08b7bddd25349a24a294616e4d9c984c138e531Author: Even Rouault <even.rouault@spatialys.com>Date:   Tue Mar 26 15:49:42 2019 +0100    omerc inverse: fix division        Test case https://oss-fuzz.com/testcase-detail/5739351578771456 of    https://bugs.chromium.org/p/oss-fuzz/issues/detail?id=13894    Credit to OSS Fuzz	13894	src/projections/omerc.cpp;test/gie/builtins.gie	97;3801
PROJ-20190324-36beda51	36beda51	d089e17f	Sun Mar 24 12:56:09 2019 +0100	isea: really fix integer overflow of https://bugs.chromium.org/p/oss-fuzz/issues/detail?id=2390	commit 36beda51b769f1e61c33d8230a4718b2bdc6fe46Author: Even Rouault <even.rouault@spatialys.com>Date:   Sun Mar 24 12:56:09 2019 +0100    isea: really fix integer overflow of https://bugs.chromium.org/p/oss-fuzz/issues/detail?id=2390	2390	src/projections/isea.cpp	105
PROJ-20190322-93b119b0	93b119b0	32197a2e	Fri Mar 22 16:11:52 2019 +0100	Really fix https://bugs.chromium.org/p/oss-fuzz/issues/detail?id=2390	commit 93b119b0abcdf76ad2b01465c5109381837b387eAuthor: Even Rouault <even.rouault@spatialys.com>Date:   Fri Mar 22 16:11:52 2019 +0100    Really fix https://bugs.chromium.org/p/oss-fuzz/issues/detail?id=2390	2390	src/projections/isea.cpp	105
PROJ-20190316-1c4988d6	1c4988d6	ed2b26a0	Sat Mar 16 10:10:02 2019 +0100	sterea: fix lat_0 = -90	commit 1c4988d6be1cce93c866df98786d2eca3a244816Author: Even Rouault <even.rouault@spatialys.com>Date:   Fri Mar 15 23:17:03 2019 +0100    sterea: fix lat_0 = -90        A division by zero caused NaN values to be returned.    Fixes https://bugs.chromium.org/p/oss-fuzz/issues/detail?id=12062    Credit to OSS Fuzz	12062	src/gauss.cpp;test/gie/builtins.gie	65;4709;4732;4754
PROJ-20190209-08c2d693	08c2d693	a60c8509	Sat Feb 9 17:01:51 2019 +0100	Add m4/pkg.m4 to potential fix oss-fuzz build issue https://bugs.chromium.org/p/oss-fuzz/issues/detail?id=12964 / https://oss-fuzz-build-logs.storage.googleapis.com/log-6c3169d0-803f-4725-9308-ae9d7fe0df58.txt	commit 08c2d69360939dc67fe151a441e764da132846c7Author: Even Rouault <even.rouault@spatialys.com>Date:   Sat Feb 9 17:01:51 2019 +0100    Add m4/pkg.m4 to potential fix oss-fuzz build issue https://bugs.chromium.org/p/oss-fuzz/issues/detail?id=12964 / https://oss-fuzz-build-logs.storage.googleapis.com/log-6c3169d0-803f-4725-9308-ae9d7fe0df58.txt	12964		0
PROJ-20190205-149bd816	149bd816	abe7ba20	Tue Feb 5 23:48:32 2019 +0100	PROJStringParser::createFromPROJString(): avoid potential infinite loop. Fixes https://bugs.chromium.org/p/oss-fuzz/issues/detail?id=12913. Credit to OSS Fuzz	commit 149bd81691e309d4ab22bed944ea69fbeaec450fAuthor: Even Rouault <even.rouault@spatialys.com>Date:   Tue Feb 5 23:48:32 2019 +0100    PROJStringParser::createFromPROJString(): avoid potential infinite loop. Fixes https://bugs.chromium.org/p/oss-fuzz/issues/detail?id=12913. Credit to OSS Fuzz	12913	src/iso19111/io.cpp;src/proj_internal.h	5313;7452;7760;702
PROJ-20190203-4abfe10a	4abfe10a	e121dc35	Sun Feb 3 16:07:10 2019 +0100	init(): repair to_meter=num/denom that was broken in the general case in PROJ 5; repair vto_meter=num/denom that was broken, and avoid division by zero, which fixes https://bugs.chromium.org/p/oss-fuzz/issues/detail?id=12869. Credit to OSS Fuzz	commit 4abfe10ab7a64552db242aa240bbcf2f92598604Author: Even Rouault <even.rouault@spatialys.com>Date:   Sun Feb 3 16:07:10 2019 +0100    init(): repair to_meter=num/denom that was broken in the general case in PROJ 5; repair vto_meter=num/denom that was broken, and avoid division by zero, which fixes https://bugs.chromium.org/p/oss-fuzz/issues/detail?id=12869. Credit to OSS Fuzz	12869	src/init.cpp;test/gie/4D-API_cs2cs-style.gie;test/gie/more_builtins.gie	764;792;348;496
PROJ-20190203-e121dc35	e121dc35	24c1272c	Sun Feb 3 15:16:01 2019 +0100	Avoid division by zero in Ellipsoid::computeSemiMinorAxis(). Fixes https://bugs.chromium.org/p/oss-fuzz/issues/detail?id=12867. Credit to OSS Fuzz. master only	commit e121dc35abafd9a2eda01b05aa5fa13b13e6196eAuthor: Even Rouault <even.rouault@spatialys.com>Date:   Sun Feb 3 15:16:01 2019 +0100    Avoid division by zero in Ellipsoid::computeSemiMinorAxis(). Fixes https://bugs.chromium.org/p/oss-fuzz/issues/detail?id=12867. Credit to OSS Fuzz. master only	12867	src/iso19111/datum.cpp;test/unit/test_datum.cpp	646;654;127
PROJ-20190203-24c1272c	24c1272c	b30ed5cb	Sun Feb 3 14:48:17 2019 +0100	WKT1 export: avoid division by zero. Fixes https://bugs.chromium.org/p/oss-fuzz/issues/detail?id=12854. Credit to OSS Fuzz	commit 24c1272cf4397614fb7ea5502bba9258e6a8f972Author: Even Rouault <even.rouault@spatialys.com>Date:   Sun Feb 3 14:48:17 2019 +0100    WKT1 export: avoid division by zero. Fixes https://bugs.chromium.org/p/oss-fuzz/issues/detail?id=12854. Credit to OSS Fuzz	12854	src/iso19111/common.cpp;src/iso19111/coordinateoperation.cpp;test/unit/test_io.cpp	172;211;2147;8965
PROJ-20190203-b30ed5cb	b30ed5cb	abad2341	Sun Feb 3 12:23:50 2019 +0100	labrd: avoid floating point division by zero. Fixes https://bugs.chromium.org/p/oss-fuzz/issues/detail?id=12849. Credit to OSS Fuzz	commit b30ed5cba50688cea9ac2af90855177f84efea5aAuthor: Even Rouault <even.rouault@spatialys.com>Date:   Sun Feb 3 12:23:50 2019 +0100    labrd: avoid floating point division by zero. Fixes https://bugs.chromium.org/p/oss-fuzz/issues/detail?id=12849. Credit to OSS Fuzz	12849	src/projections/labrd.cpp;test/gie/builtins.gie	108;2243
PROJ-20190202-abad2341	abad2341	3ed61534	Sat Feb 2 11:25:36 2019 +0100	pj_ellipsoid(): avoid division by zero when R=0. Fixes https://bugs.chromium.org/p/oss-fuzz/issues/detail?id=12843. Credit to OSS Fuzz	commit abad23412f0920276c32567c8f237be23aa94941Author: Even Rouault <even.rouault@spatialys.com>Date:   Sat Feb 2 11:25:36 2019 +0100    pj_ellipsoid(): avoid division by zero when R=0. Fixes https://bugs.chromium.org/p/oss-fuzz/issues/detail?id=12843. Credit to OSS Fuzz	12843	src/ell_set.cpp;test/gie/ellipsoid.gie	88;64
PROJ-20190202-3ed61534	3ed61534	81a2c053	Sat Feb 2 11:13:12 2019 +0100	createFromUserInput(): fix infinite recursion. Fixes https://bugs.chromium.org/p/oss-fuzz/issues/detail?id=12842. Credit to OSS Fuzz	commit 3ed6153400299db04163ffe8fd9fd785eb9ca12eAuthor: Even Rouault <even.rouault@spatialys.com>Date:   Sat Feb 2 11:13:12 2019 +0100    createFromUserInput(): fix infinite recursion. Fixes https://bugs.chromium.org/p/oss-fuzz/issues/detail?id=12842. Credit to OSS Fuzz	12842	src/iso19111/io.cpp	5287;5315;5328
PROJ-20190202-1c60f4cc	1c60f4cc	17a26919	Sat Feb 2 09:44:44 2019 +0100	PROJStringSyntaxParser: avoid assertion on illegal input. Fixes https://bugs.chromium.org/p/oss-fuzz/issues/detail?id=12837. Credit to OSS Fuzz	commit 1c60f4cc408e85aff78482659a80fe974ee5d57bAuthor: Even Rouault <even.rouault@spatialys.com>Date:   Sat Feb 2 09:44:44 2019 +0100    PROJStringSyntaxParser: avoid assertion on illegal input. Fixes https://bugs.chromium.org/p/oss-fuzz/issues/detail?id=12837. Credit to OSS Fuzz	12837	src/iso19111/io.cpp;test/unit/test_io.cpp	5285;5313;5320;8735
PROJ-20180824-3d6de19a	3d6de19a	ee57ac53	Fri Aug 24 22:54:33 2018 +0200	proj_4D_api.c: fix potential null pointer dereference. Fixes https://bugs.chromium.org/p/oss-fuzz/issues/detail?id=10033. Credit to OSS Fuzz. master only	commit 3d6de19a4b1a68156d16c4861a6c3c1ef8a81b45Author: Even Rouault <even.rouault@spatialys.com>Date:   Fri Aug 24 22:54:33 2018 +0200    proj_4D_api.c: fix potential null pointer dereference. Fixes https://bugs.chromium.org/p/oss-fuzz/issues/detail?id=10033. Credit to OSS Fuzz. master only	10033	src/proj_4D_api.c	505
PROJ-20180125-aff1011a	aff1011a	29cb4a05	Thu Jan 25 15:51:37 2018 +0100	Fix null pointer dereference in pj_datum_tranform() caused by d0dbf48438f9e152314abf294467cb54f9ae0e70 changes. Fixes https://bugs.chromium.org/p/oss-fuzz/issues/detail?id=5649. Credit to OSS Fuzz	commit aff1011a16372465ffeca05b0d7fcc8a9c2cf86eAuthor: Even Rouault <even.rouault@spatialys.com>Date:   Thu Jan 25 15:51:37 2018 +0100    Fix null pointer dereference in pj_datum_tranform() caused by d0dbf48438f9e152314abf294467cb54f9ae0e70 changes. Fixes https://bugs.chromium.org/p/oss-fuzz/issues/detail?id=5649. Credit to OSS Fuzz	5649	src/pj_transform.c	756;768
PROJ-20180111-d109f6e8	d109f6e8	ec0fd9c6	Thu Jan 11 12:13:47 2018 +0100	PJ_axisswap.c: validate axis value. Fixes https://bugs.chromium.org/p/oss-fuzz/issues/detail?id=5073. Credit to OSS Fuzz. master only	commit d109f6e826e7a2542d7e1bd50cc62e5fa9ac373eAuthor: Even Rouault <even.rouault@spatialys.com>Date:   Thu Jan 11 12:13:47 2018 +0100    PJ_axisswap.c: validate axis value. Fixes https://bugs.chromium.org/p/oss-fuzz/issues/detail?id=5073. Credit to OSS Fuzz. master only	5073	src/PJ_axisswap.c	192
PROJ-20171217-53320701	53320701	9ede4c65	Sun Dec 17 17:54:28 2017 +0100	Fix integer overflow in unitconvert.	commit 533207012bfd2c5de652b9df8b2104cad82b6988Author: Kristian Evers <kristianevers@gmail.com>Date:   Sun Dec 17 17:54:28 2017 +0100    Fix integer overflow in unitconvert.        For sufficiently large values of modified julian date the    mjd_to_yyyymmdd function would integer overflow in the calculation of    the return value. This is fixed by implicit type conversion.        Credit to OSS-Fuzz.        https://bugs.chromium.org/p/oss-fuzz/issues/detail?id=4658 and    https://bugs.chromium.org/p/oss-fuzz/issues/detail?id=4667	4658	src/PJ_unitconvert.c	252
PROJ-20171126-16432022	16432022	a2a546a7	Sun Nov 26 12:53:42 2017 +0100	axisswap: validate axis number. Fixes https://bugs.chromium.org/p/oss-fuzz/issues/detail?id=4404. Credit to OSS Fuzz	commit 16432022a82ecbf22802680d42bf9adacefef6daAuthor: Even Rouault <even.rouault@spatialys.com>Date:   Sun Nov 26 12:53:42 2017 +0100    axisswap: validate axis number. Fixes https://bugs.chromium.org/p/oss-fuzz/issues/detail?id=4404. Credit to OSS Fuzz	4404	src/PJ_axisswap.c	187
PROJ-20171111-451dec5d	451dec5d	fd1700e4	Sat Nov 11 22:44:26 2017 +0100	pj_apply_gridshift_3(): avoid illegal read access with point outside any grid area. Fixes https://bugs.chromium.org/p/oss-fuzz/issues/detail?id=3960. Credit to OSS Fuzz. master only	commit 451dec5d82c01dcdc20cc954ed834a8042686f84Author: Even Rouault <even.rouault@spatialys.com>Date:   Sat Nov 11 22:44:26 2017 +0100    pj_apply_gridshift_3(): avoid illegal read access with point outside any grid area. Fixes https://bugs.chromium.org/p/oss-fuzz/issues/detail?id=3960. Credit to OSS Fuzz. master only	3960	src/pj_apply_gridshift.c	112;164;204
PROJ-20171111-fd1700e4	fd1700e4	d53581ab	Sat Nov 11 22:31:24 2017 +0100	PJ_ob_tran: avoid null pointer dereference when underling fwd method is NULL. Fixes https://bugs.chromium.org/p/oss-fuzz/issues/detail?id=3645. Credit to OSS Fuzz	commit fd1700e493b7caf2d028d35c86e54935b5f255dcAuthor: Even Rouault <even.rouault@spatialys.com>Date:   Sat Nov 11 22:31:24 2017 +0100    PJ_ob_tran: avoid null pointer dereference when underling fwd method is NULL. Fixes https://bugs.chromium.org/p/oss-fuzz/issues/detail?id=3645. Credit to OSS Fuzz	3645	src/PJ_ob_tran.c	228
PROJ-20171111-d53581ab	d53581ab	fecc6c7e	Sat Nov 11 22:20:51 2017 +0100	Fix various memory leaks. Fixes https://bugs.chromium.org/p/oss-fuzz/issues/detail?id=3573 , https://bugs.chromium.org/p/oss-fuzz/issues/detail?id=3643 and https://bugs.chromium.org/p/oss-fuzz/issues/detail?id=3641 . Credit to OSS Fuzz	commit d53581ab6840713e4cb24c6f735cf04e9ce0b2dbAuthor: Even Rouault <even.rouault@spatialys.com>Date:   Sat Nov 11 22:20:51 2017 +0100    Fix various memory leaks. Fixes https://bugs.chromium.org/p/oss-fuzz/issues/detail?id=3573 , https://bugs.chromium.org/p/oss-fuzz/issues/detail?id=3643 and https://bugs.chromium.org/p/oss-fuzz/issues/detail?id=3641 . Credit to OSS Fuzz	3573	src/PJ_aea.c;src/pj_init.c;test/fuzzers/README.TXT;test/fuzzers/standard_fuzzer.cpp	211;500;693;10;38
PROJ-20171031-0d1eeb16	0d1eeb16	9222694f	Tue Oct 31 13:05:15 2017 +0100	Fix heap-buffer-overflow in proj_hgrid_init.	commit 0d1eeb16dd0a574d81ba0eaeea430f1be105a038Author: Kristian Evers <kristianevers@gmail.com>Date:   Tue Oct 31 13:05:15 2017 +0100    Fix heap-buffer-overflow in proj_hgrid_init.        Resolves https://bugs.chromium.org/p/oss-fuzz/issues/detail?id=3940        Credit to OSS-Fuzz.	3940	src/pj_apply_gridshift.c	273
PROJ-20171012-f6966b8d	f6966b8d	de5059b4	Thu Oct 12 20:39:41 2017 +0200	Resolve OSS-Fuzz issue 3620 https://bugs.chromium.org/p/oss-fuzz/issues/detail?id=3620	commit f6966b8d5ecef5474ceadd099975467ada140c57Author: Thomas Knudsen <thokn@sdfe.dk>Date:   Thu Oct 12 20:39:41 2017 +0200    Resolve OSS-Fuzz issue 3620    https://bugs.chromium.org/p/oss-fuzz/issues/detail?id=3620        Credit to OSS-Fuzz	3620	src/PJ_pipeline.c	269
PROJ-20171012-5f0e700b	5f0e700b	56157fbf	Thu Oct 12 20:07:03 2017 +0200	Resolve OSS-Fuzz issue 3619, https://bugs.chromium.org/p/oss-fuzz/issues/detail?id=3619	commit 5f0e700b01a15d523b34fb278c41236f5dc84f66Author: Thomas Knudsen <thokn@sdfe.dk>Date:   Thu Oct 12 20:07:03 2017 +0200    Resolve OSS-Fuzz issue 3619,    https://bugs.chromium.org/p/oss-fuzz/issues/detail?id=3619        credit to OSS-Fuzz	3619	src/PJ_eqdc.c	93
PROJ-20170927-41ac8f6b	41ac8f6b	6ea5a3cb	Wed Sep 27 22:18:05 2017 +0200	decimalyear_to_mjd(): avoid almost infinite loop in case of crazy input. Fixes https://bugs.chromium.org/p/oss-fuzz/issues/detail?id=3449. Credit to OSS Fuzz	commit 41ac8f6b2c1c4b94873393df0b3fa595ff4f0b2dAuthor: Even Rouault <even.rouault@spatialys.com>Date:   Wed Sep 27 22:18:05 2017 +0200    decimalyear_to_mjd(): avoid almost infinite loop in case of crazy input. Fixes https://bugs.chromium.org/p/oss-fuzz/issues/detail?id=3449. Credit to OSS Fuzz	3449	src/PJ_unitconvert.c	112
PROJ-20170907-14710d99	14710d99	cf9401ab	Thu Sep 7 16:51:39 2017 +0200	PJ_ob_tran: fix potential memory leak. Fixes https://bugs.chromium.org/p/oss-fuzz/issues/detail?id=3321. Credit to OSS Fuzz	commit 14710d9989c731b2f51b0d309b0e97bc30ad2339Author: Even Rouault <even.rouault@spatialys.com>Date:   Thu Sep 7 16:51:39 2017 +0200    PJ_ob_tran: fix potential memory leak. Fixes https://bugs.chromium.org/p/oss-fuzz/issues/detail?id=3321. Credit to OSS Fuzz	3321	src/PJ_ob_tran.c	87
PROJ-20170905-d55c25c7	d55c25c7	0d50cc98	Tue Sep 5 12:19:12 2017 +0200	PJ_unitconvert: fix memory leak. Fixes https://bugs.chromium.org/p/oss-fuzz/issues/detail?id=3288. Credit to OSS Fuzz	commit d55c25c7f639f91cfd2e6ef9bdef0c68d9e93289Author: Even Rouault <even.rouault@spatialys.com>Date:   Tue Sep 5 12:19:12 2017 +0200    PJ_unitconvert: fix memory leak. Fixes https://bugs.chromium.org/p/oss-fuzz/issues/detail?id=3288. Credit to OSS Fuzz	3288	src/PJ_unitconvert.c	200
PROJ-20170904-0d50cc98	0d50cc98	efe7db5d	Mon Sep 4 09:51:14 2017 +0200	PJ_hgridshift.c: fix memleak in initialization if grid loading fail. Same fix as commit e1ad1046873056ab3bfc3262bd343e8c874f395c. Fixes https://bugs.chromium.org/p/oss-fuzz/issues/detail?id=3276. Credit to OSS Fuzz	commit 0d50cc980df7b5b25be8ea29689cdfe08c587650Author: Even Rouault <even.rouault@spatialys.com>Date:   Mon Sep 4 09:51:14 2017 +0200    PJ_hgridshift.c: fix memleak in initialization if grid loading fail. Same fix as commit e1ad1046873056ab3bfc3262bd343e8c874f395c. Fixes https://bugs.chromium.org/p/oss-fuzz/issues/detail?id=3276. Credit to OSS Fuzz	3276	src/PJ_hgridshift.c	81
PROJ-20170903-efe7db5d	efe7db5d	19264414	Sun Sep 3 10:21:15 2017 +0200	PJ_goode: fix memory leak. Fixes https://bugs.chromium.org/p/oss-fuzz/issues/detail?id=3274. Credit to OSS Fuzz	commit efe7db5daf1067d57be1726193a7b59d5ba038afAuthor: Even Rouault <even.rouault@spatialys.com>Date:   Sun Sep 3 10:21:15 2017 +0200    PJ_goode: fix memory leak. Fixes https://bugs.chromium.org/p/oss-fuzz/issues/detail?id=3274. Credit to OSS Fuzz	3274	src/PJ_goode.c	49;104;114
PROJ-20170830-9b664865	9b664865	d5c5a70e	Wed Aug 30 10:19:59 2017 +0200	urm5: fix memory leaks in error code paths of initialization. Fixes https://bugs.chromium.org/p/oss-fuzz/issues/detail?id=3235. Credit to OSS Fuzz	commit 9b664865a2926568440de57f4d3f5a64e0cee6dcAuthor: Even Rouault <even.rouault@spatialys.com>Date:   Wed Aug 30 10:19:59 2017 +0200    urm5: fix memory leaks in error code paths of initialization. Fixes https://bugs.chromium.org/p/oss-fuzz/issues/detail?id=3235. Credit to OSS Fuzz	3235	src/PJ_urm5.c	47
PROJ-20170829-56075006	56075006	e044eb01	Tue Aug 29 10:25:47 2017 +0200	PJ_horner.c: fix memory leaks. Fixes https://bugs.chromium.org/p/oss-fuzz/issues/detail?id=3204. Credit to OSS Fuzz	commit 56075006131263e0859808d263d6d22cd4594fb9Author: Even Rouault <even.rouault@spatialys.com>Date:   Tue Aug 29 10:25:47 2017 +0200    PJ_horner.c: fix memory leaks. Fixes https://bugs.chromium.org/p/oss-fuzz/issues/detail?id=3204. Credit to OSS Fuzz	3204	src/PJ_horner.c	128;406
PROJ-20170820-231df5a7	231df5a7	d0050175	Sun Aug 20 00:35:37 2017 +0200	PJ_aea.c: fix memory leak in error code path. Fixes https://bugs.chromium.org/p/oss-fuzz/issues/detail?id=2723. Credit to OSS Fuzz	commit 231df5a72fcd5d37c21e759f349362574c9613efAuthor: Even Rouault <even.rouault@spatialys.com>Date:   Sun Aug 20 00:35:37 2017 +0200    PJ_aea.c: fix memory leak in error code path. Fixes https://bugs.chromium.org/p/oss-fuzz/issues/detail?id=2723. Credit to OSS Fuzz	2723	src/PJ_aea.c	175
PROJ-20170613-e1ad1046	e1ad1046	c606094b	Tue Jun 13 16:13:18 2017 +0200	PJ_vgridshift.c: fix memleak in initialization if grid loading fail	commit e1ad1046873056ab3bfc3262bd343e8c874f395cAuthor: Even Rouault <even.rouault@spatialys.com>Date:   Tue Jun 13 13:25:44 2017 +0200    PJ_vgridshift.c: fix memleak in initialization if grid loading fail        When gridloading fail for one grid, but return a gridlist, we leak the grid list array.    Fixes https://bugs.chromium.org/p/oss-fuzz/issues/detail?id=2230. Credit to OSS Fuzz	2230	src/PJ_vgridshift.c;src/pj_gridlist.c	29;47;84;193
PROJ-20170609-c606094b	c606094b	3628fb90	Fri Jun 9 11:41:13 2017 +0200	PJ_igh.c: assign ctx of igh projection to its children projection objects. Fixes https://bugs.chromium.org/p/oss-fuzz/issues/detail?id=2167. Credit to OSS Fuzz	commit c606094b8fa18a7c6da83b54b5e59f0eb470324cAuthor: Even Rouault <even.rouault@spatialys.com>Date:   Fri Jun 9 11:41:13 2017 +0200    PJ_igh.c: assign ctx of igh projection to its children projection objects. Fixes https://bugs.chromium.org/p/oss-fuzz/issues/detail?id=2167. Credit to OSS Fuzz	2167	src/PJ_igh.c	177
PROJ-20170601-28cbf0d7	28cbf0d7	37369f20	Thu Jun 1 12:50:23 2017 +0200	Fix memory leaks. Fixes https://bugs.chromium.org/p/oss-fuzz/issues/detail?id=2000. Credit to OSS Fuzz	commit 28cbf0d771a478213c23644650f6c862a9310270Author: Even Rouault <even.rouault@spatialys.com>Date:   Thu Jun 1 12:50:23 2017 +0200    Fix memory leaks. Fixes https://bugs.chromium.org/p/oss-fuzz/issues/detail?id=2000. Credit to OSS Fuzz	2000	src/nad_init.c;src/pj_init.c	122;130;682
PROJ-20170531-08355f82	08355f82	73993d15	Wed May 31 13:42:15 2017 +0200	pj_apply_vgridshift(): avoid integer overflow / read heap-buffer-overflow. Fixes https://bugs.chromium.org/p/oss-fuzz/issues/detail?id=1950. Credit to OSS Fuzz	commit 08355f826c2d8bc880ae171e239e20e980c9560eAuthor: Even Rouault <even.rouault@spatialys.com>Date:   Wed May 31 13:42:15 2017 +0200    pj_apply_vgridshift(): avoid integer overflow / read heap-buffer-overflow. Fixes https://bugs.chromium.org/p/oss-fuzz/issues/detail?id=1950. Credit to OSS Fuzz	1950	src/pj_apply_vgridshift.c	77
PROJ-20170530-c5b617aa	c5b617aa	a395e6e2	Tue May 30 14:26:10 2017 +0200	PJ_ob_tran: fix crash if underlying projection has no fwd method	commit c5b617aadf9dfc036856303d1882cfaa98b00825Author: Even Rouault <even.rouault@spatialys.com>Date:   Tue May 30 14:26:10 2017 +0200    PJ_ob_tran: fix crash if underlying projection has no fwd method        For example +proj=ob_tran +o_proj=hgridshift        Fixes https://bugs.chromium.org/p/oss-fuzz/issues/detail?id=1927        Credit to OSS Fuzz	1927	src/PJ_ob_tran.c	133
PROJ-20170530-a395e6e2	a395e6e2	6bb6184a	Tue May 30 12:14:26 2017 +0200	catalog: memory leak and crashes related fixes	commit a395e6e244e04dd09284e24eb1ca3ff2a7c9f37fAuthor: Even Rouault <even.rouault@spatialys.com>Date:   Tue May 30 12:14:26 2017 +0200    catalog: memory leak and crashes related fixes        * pj_transform() crashes on a catalog that has no matching grid    * pj_free() and pj_gc_unloadall() badly interact. No longer try to free the      catalog object in pj_free(). That is the job of pj_gc_unloadall()    * Fix memory leaks in pj_gc_readcatalog() and pj_gc_unloadall()        Fixes https://bugs.chromium.org/p/oss-fuzz/issues/detail?id=1923        Credit to OSS Fuzz.	1923	src/pj_gc_reader.c;src/pj_gridcatalog.c;src/pj_init.c;test/fuzzers/standard_fuzzer.cpp	55;82;56;136;179;735;34;96;104;115
PROJ-20170529-6bb6184a	6bb6184a	95ffe331	Mon May 29 14:28:38 2017 +0200	PJ_imw_p.c: fix infinite loop in e_inverse() and memory leak.	commit 6bb6184a84f136f1686d51d43bfc04065e329ae5Author: Even Rouault <even.rouault@spatialys.com>Date:   Mon May 29 14:28:38 2017 +0200    PJ_imw_p.c: fix infinite loop in e_inverse() and memory leak.        Fixes https://bugs.chromium.org/p/oss-fuzz/issues/detail?id=1873        Credit to OSS Fuzz	1873	src/PJ_imw_p.c	96;103;126
PROJ-20170529-2f0de0e8	2f0de0e8	29aefaae	Mon May 29 14:17:02 2017 +0200	pj_compare_datums(): fix null pointer dereference.	commit 2f0de0e85ff02ef72ff2f09076077566bf4e8ba2Author: Even Rouault <even.rouault@spatialys.com>Date:   Mon May 29 14:17:02 2017 +0200    pj_compare_datums(): fix null pointer dereference.        Can happen when any of the src/dest projection has a +catalog parameter.    Fix a memory leak on catalog_name as well.        Fixes https://bugs.chromium.org/p/oss-fuzz/issues/detail?id=1799        Credit to OSS Fuzz	1799	src/pj_init.c;src/pj_transform.c	732;588
PROJ-20170523-bdb02c7c	bdb02c7c	52d5ea84	Tue May 23 22:28:43 2017 +0200	pj_transform(): fix segfault when z == NULL and dest defn has a fwd3d	commit bdb02c7c5a36d501b8c856dee539a5f28db2c36fAuthor: Even Rouault <even.rouault@spatialys.com>Date:   Tue May 23 22:28:43 2017 +0200    pj_transform(): fix segfault when z == NULL and dest defn has a fwd3d        Fixes https://bugs.chromium.org/p/oss-fuzz/issues/detail?id=1794        Credit to OSS Fuzz	1794	src/pj_transform.c	344
PROJ-20170523-a54611f1	a54611f1	8110056d	Tue May 23 21:07:02 2017 +0200	Fix possible zero division.	commit a54611f16cf2140d93f8a33563bbc79af136636aAuthor: Kristian Evers <kristianevers@gmail.com>Date:   Tue May 23 17:37:42 2017 +0200    Fix possible zero division.        For some extreme values of eccentricity a zero divison can occur. In    those rare cases we return HUGE_VAL to indicate something went wrong    while still returning a defined value.        Credit to OSS Fuzz.        https://bugs.chromium.org/p/oss-fuzz/issues/detail?id=1801	1801	src/pj_tsfn.c	2
