f04f934b3	67c87c7fe	Tue Jul 25 18:46:49 2023 +0000	pw_presubmit: Fix issues with running docs_build twice
e171f29b7	5e70fc180	Tue Jul 25 18:13:12 2023 +0000	pw_stream: Fix Doxygen typo
5e70fc180	6a9925995	Tue Jul 25 17:46:45 2023 +0000	pw_docgen: Add extension debugging instructions
e74b4d0b4	1ebae570a	Sat Jul 22 00:04:59 2023 +0000	pw_async_basic: Remove debug logging
c756b10e7	634b5e1c5	Thu Jul 20 00:34:34 2023 +0000	targets/rp2040_pw_system: Fix references to STM32
376018c32	fa54fc669	Tue Jul 18 18:07:57 2023 +0000	docs: Fix "gn args" examples which reference pw_env_setup_PACKAGE_ROOT
c2b54056a	b08a8ad09	Tue Jul 18 03:53:55 2023 +0000	zephyr: Fix setup.sh call
840aa6976	e015f8643	Fri Jul 14 14:41:36 2023 +0000	pw_build_mcuxpresso: Fix doc headings
37542827d	346f7a592	Thu Jul 13 19:47:15 2023 +0000	pw_i2c_mcuxpresso: Fix bazel build
da22e97c0	236a30822	Thu Jul 13 12:59:59 2023 +0000	pw_rpc: Fix Android.bp formatting
ef02fc021	d27b49199	Wed Jul 12 16:47:34 2023 +0000	pw_stream: Fix class name in docs
33faf6c2a	fc9158940	Tue Jul 11 21:37:01 2023 +0000	pw_digital_io_mcuxpresso: Fix bazel build
532088790	4a831a097	Thu Jul 6 23:46:46 2023 +0000	targets/rp2040: Fix pw_assert unit test
58db58864	0034559bf	Thu Jul 6 21:08:23 2023 +0000	bazel: Fix facade layering_check violations
f8e1ad63a	79d90a296	Thu Jul 6 20:30:24 2023 +0000	pw_rpc_transport: Fix test deps
303f582c8	6611fe752	Thu Jul 6 19:32:13 2023 +0000	SEED-0105: Fix link
6611fe752	2d8ccd2d6	Thu Jul 6 18:42:06 2023 +0000	pw_protobuf_compiler: Support strip_import_prefix
8dd482bce	99b31eb2d	Thu Jul 6 17:04:28 2023 +0000	pw_rpc: Debug logs
99b31eb2d	b3ce380a4	Thu Jul 6 14:44:43 2023 +0000	pw_rpc: Disable flaky test until it can be fixed
b3ce380a4	50bccd7de	Wed Jul 5 19:49:30 2023 +0000	pw_protobuf_compiler: Fix bazel build issues
50bccd7de	ee4e09ccd	Wed Jul 5 18:03:41 2023 +0000	targets/host_device_simulator: Fix GCC 12 warnings
b85cbedeb	9c997043a	Wed Jun 28 00:06:50 2023 +0000	pw_web: Fix view del. order and autoscroll offset
8455cfabe	c9778b05a	Tue Jun 27 18:30:38 2023 +0000	python: Fix 3.11 lint errors
7d1c4f21f	0b04368ae	Mon Jun 26 21:29:32 2023 +0000	pw_thread_zephyr: Fix doc headings
0b04368ae	bfd2dd51e	Mon Jun 26 21:07:07 2023 +0000	pw_web: Fix rollup config to inline dynamic imports in logging.ts
78abfa4f8	c4a790329	Fri Jun 16 19:19:48 2023 +0000	pw_bluetooth: Fix incorrect enumeration for encryption status
4e943da80	feb469c15	Fri Jun 16 16:22:23 2023 +0000	third_party/fuchsia: Patch generation script comment fixes
5cad4674f	ca8d6034c	Thu Jun 15 21:29:33 2023 +0000	pw_env_setup: Fix cipd package file load order
b7c106571	b9db64937	Tue Jun 13 17:45:01 2023 +0000	pw_log_tokenized: Fix gcc_partially_tokenized for Clang
c12af9fba	cf45c04bc	Mon Jun 12 16:37:14 2023 +0000	pw_log_rpc: Fix uninitialized warnings in test
9827e3eee	d1517d6a2	Sat Jun 10 04:18:04 2023 +0000	pw_rpc_transport: Fix build for non-stl thread backend
46034c45c	205c15164	Mon Jun 5 18:56:25 2023 +0000	pw_sys_io_mcuxpresso: Fix circular dep in BUILD.bazel
661ef1283	30921d613	Fri Jun 2 22:59:02 2023 +0000	*: Fix internal-only links
98f2c3ba1	2d60e4da9	Fri Jun 2 20:27:01 2023 +0000	pw_rpc: Remove incorrect `test::` namespace prefix
5fae77090	384784322	Fri Jun 2 19:45:21 2023 +0000	pw_watch: Fix simple HTTP server path
3b27bce19	99f7b09c6	Tue May 30 19:06:12 2023 +0000	pw_containers: Fix InlineQueue and InlineDeque copy methods
68dc3812c	0afc2d574	Tue May 30 17:23:56 2023 +0000	pw_system: Rename/fix typo in device.py
255ab6106	d6b036c2c	Tue May 30 16:40:52 2023 +0000	pw_rpc: Fix up missing Call state_ documentation
4064c5bd7	5f429ebf4	Thu May 25 21:52:16 2023 +0000	pw_log_zephyr: Fixes for Zephyr log tokenization
5f429ebf4	ea55bee9f	Thu May 25 21:04:35 2023 +0000	pw_tokenizer: Fixes for Zephyr log tokenization
7f1f15dd2	da76d1317	Mon May 22 18:52:20 2023 +0000	pw_rpc_transport: Fix formatting
2e2363afa	a2722aff4	Fri May 19 22:10:11 2023 +0000	build_info: Fix build failured when using the new CQ image
61c767dc4	901e6d980	Thu May 18 16:23:10 2023 +0000	pw_presubmit: Public functions and argparse fixes
e61d3c205	ccaa69795	Tue May 16 15:34:01 2023 +0000	pw_rpc: Fix types for OSS-Fuzz
85fd87b06	5122f294b	Sat May 13 03:46:15 2023 +0000	*: Run \'pw format --fix --full\'
5a7749d1f	9b4504ee7	Fri May 12 01:02:54 2023 +0000	googletest: Fix some deps to work with upstream GoogleTest
687d5d87a	7cf359e77	Thu May 11 22:15:38 2023 +0000	pw_toolchain: Remove default toolchain prefix
eb69d5633	a1c622e36	Wed May 10 19:36:59 2023 +0000	pw_unit_test: Fix gtest adapter dep
39b03e4a6	79441dad0	Tue May 9 20:25:20 2023 +0000	pw_rpc_transport: Fix logging status
79441dad0	2087ea022	Tue May 9 17:42:28 2023 +0000	pw_doctor: Allow customizing new bug URL
bae7e0d77	273139441	Mon May 8 20:39:55 2023 +0000	pw_system: Add read wrapper for debug logging
98ab464cd	b9e9f69ab	Thu May 4 21:14:46 2023 +0000	pw_docgen: Fix style for pw_docs_google_analytics_id
b9e9f69ab	3ecc4ba9b	Thu May 4 21:14:26 2023 +0000	pw_ide: Fix edge case failure UX
a6b1c83f9	c668bb9da	Wed May 3 21:20:10 2023 +0000	pw_rust: Fix rustdoc tests that use proc macros
fd978f5dd	17bedf8cd	Tue May 2 19:21:52 2023 +0000	pw_watch: Fix CLI doc title
5c4ea8e31	7d76da352	Fri Apr 28 22:06:39 2023 +0000	pw_build: Fix BazelRule private visibility
3c5d0cb35	458768654	Fri Apr 28 16:58:11 2023 +0000	pw_package: Add debugging statements
392e18200	9e34ad8ec	Fri Apr 28 03:10:45 2023 +0000	pw_tokenizer: Fix token_database_fuzzer
c7510e07b	d7480c0f9	Fri Apr 28 01:15:30 2023 +0000	pw_build: Fix BazelRule visibility
485805bf3	9b23253d8	Thu Apr 27 16:08:55 2023 +0000	pw_unit_test: Fix external googletest for core Pigweed
9b23253d8	baf334a37	Thu Apr 27 16:02:41 2023 +0000	pw_build: Fix GnTarget name generation
d586f9326	351ac8a19	Wed Apr 26 20:00:19 2023 +0000	pw_rpc/fuzz: Fix data race
2c0e8ed22	1471bcb2f	Wed Apr 26 17:52:13 2023 +0000	pw_sync_zephyr: Prefix zephyr path to kernel.h includes
9a0e5d011	d7cd3621c	Wed Apr 26 15:53:31 2023 +0000	pw_containers: Fix flat_map_test C++ support
56cb3bba0	aa808b30c	Thu Apr 20 22:17:25 2023 +0000	pw_build: Update coverage_report.gni to support new -ffile-prefix-map
fa8dbae95	3e05a4ad5	Wed Apr 19 23:01:52 2023 +0000	pw_package: Fix some direct github links
8d4e21f2d	2d68995bf	Wed Apr 19 19:07:33 2023 +0000	pw_sys_io_zephyr: Fix sys_init function argument
6b169fab4	bd5f22c9a	Tue Apr 18 17:30:08 2023 +0000	pw_string: Fix compiler-specific conversion warns
bd5f22c9a	bf865fac1	Mon Apr 17 23:17:20 2023 +0000	pw_string: Fix compiler-specific conversion warns
9f00700b2	b2894b408	Mon Apr 17 21:39:35 2023 +0000	pw_log: Fix Zephyr call to printk logging
a18516991	e5093db8c	Mon Apr 17 18:55:49 2023 +0000	zephyr: Fix incorrect include order for CMake
c511992f2	a65b7f3bd	Fri Apr 14 18:25:26 2023 +0000	targets/host_device_simulator: Fix GCC 12 warnings
8a425887f	6f256bbb5	Fri Apr 7 22:47:40 2023 +0000	pw_log_string: Bazel build fix
a241770b7	7f12b8c3b	Thu Apr 6 18:19:44 2023 +0000	pw_rpc: Fix typos and target name in Android.bp for consistency
56b11ffa2	75d2c6ab8	Thu Apr 6 17:03:36 2023 +0000	pw_presubmit: Fix OwnersError constructor
393c923cb	e1d52ae47	Thu Apr 6 00:52:52 2023 +0000	pw_build: Use symlink_prefix for bazel outputs
9385b7fe5	467434edd	Tue Apr 4 23:30:06 2023 +0000	pw_{bytes, protobuf, rpc, tokenizer}: Fix typo
a671e7e28	1f602bf90	Mon Apr 3 18:32:33 2023 +0000	pw_boot: Fix Bazel BUILD file format
7a18e01a7	864ea9738	Wed Mar 29 03:21:44 2023 +0000	pw_stream: Fix comparison between socklen_t and size_t
dac14e83a	277721561	Wed Mar 29 00:22:05 2023 +0000	pw_cli: Fix process exit success log level
277721561	e6df48919	Tue Mar 28 22:38:53 2023 +0000	pw_build: Only apply the first file prefix map
e6df48919	d8ef2b1dc	Tue Mar 28 22:37:38 2023 +0000	pw_build: Fix file prefix mapping
d46e9db79	1b25f24ff	Mon Mar 27 23:26:19 2023 +0000	pw_rpc: Fix unitialized variables
25f7517b2	9ebbc8d30	Thu Mar 23 20:44:05 2023 +0000	pw_presubmit: Fix reland matching
8acb687af	876c679f1	Thu Mar 23 02:19:10 2023 +0000	pw_containers: Fix InlineQueue::back() implementation
ccf6bd5c0	6e6232b77	Tue Mar 21 18:00:56 2023 +0000	pw_console: Fix search-previous default key bind
3774cc60e	2ccdca356	Mon Mar 20 22:19:51 2023 +0000	pw_build: Fix documentation formatting
b91d971dd	95b6fe302	Mon Mar 20 14:56:40 2023 +0000	pw_protobuf: Fix encoder_ and decoder_fuzzers
8ab5125b8	cc863d58d	Sat Mar 18 00:59:08 2023 +0000	pw_bluetooth_hci: Fix uart_transport_fuzzer
cc863d58d	db944d9c2	Fri Mar 17 23:20:20 2023 +0000	pw_fuzzer: Fix example fuzzer
f84725104	ee2fdd97a	Fri Mar 17 16:58:47 2023 +0000	pw_stream: Fix typo in Reader documentation
11436fd01	5b670fb60	Wed Mar 15 21:20:36 2023 +0000	pw_async: Create FakeDispatcherFixture
5b670fb60	c2df1e494	Wed Mar 15 19:57:19 2023 +0000	python: Fix typing for pyserial
94652391b	870f297f2	Tue Mar 14 20:21:44 2023 +0000	pw_web: Fix printf decoder to work with varints
c59e42b1d	87d408e2b	Fri Mar 10 20:43:27 2023 +0000	pw_software_update: Fix build errors/warnings
f8c65b10c	b2ce96add	Wed Mar 8 22:46:50 2023 +0000	pw_stream: Fix SocketStream compilation on macOS
3c009a626	60185d5dd	Wed Mar 8 20:22:16 2023 +0000	pw_{doctor,env_setup}: Fix Rosetta setting parsing
41dbbf838	a864ca328	Tue Mar 7 22:29:46 2023 +0000	pw_log_tokenized: Fix missing docs; switch to Doxygen
a864ca328	d3226bdf0	Tue Mar 7 20:32:55 2023 +0000	pw_bluetooth: Fix "emboss_test" GN target when emboss is disabled
dd5174015	baf04adc2	Mon Mar 6 20:24:42 2023 +0000	pw_watch: Auto rebuild and logging fixes
962a0df16	9d2776bed	Sat Mar 4 03:00:03 2023 +0000	build: Fix compilation warnings for GCC 12
91243c485	5c696b905	Wed Mar 1 02:02:11 2023 +0000	pw_watch: Fix restart slug messages and colors
9c09f082a	35e5838ac	Tue Feb 28 01:40:37 2023 +0000	pw_sys_io_stm32cube: Bazel build fix
35e5838ac	5ee7b6018	Tue Feb 28 01:39:35 2023 +0000	pw_system: Bazel build fixes
fcd55b318	9f63ca42c	Mon Feb 27 22:47:34 2023 +0000	pw_thread: Fix doc sample include file
6c56cf297	caa7795f0	Mon Feb 27 19:34:46 2023 +0000	docs: Fix path in getting_started.rst
caa7795f0	d5cbaa5c0	Mon Feb 27 19:27:31 2023 +0000	pw_log_rpc: Fix up module config for GN
39a47f6f6	f4b75d1cf	Thu Feb 23 20:47:14 2023 +0000	docs: Module card title fix
6ed549f33	3e6fc9721	Thu Feb 23 16:44:35 2023 +0000	pw_cli: Fix logging msec format
3e6fc9721	d97487d61	Thu Feb 23 01:08:53 2023 +0000	docs: Fix malformed list in style guide
ac72ed40c	a6439d374	Wed Feb 22 20:13:46 2023 +0000	SEED-0102: Fix typo
5236545c5	f4f486e3d	Wed Feb 22 02:53:11 2023 +0000	pw_ide: Fix user/project settings delete on reset
d6fd800b3	328c5425f	Tue Feb 21 17:58:18 2023 +0000	zephyr: Fix wrong include path for kernel.h
4cbd4c4d8	bc199d255	Thu Feb 16 00:43:56 2023 +0000	pw_presubmit: Fix filter for source_in_build
e996d6318	bdb5dc796	Wed Feb 15 12:57:32 2023 +0000	pw_rpc: Fix mimxrt595_evk target
0b882220e	4c0b76e72	Tue Feb 14 21:44:49 2023 +0000	pw_presubmit: Fix source_is_in_build_files
a416328d3	c38310d7a	Fri Feb 10 18:41:37 2023 +0000	pw_build/python_dist/setup: Fix space handling
1ca7ae068	09b23d4c8	Thu Feb 9 19:11:05 2023 +0000	pw_cli: Fix pw watch example in help
63c06ece7	f99c64800	Mon Feb 6 21:56:56 2023 +0000	pw_presubmit: Fix parsing triggers file
55eaf3d26	83b5dc0b7	Mon Feb 6 17:11:08 2023 +0000	SEED: Fix link to index
bfc170d6e	376cbc1f5	Thu Feb 2 00:16:07 2023 +0000	pw_rpc: Fix callback synchronization issues
376cbc1f5	ffdff1527	Thu Feb 2 00:04:59 2023 +0000	pw_span: Fix function name typo in docs
3865a74f0	00e693c6f	Tue Jan 31 23:19:08 2023 +0000	pw_presubmit: Ignore some Python debug output
500dbcca8	f19e9283a	Tue Jan 31 02:36:19 2023 +0000	pw_env_setup: Fix log line
4855987e3	f4296c1d2	Fri Jan 27 16:00:04 2023 +0000	pw_build: Fix inaccurate \'num started\' display in wrap-ninja
4d5321e52	7cfb2d39a	Wed Jan 25 23:40:51 2023 +0000	pw_unit_test/cmake: Fixes unit test source file compiler warnings
37b4dc8db	02c2e1224	Tue Jan 24 22:43:06 2023 +0000	pw_unit_test/test_runner: Only debug log on success
16c90ac21	5133ef1ba	Thu Jan 19 23:34:01 2023 +0000	pw_tls_client: Fix typos in names
a76c42163	22372451c	Tue Jan 17 21:03:46 2023 +0000	pw_tokenizer: Fix _DatabasePath.__init__()
b0098bf10	4e802589e	Tue Jan 17 19:44:05 2023 +0000	pw_rpc: Fix variable naming style in Java client test
4e802589e	96665e80f	Tue Jan 17 19:10:00 2023 +0000	pw_env_setup: Fix \'pw package\' regression
723880e79	858b99a34	Fri Jan 13 18:55:56 2023 +0000	pw_random: Fix implicit conversions in RandomGenerator
2f64ed406	aabb87ddf	Thu Jan 12 22:16:15 2023 +0000	pw_{span,checksum}: Fix span_impl.h visibility; remove improper includes
38d4c76da	d07c15b6d	Thu Jan 12 01:21:50 2023 +0000	pw_rpc: Move fixed properties to a bit field
eac2c8ab9	d8516dc78	Tue Jan 10 21:18:18 2023 +0000	pw_digital_io: Fix small typo in the docs
a6aa08278	b7f78529e	Mon Jan 9 20:04:38 2023 +0000	pw_{assert,cpu_exception_cortex_m}: Remove references to pwbug/17
603eab797	db5bc5d97	Wed Jan 4 14:12:45 2023 +0000	pw_presubmit: Fix uninitialized root variable
1856c570b	4746ad5f1	Tue Jan 3 23:52:04 2023 +0000	pw_presubmit: Fix handling of context managers
150e4b354	ad3479f85	Tue Jan 3 22:58:35 2023 +0000	pw_presubmit: Fix issue with substeps
bf1f33cca	b7fbf3d64	Tue Dec 20 19:30:45 2022 +0000	pw_result: Fix death tests that expected specific error msg
b77c6b7dd	70dadfbd4	Thu Dec 15 21:48:12 2022 +0000	build: Fix pw_module_tests name
70dadfbd4	8f26aa1ec	Thu Dec 15 21:46:59 2022 +0000	pw_tokenizer: Fix missing <cstring> include in test code
8f26aa1ec	d414ed4b8	Thu Dec 15 21:45:47 2022 +0000	pw_string: Fix missing <cstring> include in test code
d414ed4b8	e5c40bc9a	Thu Dec 15 21:44:53 2022 +0000	pw_stream: Fix missing <cstring> include in test code
e5c40bc9a	ce78961c7	Thu Dec 15 21:43:39 2022 +0000	pw_span: Fix missing <cstring> include in test code
ce78961c7	a0cc8f174	Thu Dec 15 21:42:36 2022 +0000	pw_ring_buffer: Fix missing <cstring> include in test code
a0cc8f174	9f1f6cff7	Thu Dec 15 21:41:36 2022 +0000	pw_protobuf: Fix missing <cstring> include in test code
ef77df26d	f02b7824f	Thu Dec 15 18:27:24 2022 +0000	pw_containers: Fix missing <cstring> include in test code
f02b7824f	a525fc542	Thu Dec 15 18:21:56 2022 +0000	pw_hdlc: Fix missing <cstring> include in test code
96521c559	2a32a05c6	Wed Dec 14 15:59:07 2022 +0000	pw_trace: Fix trace_facade_test deps
2a32a05c6	9d8574b71	Wed Dec 14 15:49:33 2022 +0000	pw_minimal_cpp_stdlib: Fix missing deps on tests
288307db9	3cbbfe6fe	Tue Dec 13 22:16:51 2022 +0000	pw_containers: Fix filtered_view missing public deps
3cbbfe6fe	2a2659d3b	Tue Dec 13 21:26:16 2022 +0000	pw_assert: Fix missing pw_status dependency on assert_test
c8ada68c5	74355c8ec	Tue Dec 13 21:05:26 2022 +0000	fuchsia: Fix missing pw_assert dependency
74355c8ec	4b298f357	Tue Dec 13 21:03:42 2022 +0000	pw_kvs: Fix missing pw_span include in span_traits.h
6ecba3c7f	dd46333a1	Mon Dec 12 19:23:43 2022 +0000	pw_vector: Add constexpr max_size() for fixed-sized vector
dd46333a1	f93c97407	Mon Dec 12 18:58:51 2022 +0000	zephyr: Fix Zephyr include warning
9746313c9	ec163938c	Mon Dec 12 17:35:15 2022 +0000	pw_rpc: Fix build for sample Zephyr project
06b03b39d	31e29acd0	Sat Dec 10 01:16:37 2022 +0000	pw_perf_test: Fixed wrong call to TimerCleanup() for on-device
7485f3cd9	7a426afcd	Wed Dec 7 20:44:27 2022 +0000	pw_transfer: Fix handshake retransmission bug in Python client
bd34f6d40	f76efa34e	Tue Dec 6 01:39:32 2022 +0000	pw_hdlc: Small bazel BUILD file fix
e173883f5	5eb55d9a0	Tue Dec 6 01:29:16 2022 +0000	pw_work_queue: Fix bazel build
5eb55d9a0	6df154d1e	Tue Dec 6 00:09:55 2022 +0000	pw_console: Fix mouse handler typo
5dc8f94ab	e32e1b901	Mon Dec 5 20:33:42 2022 +0000	pw_perf_test: Fix unused variable warning in tests
54725fac8	08c7b7735	Thu Dec 1 22:42:14 2022 +0000	pw_build: Git repo location fix
08c7b7735	fe3007ee0	Thu Dec 1 22:14:35 2022 +0000	pw_transfer: Fix crash with failed handler prepare in v2
25054d89e	8659ed599	Wed Nov 30 20:33:56 2022 +0000	pw_crypto: Fix Bazel build
8659ed599	07b511bc4	Wed Nov 30 19:30:26 2022 +0000	pw_rpc: Fix error with disable_global_mutex
48f142c72	c0c54cd41	Wed Nov 30 17:58:19 2022 +0000	pw_trace: Fix special-member-functions warning
c0c54cd41	bea4feb49	Wed Nov 30 16:49:03 2022 +0000	pw_hex_dump: Fix output for short single line
cb6344994	e1f50f128	Tue Nov 29 19:51:47 2022 +0000	targets/mimxrt595_evk: Fix bazel wildcard build
e1f50f128	f402d86c0	Tue Nov 29 19:41:35 2022 +0000	pw_transfer: Fix logging the protocol version
a47d7bf85	b1b1dc1fc	Tue Nov 29 19:01:38 2022 +0000	targets/rp2040: Fix bazel wildcard build
60edd8447	8cb21dbd9	Tue Nov 29 18:18:51 2022 +0000	targets/stm32f429i_disc1: Fix bazel build
8cb21dbd9	81c4dd54e	Tue Nov 29 18:02:01 2022 +0000	pw_cpu_exception_cortex_m: Fix bazel build
4325afa91	b429b75a4	Tue Nov 29 04:46:19 2022 +0000	pw_thread_embos: Fix wildcard build
157aec856	50f06558b	Tue Nov 15 22:09:04 2022 +0000	pw_transfer: Fix integration test flakes
50f06558b	270398c64	Tue Nov 15 19:51:14 2022 +0000	pw_sys_io_baremetal_stm32f42: Fix kReadDataReady comment
9fd59843f	40ac26f5f	Mon Nov 14 23:38:20 2022 +0000	pw_containers: Fix test name typo
40ac26f5f	e1d827821	Mon Nov 14 23:24:23 2022 +0000	pw_presubmit: Argparse help fix
6a9c53493	12cfb2439	Mon Nov 14 18:14:54 2022 +0000	pw_transfer/cmake: Fixup build rule typo
f61993aad	f7c3a1e61	Sat Nov 12 01:56:00 2022 +0000	pw_protobuf: Put codegen in a ::pwpb suffix namespace
477e63c19	ba3b60e79	Fri Nov 11 16:28:03 2022 +0000	pw_build/cmake: Fix pw_add_facade to support all arguments
9edd0f3b6	d182d6e65	Thu Nov 10 23:00:28 2022 +0000	pw_rpc/system_server: Fix broken CMake support
6234609ef	bb63a88be	Wed Nov 9 22:03:06 2022 +0000	pw_software_update: Fix the wildcard build
c5dd24733	b7088f683	Wed Nov 9 19:25:29 2022 +0000	third_party/rules_proto_grpc: Fix tags handling
afd56d0f8	b2e3a492a	Tue Nov 8 22:03:45 2022 +0000	pw_snapshot: Fix wildcard build
b2e3a492a	442715a9d	Tue Nov 8 21:19:15 2022 +0000	pw_persistent_ram: Bazel build fixes
442715a9d	2b315d9a5	Tue Nov 8 20:13:28 2022 +0000	pw_metric: Fix bazel build
9bade08ac	9769e12b0	Tue Nov 8 18:18:59 2022 +0000	pw_file/pw_blob_store: Fix bazel build
fd8cb39ec	cdd4c40ca	Tue Nov 8 03:49:49 2022 +0000	pw_presubmit: Another attempt fixing CI breakage
cdd4c40ca	aedfb7400	Tue Nov 8 02:32:23 2022 +0000	pw_tokenizer: Fix bazel wildcard build
c60ddfb59	f4735a5a2	Tue Nov 8 01:29:01 2022 +0000	pw_tls_client_mbedtls: Fix bazel wildcard build
0c8502951	5d04b10e0	Tue Nov 8 00:28:48 2022 +0000	pw_log_string: Fix Bazel build
5d04b10e0	4323dec72	Tue Nov 8 00:28:05 2022 +0000	pw_tls_client_boringssl: Fix bazel wildcard build
306da12dd	f737777a6	Mon Nov 7 20:17:14 2022 +0000	pw_string: Fix reference to pw::InlineString
f737777a6	8c480d4b3	Mon Nov 7 19:30:28 2022 +0000	pw_multisink: Fix drop count after PeekEntry()
8c480d4b3	64ef8c9bc	Mon Nov 7 17:36:12 2022 +0000	docs: Update bug tracker links
1f0979290	b9def2cbc	Mon Nov 7 17:33:01 2022 +0000	third_party/stm32cube: Fix for C++20
47f897df3	55bb473ef	Fri Nov 4 21:41:41 2022 +0000	pw_kvs: Fix bazel build
54f94bb71	b3d5cebf0	Fri Nov 4 21:03:34 2022 +0000	pw_log_null: Fix Bazel build
c1fe91863	c12ba8d17	Fri Nov 4 02:31:49 2022 +0000	pw_build: Fix TODO
b04586c85	1b782192f	Thu Nov 3 22:13:51 2022 +0000	pw_thread_threadx: Fix wildcard build
1b782192f	3c1d40c80	Thu Nov 3 21:12:14 2022 +0000	pw_trace: Fix backends that don\'t support all trace macros
b11dfc5ea	d6577b923	Tue Nov 1 16:14:11 2022 +0000	pw_thread: Fix uintptr_t hex formatting
d6577b923	67507e8b3	Tue Nov 1 15:47:18 2022 +0000	pw_compilation_testing: Fix link in docs
4a2d8b56f	ea74326f1	Fri Oct 28 16:22:04 2022 +0000	pw_transfer: Fix larger than intended port numbers
0a4778199	b90363bd1	Thu Oct 27 00:05:25 2022 +0000	pw_transfer: Fix pw_thread_stl header dependency in tests
388873f85	5ba213783	Mon Oct 24 16:29:06 2022 +0000	pw_env_setup: Fix kythe CIPD file
51b0e627d	f488ae95f	Fri Oct 21 01:34:03 2022 +0000	pw_presubmit: Add ignore-prefix to keep-sorted
751fe77e9	62d241f92	Tue Oct 18 23:30:24 2022 +0000	pw_cli: Add separate log with debug logging
4af599f07	64e82a93e	Mon Oct 17 21:40:54 2022 +0000	pw_transfer: Fix integration test CLI arguments
8ff95d19c	043d70a6e	Fri Oct 14 22:20:48 2022 +0000	pw_thread: Fix support for multiple facades in the same module
2740259b8	affcbf75d	Wed Oct 12 22:12:08 2022 +0000	pw_presubmit: Support multiple bugs
712b9f77b	28c29f5fd	Tue Oct 11 23:26:14 2022 +0000	pw_rpc: Documentation fixes
28c29f5fd	357f75ee5	Tue Oct 11 23:08:14 2022 +0000	targets/stm32f429i_disc1: Bazel fixes to pre_init
dd639d49a	b4de1bfeb	Tue Oct 11 22:11:40 2022 +0000	pw_sys_io_baremetal_stm32f429: Bazel build fixes
058e4c623	42571472c	Tue Oct 11 21:36:27 2022 +0000	pw_presubmit: Fix docs for pragma_once check
d056ab3ad	d279c5ee1	Fri Oct 7 19:40:28 2022 +0000	docs: Fix emphasized code line highlighting
b750dc7a1	07fe68bff	Thu Oct 6 00:41:07 2022 +0000	pw_ide: Fix symlinks on Windows
24c4722fa	26cfd3512	Wed Oct 5 22:31:34 2022 +0000	pw_transfer: Make integration tests fixture library
405c058ff	d1c169211	Mon Oct 3 16:35:17 2022 +0000	pw_transfer: Work around a GCC 11 to 12.1 bug
e05bff349	b315b31cf	Fri Sep 30 21:26:12 2022 +0000	pw_build: Minor doc formatting and spelling fix
b315b31cf	2b3de5206	Fri Sep 30 18:44:01 2022 +0000	pw_transfer:  Fix File Transfer Handler
340b0802a	4523f2b46	Tue Sep 27 19:06:28 2022 +0000	pw_bloat: Fix default data source
872bb2b15	89056eab6	Tue Sep 27 00:31:52 2022 +0000	pw_software_update: Fix recursive lock acquisition in nanopb service
89056eab6	37d9c872d	Mon Sep 26 23:38:07 2022 +0000	pw_software_update: Fix recursive lock acquisition
df6f1d5e7	e2549f9fd	Mon Sep 26 21:19:26 2022 +0000	pw_thread_freertos: Fix peak stack usage capture size
578c05bd7	5e6ec727f	Mon Sep 26 19:57:15 2022 +0000	pw_unit_test: Fix forward for result sink bug
9ef91a13a	f5c5c1f7d	Fri Sep 23 19:07:24 2022 +0000	pw_env_setup: Fix order of PATH
632c6053e	8358a0210	Fri Sep 23 18:01:33 2022 +0000	pw_sync: Fixed InlineBorrowable constructor ambiguity
566dda4bd	fe2bac54d	Wed Sep 21 21:09:58 2022 +0000	pw_ide: fix clangd wrapper indentation
fe2bac54d	13c4afc0a	Wed Sep 21 21:04:28 2022 +0000	hdlc: fix incorrect Zephyr library link
8abcfa737	3fcb94379	Mon Sep 19 23:17:42 2022 +0000	pw_containers: Fix variables in filtered_view_test
55f7eca40	bcd53dbe3	Mon Sep 19 19:08:26 2022 +0000	pw_rpc: Fix __repr__ for UnaryResponse in Python client
2e7d5a25e	02abd923d	Fri Sep 16 23:47:11 2022 +0000	third_party/pico_sdk: Minor build file fixes
5bc399c5a	2fb0beee6	Fri Sep 16 21:46:52 2022 +0000	pw_compilation_testing: Fix to work with 3.8
161644d11	d910aa4f7	Fri Sep 16 14:04:37 2022 +0000	pw_spi: Spelling error fixes to docs and comments
1fec0b010	364991493	Fri Sep 16 00:30:45 2022 +0000	pw_bloat: Fix source filter
399048cf6	cd52bad9a	Thu Sep 15 21:49:49 2022 +0000	pw_rpc: Fix size report
cd52bad9a	5bef89438	Thu Sep 15 21:15:43 2022 +0000	pw_console: Log redraw fix
99fb0e76c	726872311	Tue Sep 13 16:36:40 2022 +0000	pw_software_update: Fix some compiler warnings
613b20f4c	5c97511c1	Mon Sep 12 19:09:38 2022 +0000	cmake: Extends and fixes CMake support to several modules
4e7d9a1ae	40e12bebc	Fri Sep 9 22:35:17 2022 +0000	pw_watch: Fix startup exception
aa32c6726	29952ed4a	Thu Sep 8 20:21:19 2022 +0000	pw_rpc: Update docs to reference FixedMtuChannelOutput
121670935	5c0a76014	Thu Sep 8 17:32:58 2022 +0000	assert_zephyr: fix incorrect assert
444f88a45	634eb3bf8	Wed Sep 7 17:35:15 2022 +0000	pw_protobuf: Fix duplicated WriteRepeatedFixed64()
34d3f7309	2b9ac8f0d	Fri Sep 2 21:35:58 2022 +0000	pw_metric: Fix path to MetricService
2b9ac8f0d	4a117c70b	Fri Sep 2 20:32:10 2022 +0000	pw_bloat: Fix double printing ASCII table
9a7e6a454	25c193a34	Thu Sep 1 23:01:43 2022 +0000	pw_bloat: Fix broken size report on pw_bloat docs
25c193a34	01d057010	Thu Sep 1 22:13:48 2022 +0000	pw_string: Fixed-capacity string class similar to std::string
e5ed83c11	bdcf2402b	Thu Sep 1 21:21:09 2022 +0000	docs: Fix public headers description
65c3d9bd7	7681b28af	Thu Sep 1 05:20:35 2022 +0000	zephyr: Fixup ToT to support Zephyr builds
b62a81731	e7240fd02	Wed Aug 31 20:41:43 2022 +0000	pw_bloat: Fix data sources GN template
84632a32c	53010f470	Wed Aug 31 17:43:07 2022 +0000	pw_web: Fix type definition errors by keeping them unbundled instead
cdb558fa1	1827725a5	Tue Aug 30 18:06:12 2022 +0000	pw_bloat: Fix broken size reports
17d9b88fe	63d04ecbd	Tue Aug 30 17:16:21 2022 +0000	pw_system: Console log files and busy wait fix
63d04ecbd	8c5bb4505	Tue Aug 30 16:47:29 2022 +0000	pw_tokenizer: Fix out-of-bounds access
7fdd09cc7	ce7bb911c	Mon Aug 29 18:56:21 2022 +0000	Add TotalSizeBytes to PrefixedEntryRingBuffer
fbf06e633	d5524c808	Fri Aug 26 16:44:22 2022 +0000	pw_thread_freertos: Fix peak stack usage capture
a35521634	c9b6641d2	Thu Aug 25 23:16:15 2022 +0000	pw_env_setup: Fix variable name typo
c9b6641d2	28e3e78ce	Thu Aug 25 23:14:06 2022 +0000	pw_kvs: Fix out-of-bounds access
ab1da374d	80f993e8f	Thu Aug 25 20:38:21 2022 +0000	pw_bluetooth_hci: Fix out-of-bounds access
2b01f4aa6	cfe506d01	Thu Aug 25 20:17:54 2022 +0000	Fix \'-w\' build configuration leak
5c14b457a	d8e0d6767	Thu Aug 25 16:17:56 2022 +0000	pw_allocator: Fix implicit narrowing warnings
a4ac59dee	38de4835c	Wed Aug 24 21:29:39 2022 +0000	Fix typo in getting started guide
57456a425	ecbee8d9a	Mon Aug 22 19:21:00 2022 +0000	pw_env_setup: Fix outdated docstring
fc5105ad7	3a5e776d3	Thu Aug 18 22:21:38 2022 +0000	pw_build: Fix bug in has_pw_assert_dep
957559893	c85124072	Thu Aug 18 17:49:21 2022 +0000	pw_tokenizer: Expand GCC bug section with examples
c85124072	fd089fd0f	Thu Aug 18 17:48:23 2022 +0000	pw_tokenizer: Fix using constexpr vars with EXPR macros
9201c4626	0e48ef2f7	Wed Aug 17 23:02:48 2022 +0000	pw_build: Fix python_metadata_deps
475ac5a34	4b662fdcc	Wed Aug 17 19:00:14 2022 +0000	pw_boot_cortex_m: Fix nobits sections in lld
b7fe5db48	dbe5a878e	Tue Aug 16 20:29:03 2022 +0000	Remove references to closed bug pwbug/363
d4ab5e2da	93a7ca618	Mon Aug 15 22:30:26 2022 +0000	Fix or update references to pwbug/387
93a7ca618	53df37a18	Mon Aug 15 21:50:48 2022 +0000	pw_build_info: Fix linux build ID compatibility
f21618bae	3bac75d77	Mon Aug 15 18:40:09 2022 +0000	pw_toolchain: Fix OSS Fuzz libc++ not found
61d60d39e	ee57f5c14	Fri Aug 12 19:06:01 2022 +0000	pw_env_setup: Cleanup pwbug/67 TODOs
1f8726143	9f9ba88fa	Thu Aug 11 00:54:09 2022 +0000	pw_software_update: Fix some bazel targets
b4be8f60c	61dbb62d0	Wed Aug 10 17:46:57 2022 +0000	pw_rpc: Fix for test_method_context.h with XT-Clang
ee0343d67	69de7ce6b	Wed Aug 10 17:19:21 2022 +0000	pw_rpc: Update TODOs from pwbug/507 to b/242059613
b417ba7d6	eecf63ba8	Tue Aug 9 21:47:18 2022 +0000	pw_console: Fix floating window check
2499dffac	85c4cfc5e	Mon Aug 8 21:10:34 2022 +0000	pw_protobuf_compiler: Fix typo in "nanopb" string
75ba9d217	ca6de894c	Fri Aug 5 22:27:15 2022 +0000	bazel: Fix BUILD.bazel files for a few modules
a6437239c	ccdb23467	Fri Aug 5 17:51:26 2022 +0000	pw_tokenizer: Fix BUILD.bazel
6638f775a	a5062524d	Fri Aug 5 00:39:13 2022 +0000	third_party/fuchsia: Fix preprocessor check
492d25bf0	a555370f6	Thu Aug 4 22:47:03 2022 +0000	pw_build_info: Fix sources_in_build_files
82ce71e4a	08f19c1bd	Thu Aug 4 00:49:02 2022 +0000	python: Fixes to support building with PyOxidizer
cc08ad371	cf68738b2	Wed Aug 3 23:56:52 2022 +0000	pw_containers: Fix IntrusiveList docs
c99240b90	53d0f363b	Wed Aug 3 21:34:23 2022 +0000	third_party/fuchsia: Fix and suppress Pigweed compiler warnings
cdb162988	44413963c	Sat Jul 30 00:01:52 2022 +0000	pw_build: Python package fixes
71b85f80d	07a61ccf0	Fri Jul 29 23:09:50 2022 +0000	pw_log_rpc: Fix out-of-range memory access
9ac358b4b	ec6afbf82	Fri Jul 29 18:47:20 2022 +0000	pw_boot_cortex_m: Fix function definition
37900449b	af4908eb7	Fri Jul 29 05:19:40 2022 +0000	pw_presubmit: Fix code format exclusions; match paths without filters
f592cfa7f	0788554f1	Fri Jul 22 18:28:16 2022 +0000	pw_rpc: Fix if IDs are negative
922498d30	8eeef8a11	Thu Jul 21 19:43:38 2022 +0000	pw_rpc: Fix RPC MTU allocations
8eeef8a11	5475bb925	Thu Jul 21 19:39:58 2022 +0000	pw_hdlc: Add FixedMtuChannelOutput
28261cb99	6701009d0	Thu Jul 21 03:06:14 2022 +0000	pw_sys_io_zephyr: fix missing dependencies
929f2ab00	31bfdc5c1	Wed Jul 20 03:24:34 2022 +0000	pw_presubmit: Add filter for filename or suffix
171c74adf	098e07d84	Tue Jul 19 22:56:35 2022 +0000	pw_random: Fix handling of 32-bit entropy
dfef993dc	972a0b9da	Tue Jul 19 19:40:33 2022 +0000	pw_rpc: Fix RPC code generation when there is no package
972a0b9da	953968284	Tue Jul 19 18:22:33 2022 +0000	pw_string: Add static casts to fix clang warnings
953968284	889a19194	Tue Jul 19 17:42:20 2022 +0000	pw_presubmit: Fix C* file formatting
bba19361f	18e775966	Tue Jul 19 16:34:03 2022 +0000	zephyr: fix build for chameleon and ToT Zephyr
4c9b8e629	1554801ed	Mon Jul 18 18:14:12 2022 +0000	pw_sync_baremetal: Fix aliases and add missing include
c07f6dea1	fc0f89b84	Tue Jul 12 02:06:14 2022 +0000	pw_software_update: Fixes for the optional BlobStoreOpenableReader
c3bb2f12b	900b569d9	Thu Jun 30 21:17:06 2022 +0000	Replace some pwbug/### TODOs with b/###
0daafccb9	26c7a1332	Wed Jun 29 22:47:03 2022 +0000	Replace some pwbug/### TODOs with b/###
abe1ca33e	ac3ca982d	Wed Jun 29 17:39:37 2022 +0000	third_party/rules_proto_grpc: Fixes include bug
241f55f88	42c5b6b5a	Tue Jun 28 21:57:36 2022 +0000	pw_ring_buffer: Fix span dependency
2ba0413a1	3f78d8202	Tue Jun 28 18:43:27 2022 +0000	pw_toolchain: Fix clang-tidy.py multi-arg support
3f78d8202	a0292ae2d	Tue Jun 28 17:29:37 2022 +0000	Fix typo in OS abstraction docs
92539ea91	1050932ec	Mon Jun 27 17:45:11 2022 +0000	pw_digital_io: Fix provides_*() visibility
1050932ec	116fb0d6c	Mon Jun 27 16:35:51 2022 +0000	pw_system: Fix typo in freertos_target_hooks
84e4983da	738475b81	Fri Jun 24 18:17:52 2022 +0000	pw_digital_io: fix typo in docs
06cb12088	a44a70a1b	Wed Jun 22 22:32:24 2022 +0000	docs: Update a path and fix a typo
922a15193	b483499d4	Wed Jun 22 18:11:23 2022 +0000	pw_build_info: Fix bazel build
b483499d4	704aebc4a	Wed Jun 22 17:16:33 2022 +0000	Fix minor doc errors
be1b751a7	b030b954f	Tue Jun 21 20:49:01 2022 +0000	pw_protobuf: Fix names that collide with internals
6f87d9d1d	760cf68c3	Tue Jun 21 19:34:43 2022 +0000	pw_rpc: Fix Android.bp spec
cf60b1cdd	d7431f4e1	Fri Jun 17 21:08:25 2022 +0000	pw_transfer: Fix when to write Chunk::PendingBytes
5c9007f0b	82e526ca4	Thu Jun 16 20:52:47 2022 +0000	pw_tokenizer: Fix decode string size type
82e526ca4	1b338eb8c	Thu Jun 16 20:52:26 2022 +0000	pw_log: Fix typo in docs
baeb299ac	62b5e0502	Wed Jun 15 21:56:46 2022 +0000	pw_tokenizer: Fix the bazel build
b641ad950	55b450bcd	Wed Jun 15 20:47:44 2022 +0000	pw_sync: Fix the bazel build
8942b08c4	67bc89cdd	Tue Jun 14 14:03:59 2022 +0000	pw_presubmit: Update bug ID in TODO
1b316704b	c3bdb8abc	Mon Jun 13 23:57:28 2022 +0000	targets: Fix heading levels in each target_docs.rst
9a41bfeb2	19f3a3d10	Mon Jun 13 23:26:25 2022 +0000	pw_protobuf: Don\'t write empty fixed sized fields
8f284fc0a	e29b5fd0b	Fri Jun 10 00:50:53 2022 +0000	pw_protobuf: Fix documentation mistake
48a8cf308	d48a5727b	Thu Jun 9 18:24:15 2022 +0000	pw_protobuf: Auto-fix reserved C++ identifiers
1e758d933	a60f3fdca	Wed Jun 8 04:38:23 2022 +0000	pw_assert_basic: Fix bazel build
0e7ff8d72	cb087eb9b	Mon Jun 6 21:21:42 2022 +0000	pw_kvs: Fix up dependency and include errors
062ac1038	64aef08e8	Tue May 31 21:49:00 2022 +0000	pw_assert_log: Fix lite backend .impl name
64aef08e8	e8f3e42c2	Tue May 31 21:41:41 2022 +0000	C++20 compatibility fixes
afe420917	cea5fd2b1	Wed May 25 04:24:58 2022 +0000	targets/emcraft_sf2_som: Add linker script for debugging
f2da954b8	be690a1a0	Mon May 23 23:12:19 2022 +0000	pw_function: Fix fbl::Function link
9816c3590	714c790bd	Mon May 23 18:01:20 2022 +0000	pw_string: Fix the warning of format string
c70fb5663	936601ef6	Thu May 19 21:54:59 2022 +0000	pw_console: Early log message arrival fix
936601ef6	7b02579c0	Thu May 19 21:25:29 2022 +0000	pw_system: Console fixes
c835e4c9a	a7ac227c9	Tue May 17 17:16:22 2022 +0000	gtest: Fix up various tests to pass upstream googletest
5c2e2c686	d21727295	Mon May 16 23:39:31 2022 +0000	pw_kvs: Fix post-increment for EntryCache
72b7e34de	3feef6a35	Sat May 14 01:19:17 2022 +0000	lm3s6965evb_qemu: Fix clang build
4375777a4	38f1a8c74	Wed May 11 21:48:53 2022 +0000	pw_snapshot: bazel build file fixes
e2070c01d	253e2a146	Wed May 4 00:31:28 2022 +0000	pw_env_setup: Fix :python.tests target
253e2a146	be0fe60f9	Tue May 3 22:35:47 2022 +0000	pw_rpc: pwpb bazel fixes
1fb05bd22	6fff19d59	Fri Apr 29 23:44:53 2022 +0000	pw_blob_store: Fixes bug in size reports
49098a444	f22e4ab3f	Fri Apr 29 19:05:33 2022 +0000	pw_rpc: Add more debug logs
f22e4ab3f	fadddbc57	Fri Apr 29 17:25:33 2022 +0000	pw_build: Add deps, fix pip.lock file
bc8b985bb	b4eedaaac	Tue Apr 26 16:54:43 2022 +0000	pw_protobuf: Fix a number of out of range bugs
7d420a1dc	e8131f48c	Mon Apr 25 18:52:01 2022 +0000	python: Fix missing GN deps
e8131f48c	3d2ffeec7	Mon Apr 25 18:44:51 2022 +0000	Windows Fixes
6d46eaecc	35e9f415a	Fri Apr 22 00:46:51 2022 +0000	pw_stream: Fix seek when EOF
baf3e10f0	df6337b1e	Wed Apr 20 21:35:50 2022 +0000	pw_transfer: Fix bug in integration test
5b40a933e	92053f99d	Tue Apr 19 00:26:06 2022 +0000	pw_tokenizer: Fix indentation in docs
68ccf2bdc	d8f4d5d2e	Mon Apr 18 17:03:36 2022 +0000	pw_protobuf_compiler: Fix buildifier warnings
1ccd381bc	5ceb57ec7	Thu Apr 14 22:32:52 2022 +0000	pw_software_update: Minor fixes to remote_sign.py
b18d15b6f	b299006f7	Wed Apr 13 04:55:12 2022 +0000	pw_sync_freertos: Fix ThreadNotifications during vTaskSuspend
c16400152	9ad199a37	Sat Apr 9 01:17:33 2022 +0000	pw_{build, tokenizer}: Fix some typos
398e6923e	cfe054427	Wed Apr 6 19:56:10 2022 +0000	pw_build: Fix Ninja parser to support latest GN output
085e90576	b63381711	Tue Apr 5 19:26:39 2022 +0000	pw_log: Fix AndroidManifest.xml format
b63381711	03d14dcf1	Tue Apr 5 15:19:29 2022 +0000	pw_log: Fix Logger impl and build targets
6ff271a3c	29f95b9c9	Mon Apr 4 20:55:29 2022 +0000	pw_rpc: Expand debug logs for pw_rpc activity
92511aace	dc88a4faf	Fri Apr 1 22:39:24 2022 +0000	pw_watch: Fullscreen quit keybinding fix
a74c04985	eba38dc08	Fri Apr 1 18:58:54 2022 +0000	Add and fix pw_log/pw_log_android Android.bp targets
b7ed83932	ba414d66e	Thu Mar 31 02:39:40 2022 +0000	pw_watch: Fix watch_app styling for highlighting text and showing result
a1cd0344e	980b58d51	Thu Mar 24 20:35:04 2022 +0000	pw_bloat: docs typo fix
7a4c98afc	55790d462	Fri Mar 18 19:45:25 2022 +0000	pw_assert_tokenized: C compatibility fix
748f9021f	f499bb01e	Fri Mar 18 03:17:41 2022 +0000	pw_kvs: Fix iterator post-increment operator
6b2bbce41	7278d991e	Thu Mar 10 02:17:46 2022 +0000	pw_blob_store: Fix writer close with dirty write buffer
aab4c6e3d	812b7bfa4	Wed Mar 9 17:05:16 2022 +0000	third_party/stm32cube: Fix CORE_INIT visibility
28792b3c5	dbdd346fa	Tue Mar 8 22:33:05 2022 +0000	pw_result: Fix deref operator return values
d9226f2f4	2cf83d9b1	Fri Mar 4 05:06:22 2022 +0000	pw_software_update: Fix stalling GetStatus()
0a2a52269	f747b661b	Thu Mar 3 01:49:12 2022 +0000	pw_console: Fix invalid access on line buffer
f747b661b	b6bd4a580	Thu Mar 3 00:02:21 2022 +0000	pw_console: Bugfix for disabling follow mode
b6bd4a580	79525f59f	Wed Mar 2 23:10:21 2022 +0000	third_party/stm32cube: Fix CORE_INIT regression
aaac691e7	a7a35fe1a	Wed Mar 2 01:46:21 2022 +0000	pw_rpc: Fix lock.h from gcc bug
43108b884	1251e2e9b	Tue Mar 1 05:29:13 2022 +0000	pw_rpc: Work around bug in GCC 8
1fdfb1925	9357f336f	Thu Feb 24 00:33:03 2022 +0000	pw_env_setup: Fix bazel lint issue
2f2b7ae70	9a2ed75b4	Tue Feb 22 22:01:44 2022 +0000	pw_protobuf_compiler: Fix bazel lint issue
6e31eaf22	0ee2a5541	Thu Feb 17 00:52:00 2022 +0000	pw_console: Log message selection fixes
a3869aae2	7566bc801	Wed Feb 16 19:20:14 2022 +0000	pw_presubmit: Prefix Bazel build dirs with . in presubmit
a4d524335	bad6d2751	Wed Feb 16 17:56:15 2022 +0000	pw_console: Log message arrival performance fix
309e6ed81	b9acbb02f	Tue Feb 15 03:23:54 2022 +0000	targets/host_device_simulator: Fix docs
7348790be	9e2926734	Mon Feb 14 21:44:24 2022 +0000	docs: Fix broken internal links
e36b4cf88	acbafa156	Fri Feb 11 23:35:59 2022 +0000	pw_thread: Fix missing CMake dependency
a8fa24fab	40e37b46e	Thu Feb 10 21:09:29 2022 +0000	pw_cpu_exception_cortex_m: Fix {Process,Main}StackActive
f0d49553b	c8b15bfe1	Wed Feb 9 19:59:24 2022 +0000	pw_console: Fix to applying log filters from config files
9639d1cec	22ee114b1	Wed Feb 9 16:26:54 2022 +0000	pw_transfer: Fix disabled tests
5715ba8c7	6c9f7e16c	Wed Feb 9 03:52:36 2022 +0000	pw_rpc: Fix WaitForPackets()
c0dc8e0b8	9c7e57dde	Wed Feb 9 01:37:03 2022 +0000	pw_protobuf_compiler: Fixes to new proto codegen
dec8d5e52	931266b1f	Tue Feb 8 19:38:01 2022 +0000	pw_console: Bug fixes
2bd4adbca	f4f0c0e1d	Thu Jan 27 17:17:55 2022 +0000	pw_varint: Fix BUILD.gn typo
60d999d36	5be8099f8	Tue Jan 25 18:51:27 2022 +0000	pw_software_update: Minor stylistic fix
cefc6a7c9	a2af8fc32	Fri Jan 21 02:47:32 2022 +0000	pw_sync: Fix CMake yield_core target
6d1555dda	f6522afd3	Thu Jan 20 22:16:56 2022 +0000	pw_build: Fix Python Tree Tests
1af214dea	1efc17b52	Wed Jan 19 19:34:44 2022 +0000	pw_function: Fix for move-only types
64110f5e4	0c87be526	Sat Jan 15 01:48:01 2022 +0000	Fix the bazel build
0c87be526	36a1ef732	Sat Jan 15 00:22:49 2022 +0000	pw_rpc: ChannelOutput buffer handling fixes
e586e3cca	2a0d4d583	Fri Jan 7 22:51:59 2022 +0000	pw_presubmit: Fix git_repo.describe_files() output
16edd4074	89147b391	Fri Jan 7 01:49:15 2022 +0000	pw_rpc: Fix double mutex unlock
89147b391	7e13e366b	Fri Jan 7 00:11:54 2022 +0000	docs: Fix broken links
a40ce7674	be7f7f209	Mon Dec 20 21:43:34 2021 +0000	pw_package: Fix crlset package
be7f7f209	19f7a31c3	Mon Dec 20 21:18:54 2021 +0000	formatting: Fix C++ formatting after clang roll
a3363ba3b	070ebff77	Thu Dec 16 17:55:06 2021 +0000	pw_protobuf_compiler: Fix include file parsing
dbb0ba614	afa5137a1	Wed Dec 15 21:42:15 2021 +0000	pw_console: UI Bugfixes
50262fef2	5d8e12df9	Tue Dec 14 23:14:35 2021 +0000	pw_software_update: Fix issues
f6565f1b0	28072eb84	Sun Dec 12 18:20:11 2021 +0000	pw_protobuf: fix ReadDelimitedBytes read range
f228b4183	c62a2d2d6	Fri Dec 10 19:56:29 2021 +0000	docs: Fix broken link
59c3ac706	3e32619b5	Mon Dec 6 17:08:29 2021 +0000	Fix a typo in pw_thread_freertos
3e32619b5	4cdb51b54	Mon Dec 6 16:34:17 2021 +0000	pw_presubmit: Fix Check.with_filter()
64deb1498	46ae10a8f	Wed Dec 1 00:46:25 2021 +0000	pw_chrono: Fix PigweedClock docs formatting
46ae10a8f	a24f141ae	Wed Dec 1 00:31:56 2021 +0000	docs: Fix fuction signature indentation+color css
53f260084	09dd585c3	Mon Nov 29 18:21:54 2021 +0000	pw_rpc: Fix CMake build
04965817f	66f8d89db	Tue Nov 23 20:04:51 2021 +0000	pw_rpc: Fix CMake build
31c410523	0bfbdb435	Thu Nov 18 01:34:15 2021 +0000	docs: Fix link formatting
0bfbdb435	10a6b388b	Thu Nov 18 01:23:06 2021 +0000	pw_software_update/py: Fix typo
d159d5620	bcabcd78d	Wed Nov 17 22:03:53 2021 +0000	docs: Recommend "Fixed" rather than "Fixes"
1f4864873	39144b6f0	Wed Nov 17 20:51:43 2021 +0000	pw_console: Fix Python Repl focus issue
f1fdc5b50	4b4ebe18f	Wed Nov 17 20:07:53 2021 +0000	pw_trace_tokenized: Fix a data format bug in get_trace.py
a0358ec92	4b12552ee	Tue Nov 16 03:21:33 2021 +0000	pw_unit_test: Fix ASan issue; refactor
eba238f4d	13845149c	Mon Nov 15 23:53:32 2021 +0000	pw_transfer: Fix undefined behavior in memcpy
9a5210dc2	1b69a4ec6	Mon Nov 15 18:16:03 2021 +0000	pw_rpc: Prefix Nanopb struct names with "::"
1b69a4ec6	f4a44e742	Mon Nov 15 18:08:23 2021 +0000	docs: Assorted documentation fixes
94f791097	c2a4cfcaf	Sat Nov 13 02:06:53 2021 +0000	pw_trace_tokenized: Fixes ubsan caught bugs
e555900dc	353452c66	Fri Nov 12 22:58:38 2021 +0000	pw_string: Fix undefined behavior
e4413d153	40915503e	Fri Nov 12 20:21:47 2021 +0000	mbedtls: Fix GN file include error
020a371aa	9732a8efc	Fri Nov 12 00:37:52 2021 +0000	pw_blob_store: fix size reporting
61505e088	37d12c3f0	Wed Nov 10 17:44:41 2021 +0000	doc: Fix go/ link in style guide
d36b9c0ce	9657141e3	Tue Nov 9 17:30:19 2021 +0000	docs: Fixes to automated analysis doc
d5f83f9f9	33340fce5	Mon Nov 8 17:10:23 2021 +0000	pw_sync/mutex: Consistently debug assert against recursive locks
33340fce5	b34a154aa	Mon Nov 8 17:01:43 2021 +0000	pw_thread_embos/sleep: Fixes partial tick handling
0e1b11f87	1584fe209	Sat Nov 6 01:12:59 2021 +0000	pw_sync_freertos: Fix two TimedThreadNotification bugs
0211fdf8f	dd25904f4	Fri Nov 5 19:26:19 2021 +0000	pw_trace: Fix UB in fake_backend.h
dd25904f4	793fb44f0	Fri Nov 5 19:05:59 2021 +0000	pw_blob_store: Fix write buffer bug
96db33ed8	258171a23	Thu Nov 4 16:47:48 2021 +0000	pw_rpc: Fix error messages in TS code
7f1009ac7	cd2ce40d3	Wed Nov 3 16:16:12 2021 +0000	pw_presubmit: Fix bug in sanitizer presubmit
14a409e7b	33f15125b	Tue Nov 2 21:04:42 2021 +0000	pw_rpc: fix raw rpc codegen namespace error
ef6917c4b	f3b9d0d55	Mon Nov 1 20:32:52 2021 +0000	pw_software_update: Build fix
6d642e4a1	2b9060606	Thu Oct 28 16:49:43 2021 +0000	clang-tidy: Fix and enforce additional checks
be49c96e7	585a0c59e	Thu Oct 28 03:12:20 2021 +0000	pw_cpu_exception_cortex_m: Fix encoder usage
7939a6dd8	0ccbd55df	Wed Oct 27 18:09:38 2021 +0000	pw_web_ui: fix device_transport export
51a957723	736fb1719	Wed Oct 27 17:20:09 2021 +0000	pw_toolchain: Bugfix for http://pwrev/66484
736fb1719	c8bdc7d2f	Wed Oct 27 16:40:38 2021 +0000	pw_web_ui: Autoformat fixes
6c92e7788	966ba92b2	Mon Oct 25 23:13:08 2021 +0000	pw_build: Fix distributable setup.bat regression
93635bc1a	3c3281516	Mon Oct 25 18:15:38 2021 +0000	pw_software_update: fix pylint error
3c3281516	f78b220ac	Mon Oct 25 17:57:28 2021 +0000	pw_hdlc: Fix typo in TS library
b4c6bb553	69285347b	Thu Oct 14 03:34:02 2021 +0000	pw_base64: Fix variable style; reduce tests
588334095	bf9e3be8e	Thu Oct 7 23:31:56 2021 +0000	pw_sync: Fix method\'s classname
559dd9710	3aab7f6ce	Thu Oct 7 16:37:58 2021 +0000	pw_log: Fix log proto Bazel deps
070b5b076	31cace358	Wed Oct 6 17:33:28 2021 +0000	pw_env_setup: PyPI dist fixes
6b9f75c10	18e815f82	Sat Oct 2 00:10:57 2021 +0000	pw_console: Progress bar fix
22f2d1949	7f1195b1a	Fri Oct 1 23:33:34 2021 +0000	pw_presubmit: Fix clang-tidy
254ec7663	ff057e8ff	Tue Sep 28 00:43:34 2021 +0000	pw_blob_store: Fix init when using a file name
4c467d30d	0128d2519	Fri Sep 24 23:50:15 2021 +0000	pw_transfer: Python client and C++ service fixes
61492b19f	960f5df3c	Fri Sep 24 20:33:37 2021 +0000	pw_stream: fix ConserativeReadLimit for IntervalReader
c2b9379cc	a9245eac4	Thu Sep 23 04:07:52 2021 +0000	pw_software_update: Fix build errors
a9133b059	e0b03f5a2	Wed Sep 22 05:01:50 2021 +0000	pw_software_update: fixup update backend API
14267c4f8	d24963282	Tue Sep 21 17:47:29 2021 +0000	pw_software_update: Fix return type for PrepareForUpdate rpc
eaf1e547f	62de7c435	Fri Sep 17 18:21:59 2021 +0000	pw_software_update: Fix bugs in update_bundle.py
71ee193e7	9c771de68	Mon Sep 13 15:55:20 2021 +0000	python_runner: fix target finding at root
4663d47af	49d489d4c	Wed Sep 8 19:50:59 2021 +0000	gn: Fix missing dependencies
2a70d8f6e	79ea2cf5d	Tue Sep 7 23:04:45 2021 +0000	pw_rpc: Fix destructor ordering problem in test helpers
8e022781b	4a6deb42d	Thu Sep 2 16:17:26 2021 +0000	pw_chrono: Doc example fix
433c17fb8	f973e861a	Wed Sep 1 08:33:04 2021 +0000	pw_toolchain: Fix potential variable redefinition error
8552c61aa	00ba31c51	Fri Aug 27 14:59:52 2021 +0000	pw_env_setup: Fix pip upgrading on Mac
bd136c1e2	fa6edcc11	Thu Aug 26 22:49:10 2021 +0000	pw_env_setup: Fix arm64 Mac Python
a8a6f474f	c4cc3cbc0	Thu Aug 26 00:34:20 2021 +0000	pw_software_update: Fixes for downstream use
0f6099ff8	6ae057c48	Tue Aug 24 15:00:20 2021 +0000	pw_protobuf: Fixes Python path on LUCI/presubmit
ad04bb09e	a514aaef5	Mon Aug 23 23:09:29 2021 +0000	pw_blob_store: Fix write limit function
f9cc04145	85a98a639	Fri Aug 20 21:36:38 2021 +0000	pw_fuzzer: Fixes pw_fuzzer Bazel macros
d1a140645	78789cd45	Tue Aug 17 02:28:34 2021 +0000	bazel: Fix buildifer lint warnings
e5a5f380c	cf43bbf55	Fri Aug 13 21:40:07 2021 +0000	pw_thread: Make snapshot logs debug level
e2bcc03c5	7a1878d7a	Fri Aug 13 14:57:03 2021 +0000	Fix: Include cstring in socket_stream.cc
7a1878d7a	04f129249	Fri Aug 13 08:44:44 2021 +0000	build: Fix absolute toolchain path in fuzzer.gni
005af3ed4	9464931cd	Thu Aug 12 00:51:17 2021 +0000	Fix mbedtls GN dependency
938f08b30	0d623e201	Wed Aug 11 23:45:44 2021 +0000	pw_rpc: Fix segfault for BaseClientCall assignment
dd646718b	2fd417afd	Tue Aug 10 17:59:36 2021 +0000	pw_tokenizer: Support alternate prefix in protos
8577f7437	fc1c7168e	Mon Aug 9 20:33:09 2021 +0000	pw_console: Small UI Fixes
182274d69	ad5329826	Mon Aug 9 16:12:24 2021 +0000	pw_rpc: Fix more missing integration test deps
f06e42b03	3155cd119	Mon Aug 9 16:01:28 2021 +0000	pw_presubmit: Fix clang_tidy pass
81017fe1a	af7f5ef93	Wed Aug 4 23:07:26 2021 +0000	pw_unit_test: Fix and test RPC service
32a875ddb	5fbfd88c5	Tue Aug 3 00:35:23 2021 +0000	pw_transfer: Fix start logic
4947e7781	36b1ff9ad	Fri Jul 30 23:16:30 2021 +0000	pw_build: Remove build directory prefix from paths
36b1ff9ad	3e7180db3	Fri Jul 30 18:29:42 2021 +0000	pw_transfer: Python transfer client fixes
b2489f336	31b16ea41	Fri Jul 30 15:09:28 2021 +0000	docs: Update command to fix SSL errors
dac4f524f	063a9f7ff	Thu Jul 29 17:38:25 2021 +0000	stm32cube: Fix H7 build
3453afc3f	4d604694a	Fri Jul 23 21:44:29 2021 +0000	pw_snapshot: Fix formatting
d53535956	f7376c9fc	Thu Jul 22 16:50:35 2021 +0000	docs: Fix typo in pw_docgen
f7376c9fc	e8f4474c5	Thu Jul 22 16:45:49 2021 +0000	pw_console: Fix log clear function
68daa72bb	5f15bfd07	Fri Jul 16 22:39:44 2021 +0000	pw_rpc: Fix responding with empty buffers
6f38a822b	ea55939d8	Thu Jul 8 21:43:30 2021 +0000	pw_assert_log: fix pw_assert_HandleFailure to use FATAL
ea55939d8	1e4d13743	Thu Jul 8 15:13:21 2021 +0000	pw_build: Use -ffile-prefix-map by default
02364df0d	5fc2541e8	Tue Jun 29 16:25:12 2021 +0000	third_party/freertos: Fix non-absolute path in public_includes
8a6265390	6a0a64966	Thu Jun 24 23:22:27 2021 +0000	third_party: Fix mbedtls gn build issue
c069f32af	7340184e6	Wed Jun 23 23:53:49 2021 +0000	pw_console: Fix log pane rendering bugs
53c2f3e25	88bedd003	Thu Jun 17 20:44:55 2021 +0000	pw_i2c: Fix invalid copy
019197b29	f5b98bff2	Thu Jun 17 17:47:57 2021 +0000	pw_hex_dump: Fix bug with unaligned trailing bytes
6610374fe	74e7ab6e0	Wed Jun 16 18:33:27 2021 +0000	pw_i2c: Fix build issues with initiator mock
0397f85f4	01d083fa7	Tue Jun 15 00:43:11 2021 +0000	pw_bloat: Fixes Bazel build
79d7ecd06	1e2142c91	Fri Jun 11 20:59:49 2021 +0000	pw_build: Fix exception handling in mirror_tree
249497a97	645529336	Thu Jun 10 22:20:09 2021 +0000	pw_watch: Unpin watchdog as version 2.1.0 fixes the Mac behavior
f5d7ae370	0d4c9169c	Tue Jun 8 18:57:21 2021 +0000	docs: fix typo
a87e0c0d0	2b00669d5	Fri May 21 21:20:03 2021 +0000	pw_presubmit: Fixes for inclusive language rename
653792bed	09bdd652d	Fri May 21 01:06:33 2021 +0000	pw_env_setup: fix docgen
de972b871	f605f2d2e	Tue May 18 18:01:29 2021 +0000	pw_tokenizer: Fix doc reference to script
b59d2c968	94705a90a	Thu May 13 22:57:23 2021 +0000	CMake: Fix how missing backends are handled
94705a90a	3a3d46356	Thu May 13 22:43:23 2021 +0000	pw_hdlc: fix python example for encode
5dac14a79	eac944044	Wed May 12 19:48:57 2021 +0000	pw_thread_threadx: small fixups
8316f2cd4	9e516561d	Wed May 12 01:49:07 2021 +0000	pw_fuzzer: Fix adding the fuzzer dep
9e516561d	f4aebf518	Wed May 12 01:41:47 2021 +0000	pw_docs: Fixup minor typos, add clarifications
5a5bf856a	64d10969b	Tue May 11 05:13:41 2021 +0000	pw_presubmit: Disable broken, enable fixed
64d10969b	4925ba2d1	Mon May 10 23:08:51 2021 +0000	pw_unit_test: Fixup documentation
83634a913	5dbe3c637	Fri Apr 30 17:06:17 2021 +0000	pw_stream: Fixes Bazel build
d61fc3a96	b095218bc	Tue Apr 27 05:33:22 2021 +0000	targets: Fix typos in comments
a7fa651f7	f241178a8	Thu Apr 22 17:38:29 2021 +0000	pw_env_setup: Fix alias check when \'set -e\'
70dcca051	248903cae	Thu Apr 22 00:28:04 2021 +0000	pw_env_setup: Suggest fixing issues from \'brew doctor\'
1035aa09e	b85cda463	Tue Apr 13 18:54:46 2021 +0000	pw_protobuf_compiler: Fix CMake proto deps
a77e5e7a1	47a4304ca	Mon Apr 12 18:53:38 2021 +0000	Fixes for GCC 10 compatibility
f22f1f1b4	fe7006641	Sat Apr 3 07:17:00 2021 +0000	docs: Fix spelling mistakes
0616ee33d	6fe8ccf0f	Fri Apr 2 18:27:48 2021 +0000	pw_env_setup: Fix warning when executing bootstrap
b7902c03b	f47febb0d	Fri Apr 2 00:22:10 2021 +0000	docs: fixup module structure example
d82eb7520	1c00790fa	Thu Apr 1 17:14:29 2021 +0000	pw_hdlc: Fix error handler for incorrect argument
446f24c40	7a3c6525a	Thu Mar 25 22:29:55 2021 +0000	pw_build: Dependency fixes
7df6664d5	859200864	Wed Mar 17 19:17:09 2021 +0000	pw_tokenizer: Display as prefixed Base64 if decoding fails
859200864	d731b3503	Wed Mar 17 19:14:58 2021 +0000	pw_watch: Fix watchdog version and ignore project dirs
629b875f4	f84638be7	Mon Mar 15 21:15:33 2021 +0000	Fix incorrect documentation
86c25478b	7faecc97f	Sat Mar 13 00:55:45 2021 +0000	embos: fix for_at_least contract to add one tick
e7367be3d	a10ebdb9c	Thu Mar 11 16:49:50 2021 +0000	pw_thread_freertos: fixup BUILD error
a10ebdb9c	1dea2c8e0	Thu Mar 11 04:19:17 2021 +0000	docs: Update bug tracker link
1dea2c8e0	2375d9005	Thu Mar 11 02:23:26 2021 +0000	threadx: fix for_at_least contract to add one tick
3a00cda1a	baacfe389	Wed Mar 10 20:05:17 2021 +0000	freertos: fix for_at_least contract to add one tick
be3fba1ec	975a3c26b	Tue Mar 9 18:59:11 2021 +0000	pw_assert_basic: Fix build and minor bugfix
975a3c26b	ce9109836	Tue Mar 9 17:56:59 2021 +0000	pw_assert: Fix bazel build
06f98fcf2	e287767d5	Mon Mar 8 19:51:42 2021 +0000	build: Fix missing void parameters in C
6acd2aa46	ebd8a2a4f	Fri Mar 5 23:52:56 2021 +0000	pw_thread_freertos: fixes up a stale context comment
ebd8a2a4f	752d7d345	Fri Mar 5 23:41:06 2021 +0000	pw_sync_freertos: fix kCountingSemaphoreMaxValue constant
89dd05391	d240cbdb7	Fri Mar 5 17:52:29 2021 +0000	pw_string: Fix dead initialization in tests
d6ddf57fa	44202c9ca	Fri Mar 5 17:18:50 2021 +0000	pw_rpc: Fix usage of uninitialized test variable
ef346b3f2	44d446193	Fri Mar 5 01:45:19 2021 +0000	pw_presubmit: Fix link to static analyzer report
b34bc8f54	c411887d8	Thu Mar 4 17:25:05 2021 +0000	pw_presubmit: Fix quick gcc build
6a2f87881	1dc52a655	Tue Mar 2 01:11:52 2021 +0000	pw_presubmit: Fix missing comma
389e88e32	97a89da06	Fri Feb 26 02:24:42 2021 +0000	pw_span: Fixes bazel build allowing <span> polyfill
3c81ec2e9	bf6e2e970	Mon Feb 22 21:47:06 2021 +0000	pw_ring_buffer: Fix some stale comments
938c7ace5	6573187ae	Wed Feb 17 22:48:22 2021 +0000	pw_bloat: Fix bloat_main dependency
6573187ae	625a232c7	Wed Feb 17 21:46:52 2021 +0000	pw_containers: Fix namespace in documentation
75a1abf03	d9833efa7	Thu Feb 11 19:28:50 2021 +0000	docs: Fix and expand module config docs
d9426a718	e535acc41	Tue Feb 9 02:09:19 2021 +0000	pw_unit_test: Fix first expected RPC response
e535acc41	cc9d2e956	Mon Feb 8 20:02:38 2021 +0000	pw_unit_test: Fix RPC timeout argument
acfc9d130	b6d5d7a53	Sat Feb 6 06:22:15 2021 +0000	pw_sys_io_arduino: Fix broken while loop in WriteByte
b6d5d7a53	c9968630b	Sat Feb 6 02:53:24 2021 +0000	pw_kvs: Add attributes on unused variables for debug
28f82182e	84aee94bc	Sat Feb 6 01:48:28 2021 +0000	pw_allocator: Fix tests on ARM Clang build
ee8b0f6b1	be29ad9c7	Wed Feb 3 17:10:45 2021 +0000	pw_unit_test: Fix possible nullptr dereference
be29ad9c7	792543049	Wed Feb 3 17:10:36 2021 +0000	pw_minimal_cpp_stdlib: Fix array alignment in test
792543049	15bbbae1d	Wed Feb 3 17:10:35 2021 +0000	pw_kvs: Fix static analysis failure in unittest
f40762d84	fe5b4a752	Wed Feb 3 17:07:59 2021 +0000	pw_bytes: Fix static analysis complaint in test
b47155f7d	84e80e3b8	Tue Jan 26 22:13:49 2021 +0000	pw_toolchain: Fix pylint findings
293e1c16d	70c630dc4	Sat Jan 23 01:57:42 2021 +0000	pw_toolchain: Fix alink tool for Windows
70c630dc4	3520967a7	Sat Jan 23 01:57:24 2021 +0000	pw_toolchain: Fix cp command for Windows
78e8e5fd8	1b8e48c22	Sat Jan 23 00:45:34 2021 +0000	Revert "pw_toolchain: Fix copying on Windows"
1b8e48c22	6a106368c	Sat Jan 23 00:45:05 2021 +0000	Revert "pw_toolchain: Fix long command lines on Windows"
4b3fcb511	a2c4d1db6	Thu Jan 21 20:17:42 2021 +0000	pw_toolchain: Fix copying on Windows
b931c8367	7abd8cc38	Thu Jan 21 16:51:12 2021 +0000	pw_toolchain: Fix long command lines on Windows
36a37d5f4	14f3a06a4	Wed Jan 13 19:02:47 2021 +0000	pw_arduino_build: Fix missing files from setup.py
14f3a06a4	b5931be6e	Wed Jan 13 18:07:17 2021 +0000	pw_arduino_build: Teensy and stm32duino fixes
b5931be6e	ff592cec8	Wed Jan 13 16:39:37 2021 +0000	pw_cli: Fix PW_PLUGINS
b4935f041	cddab2d09	Wed Jan 13 02:41:58 2021 +0000	pw_cpu_exception_armv7m: Fix CFSR field typo
b7302cb7f	d3e5cb710	Mon Jan 11 23:30:31 2021 +0000	pw_status: Script updates; fix deprecation message
df9b61229	f8a3bf7f4	Tue Jan 5 22:46:33 2021 +0000	pw_build: Fix source compilation in CMake facades
c423748ae	f39d0aed9	Thu Dec 17 19:07:19 2020 +0000	pw_interrupt: fix context facade header includes
f39d0aed9	660ebba11	Thu Dec 17 18:48:39 2020 +0000	pw_sync_threadx: fix semaphore max value
661e85e99	bfeb7a94b	Thu Dec 10 23:00:14 2020 +0000	pw_toolchain: Fix ar command for windows
38cad0c6a	e65ddc8b7	Thu Dec 3 21:12:21 2020 +0000	pw_protobuf_compiler: Python proto follow-up fixes
01a32af06	bd4906ce5	Tue Dec 1 22:19:24 2020 +0000	pw_chrono_stl: small docs fixup
27a083f73	2271d4ed9	Mon Nov 30 22:41:44 2020 +0000	pw_chrono_stl,pw_sync_threadx: header comment fixups
f862b6812	7c61cafe8	Wed Nov 25 06:53:44 2020 +0000	pw_rpc: Fix missing initialization in BaseServerWriter
d9e38fcd0	35ad5553b	Tue Nov 24 22:43:43 2020 +0000	pw_metric: Fix token paths in RPC service
35ad5553b	3c61ae90d	Tue Nov 24 21:38:23 2020 +0000	pw_chrono: SystemClock comment fixups
321470342	037298c08	Mon Nov 9 20:01:10 2020 +0000	pw_env_setup: Fix help string for argument
550f1e23a	9986bce8f	Sun Nov 8 22:47:54 2020 +0000	pw_arduino_build: fix list-boards and list-menu-options
1498e9b4f	9bce5c20a	Sat Nov 7 23:40:32 2020 +0000	pw_protobuf_compiler: Windows fixes
878bd196f	e8728654c	Sat Nov 7 00:20:50 2020 +0000	pw_hdlc_lite: HdlcRpcClient fixes
e8728654c	d4786805a	Sat Nov 7 00:20:08 2020 +0000	pw_env_setup: More windows fixes
d28de1602	926bb60b5	Fri Nov 6 22:39:39 2020 +0000	pw_env_setup: Fix batch \'if\' statements
ab618e208	b3701c266	Wed Nov 4 21:43:08 2020 +0000	pw_env_setup: Fix regular expression
d9084f3cf	e938b024d	Fri Oct 30 16:44:05 2020 +0000	pw_tokenizer: pw_tokenizer_database fix for no-targets case
f69f069a7	99aa6aee4	Wed Oct 28 18:58:31 2020 +0000	pw_trace: fix clear on enable
606d02977	c912ea7b7	Tue Oct 27 23:25:24 2020 +0000	pw_arduino_build: Flashing fixes for Mac and Windows
d7dc6550c	b8e1360e2	Thu Oct 22 18:28:07 2020 +0000	pw_build: pw_python_package and mypy fixes
62de81b26	c8e05a4be	Wed Oct 21 17:02:13 2020 +0000	pw_arduino_build: Fix Windows related issues
b80cd7ae1	787ce97a0	Tue Oct 20 20:18:01 2020 +0000	pw_span: Fix test\'s remove_configs
4eb421806	ae222dc49	Fri Oct 16 20:09:03 2020 +0000	pw_build: Fix linker script defines
6473c8588	79d983f20	Tue Oct 13 18:53:13 2020 +0000	pw_tokenizer: Fix tests on Windows
338c6a100	fce26ba0e	Thu Oct 8 20:49:15 2020 +0000	pw_metric: Add comment and fix typo in proto
4903b439d	bb2bc72fc	Fri Sep 25 22:57:31 2020 +0000	pw_assert: Fix dangling else footgun
0170b2d9c	d99d6f315	Wed Sep 23 17:34:35 2020 +0000	pw_stream: small fixups
a9a4f09c0	5f13f4a89	Mon Sep 21 16:44:47 2020 +0000	pw_toolchain: Fix sanitizer option
1e1cb2e2e	b8db50953	Thu Sep 17 23:34:48 2020 +0000	pw_rpc: Fix Python client SERVER_ERROR handling
f046fee21	05ca54ccb	Thu Sep 10 13:58:41 2020 +0000	Fix activate.sh with set -e
df508dfb0	ecf19233d	Wed Sep 9 18:57:35 2020 +0000	docs: Fix spelling of dialout group
0c453d48e	c04a6bc56	Wed Sep 9 02:15:06 2020 +0000	pw_env_setup: Fix setting cache dir
c04a6bc56	e46757908	Wed Sep 9 01:49:25 2020 +0000	pw_toolchain: Fix Android Mac toolchain
e46757908	f39fbf489	Tue Sep 8 23:12:30 2020 +0000	misc: Size report binary fixes
514892b8f	02d127a2f	Wed Sep 2 17:54:49 2020 +0000	pw_watch: Fix outdated excludes
3ef88cded	5e5c24288	Thu Aug 27 17:08:28 2020 +0000	pw_trace/py: Fix event_has_trace_id
92f0b9843	e56927786	Tue Aug 25 01:02:28 2020 +0000	pw_build: Fix issue with temp dirs on Mac
b5b75e595	880cd686a	Wed Aug 19 19:42:07 2020 +0000	pw_assert: Fix usage of PW_COMMA_ARGS (again)
c86c4896b	ba3bc39f7	Tue Aug 18 22:38:57 2020 +0000	Revert "pw_assert: Fix usage of PW_COMMA_ARGS"
ba3bc39f7	08503b1cf	Tue Aug 18 21:11:27 2020 +0000	pw_assert: Fix usage of PW_COMMA_ARGS
22dd0b0b4	6a8459589	Fri Aug 14 19:33:11 2020 +0000	stm32f429: Document debugging w/ GDB
0d6110182	ba43a3c20	Thu Aug 13 22:34:40 2020 +0000	pw_sys_io: Fix stm32f429i ReadByte()
8664c66f0	1a6727bf0	Thu Aug 13 15:17:11 2020 +0000	pw_rpc: Fix the default value of PacketType
a84fd8dbd	16f86f494	Tue Aug 11 01:01:12 2020 +0000	pw_assert: Fix missing NULL symbol
85eb7c911	65c4a1487	Fri Aug 7 17:45:03 2020 +0000	pw_rpc: Fix nanopb tests
9eed1fff3	63e6cfdeb	Thu Aug 6 16:17:00 2020 +0000	pw_presubmit: environment fixes
d9c8d1343	bef303540	Fri Jul 31 20:13:21 2020 +0000	pw_log_tokenized: Fix macro definition for C
02892d247	f12d68741	Thu Jul 30 21:42:43 2020 +0000	pw_kvs: Fix alignent init in FlashPartition
403b4c06a	7da8f36bd	Tue Jul 28 17:49:20 2020 +0000	pw_trace: Fix scope traces with trace_id
788da9e28	dd4cce981	Wed Jul 22 20:01:48 2020 +0000	pw_env_setup: fix get_pw_env_setup cleanup step
2d239e1ad	7c7a386f2	Tue Jul 21 00:30:32 2020 +0000	pw_protobuf_compiler: GN fixes
f490a080e	735643592	Wed Jul 15 00:27:46 2020 +0000	pw_kvs: Fix sectors test
540eb13af	a6e20bfe9	Tue Jul 14 21:14:14 2020 +0000	docs: Minor fixes for getting started
a6e20bfe9	6a6dae63b	Tue Jul 14 18:30:24 2020 +0000	pw_checksum: Fix CRC32 linker issue
a149d64de	6a262b487	Sat Jul 11 01:01:10 2020 +0000	pw_kvs: Add fix and test for Fake Flash
15610b5bc	268374978	Tue Jul 7 19:35:25 2020 +0000	pw_sys_io: Fix trailing newline to be \\r\
023f35bab	e67b5519f	Wed Jul 1 19:21:52 2020 +0000	pw_polyfill, pw_minimal_cpp_stdlib: Fix namespace
a1c4f670b	81492d316	Thu Jun 25 15:58:58 2020 +0000	pw_toolchain: Fix copy rules on Mac
81492d316	17de38299	Thu Jun 25 05:01:08 2020 +0000	pw_toolchain: Fix setting the output directory for static_library
17de38299	9fe4cec6f	Wed Jun 24 23:03:37 2020 +0000	pw_cli: add allowed suffixes to env parser
06fe47bce	2da14515e	Wed Jun 24 17:15:47 2020 +0000	pw_protobuf: Fixed bug when using proto package without prefix pw.*
cb7691f2a	3181d18e3	Fri Jun 19 21:35:36 2020 +0000	pw_tokenizer: Fix iterator post-increment
54956b5dc	60fd70f5b	Fri Jun 19 00:18:03 2020 +0000	pw_kvs: Remove the debug_cli
f79d227ec	856860ec3	Thu Jun 18 22:31:30 2020 +0000	Fix protoc include paths
856860ec3	7366d5ae7	Thu Jun 18 10:11:47 2020 -0700	stm32f429i-disc1: Fix out directory path
09d37bae6	71ecc1d60	Wed Jun 17 19:12:47 2020 +0000	pw_toolchain: Fix cflags ordering in pigweed
e9bc14bb2	c5e511ea0	Tue Jun 16 10:00:17 2020 -0700	Fix toolchain/target remove_configs
e5de2654a	a99220e07	Tue Jun 16 09:58:15 2020 -0700	pw_build: Fix target set_defaults() compatibility
8185c825d	96aa2806a	Fri Jun 12 10:45:04 2020 -0700	pw_protobuf_compiler: Fix dependency bug
1e10ef23c	62525fd58	Wed Jun 10 18:35:35 2020 +0000	docs: Fix style guide GN example
b06148025	2eed6d2ca	Tue Jun 9 11:27:46 2020 -0700	lm3s6965evb-qemu: Fix column limit
543168414	f053aabf8	Mon Jun 1 15:09:25 2020 -0700	pw_env_setup: fix error formatting
f053aabf8	044065e40	Mon Jun 1 19:47:53 2020 +0000	pw_presubmit: Fix copyright exclusions
870a86ba6	f5e28f840	Tue May 26 13:49:19 2020 -0700	pw_toolchain: Fix %z format specifiers on Windows
d0f658515	95295efac	Mon May 18 21:02:24 2020 +0000	pw_protobuf_compiler: fix nanopb path to .options files
2eb328813	6639c453a	Fri May 8 17:08:22 2020 +0000	pw_unit_test: Fix python test runners for Windows
9462e050f	2284800cf	Thu May 7 13:41:25 2020 -0700	Python formatting fixes
2284800cf	888a7f229	Wed May 6 15:08:55 2020 -0700	pw_presubmit: check_builds_for_files fix
8f5353611	34e62a07c	Mon May 4 14:21:30 2020 -0700	Fix OSS-Fuzz build breakage
ecdcf581c	680b2b4d5	Mon May 4 09:49:26 2020 -0700	pw_log_basic: Fix dependencies
d5138f318	3de97fbcc	Sat May 2 01:21:59 2020 +0000	pw_kvs: Fix GC selection "ping pong" bug
152147e8f	469b39fcd	Fri May 1 11:27:28 2020 -0700	Bazel build fixes
8b649f5d8	5e641410f	Mon Apr 27 07:30:56 2020 -0700	pw_presubmit, pw_watch: pylint fixes
50070490a	1f1c251a6	Fri Apr 24 09:29:40 2020 -0700	pw_kvs: Fix issues with format migration
0f8a1bbf2	f8419ae6e	Tue Apr 21 22:24:27 2020 -0700	pw_kvs: Add garbage collection when fixing redundancy
a02f0bf21	0b8d5b1ba	Tue Apr 21 07:06:51 2020 -0700	Fix bad entry in pwrev/9601
fcc1ae502	a4de1442e	Thu Apr 16 11:03:19 2020 -0700	pw_assert: fix the bazel build
c5d47402f	c8b555245	Tue Apr 7 16:19:47 2020 +0000	pw_kvs: Fix shadow declarations
33c67827d	2eb6763e3	Mon Apr 6 23:05:36 2020 +0000	pw_fuzzer: Fix fuzz target unit tests
fe2c1447f	ff6f6e8c9	Mon Apr 6 21:00:41 2020 +0000	pw_protobuf: Fix function name typo
b84a69583	d192ed144	Thu Apr 2 04:39:30 2020 +0000	pw_result: Fix check in status constructors
09b3a2a37	bd423fd62	Wed Mar 25 13:22:39 2020 -0700	pw_kvs: Fix printf-style format strings
d0ec9aa7a	61682e818	Thu Mar 19 21:40:31 2020 +0000	Docs: Fix windows setup instructions
31478e904	e97f05936	Thu Mar 19 18:01:36 2020 +0000	pw_env_setup: fix PATH cleanup
26ecc3d5c	f25bc9fe5	Thu Mar 19 04:01:26 2020 +0000	pw_toolchain: Fix ARM stamp on Windows
2edd94b36	a1f08ac77	Wed Mar 18 16:40:49 2020 -0700	pw_env_setup: Fix Windows issue
a1f08ac77	41f4d483c	Wed Mar 18 23:30:06 2020 +0000	pw_env_setup: Fix ZSH compatability in bootstrap
a2a63d341	53a283970	Wed Mar 18 13:13:51 2020 -0700	pw_string: Fix ToString for scoped enumerations
cf30871bb	8e75422a0	Wed Mar 18 00:28:08 2020 +0000	Docs: Fix Windows setup commands
8e75422a0	4db74e172	Tue Mar 17 17:11:39 2020 -0700	docs: Fix path in instructions
bf9048156	4f9dc8555	Wed Mar 11 17:28:22 2020 -0700	pw_kvs: Fix constructor order issue
4f9dc8555	1d59456cb	Wed Mar 11 22:22:27 2020 +0000	pw_env_setup: fix quotes in output
018f730df	f3884eb9d	Wed Mar 11 09:00:19 2020 -0700	stm32f429i-disc1: fix mypy error
f3884eb9d	ba4de1c27	Tue Mar 10 23:18:58 2020 +0000	pw_kvs: Fix garbage collection for redundant entries
0246148eb	06b1b0b92	Mon Mar 9 10:20:58 2020 -0700	pw_env_setup: Fix MacOS color escape codes
0d67b11ec	a2562b5eb	Sat Mar 7 00:46:58 2020 +0000	pw_env_setup: Small fixes
062b91099	eb93a74fe	Thu Mar 5 22:57:32 2020 +0000	Fix environment_test.py on Windows
b0270b4bc	52f7443f8	Thu Mar 5 01:15:44 2020 +0000	pw_presubmit: Add bug number to comments
95a980be8	b03c151aa	Wed Mar 4 16:05:44 2020 -0800	pw_toolchain: Fix Mac host GN build
49b90b691	4737349f1	Wed Mar 4 01:46:45 2020 +0000	Update GN version in CIPD to fix Windows issue
b0e7365b8	eddf412ae	Mon Mar 2 21:40:06 2020 +0000	pw_env_setup: fix git error
a9d64a80b	a4bee83ba	Fri Feb 28 22:37:55 2020 +0000	Fix Python version in venv on Mac
1cb06df72	e5671979c	Fri Feb 28 11:09:37 2020 -0800	pw_span: Fix deduction guides for containers
0f2ad9fce	75ea8dba2	Wed Feb 26 09:17:06 2020 -0800	pw_kvs: Fix AlignedWrite issues; expand tests
972b5f476	d35ec86a8	Fri Feb 21 00:10:42 2020 +0000	pw_kvs: debug_cli usability improvements
a00d1ef82	9462720c7	Wed Feb 19 11:12:01 2020 -0800	pw_kvs: Expand Entry tests; fix issues
25527c097	e541e075d	Tue Feb 18 13:57:59 2020 -0800	Fix bytes issue in wrapper.py
5981f3165	cf680ab1b	Thu Feb 13 13:33:56 2020 -0800	pw_kvs: Fix null access in FindSectorToGarbageCollect()
cf680ab1b	be744c19d	Thu Feb 13 11:28:16 2020 -0800	pw_kvs: Fix return value for Get()
6f4ef1b4c	0743cc584	Wed Feb 12 19:57:45 2020 +0000	pw_kvs: Fix checksum finish usage
4879f7491	16b04521d	Sat Feb 8 00:29:08 2020 +0000	pw_kvs: Fix shadowing, increase kMaxUsableSectors
3464d0a5b	50185ad55	Fri Feb 7 11:58:25 2020 -0800	pw_kvs: Fix bug related to relocation
1541d61a8	2be76b00d	Thu Feb 6 23:47:02 2020 -0800	pw_kvs: Fix 2 bugs in finding sectors with space
df025cdfa	116d116e4	Thu Feb 6 17:05:34 2020 -0800	pw_kvs: Fix relocation
67f4b6cb0	8fff434b6	Fri Feb 7 00:29:18 2020 +0000	pw_kvs: Add debug logging for sector find and relocate entry
8e5d313b2	6c24c0638	Thu Feb 6 02:28:30 2020 +0000	pw_kvs: Debug CLI tweaks to support delete
2fac125e1	4d78cd6ae	Thu Feb 6 01:59:50 2020 +0000	Fix typos in comments
d621682fe	ad684a189	Tue Feb 4 17:42:23 2020 -0800	pw_kvs: Simple debug command line interface
f0bc5fbf9	ec4b9351d	Tue Feb 4 01:28:40 2020 +0000	pw_kvs: Fix iterator
3672f2bb9	624d98aa8	Fri Jan 31 22:25:52 2020 +0000	Temporary fix for windows build
d57572e0a	0f946500b	Thu Jan 30 15:16:05 2020 -0800	env_setup fixes for Windows
0f946500b	acaacf9a4	Thu Jan 30 13:30:47 2020 -0800	Fix copy/paste error in mingw cipd line
372c5bcec	84231c794	Wed Jan 29 23:37:52 2020 +0000	Fix bazel formatting
28e25cba5	bfbc21830	Fri Jan 24 00:29:41 2020 +0000	Fix GN target resolution on Windows
750bb588d	5898a9d38	Wed Jan 22 17:27:17 2020 -0800	pw_log: Fix broken short macros
e0dec891c	2119240da	Thu Jan 16 13:41:40 2020 -0800	env_setup: Fix compatibily issue with ==
2d5d25f5f	e716e0a37	Wed Jan 15 15:32:15 2020 +0000	Add "PW_" prefix to env vars
4ef79f7a4	421a81034	Tue Jan 14 04:58:08 2020 +0000	Fix cipd user-agent
55667a580	64c165ebf	Mon Jan 13 19:15:06 2020 +0000	Fix info about auth-login command.
44d547345	9ca7cc394	Sat Jan 11 01:03:51 2020 +0000	Various small docs fixes
9ca7cc394	3c2e9528d	Sat Jan 11 00:33:03 2020 +0000	Documentation fix where utilities are available
881d3138e	84b7c4e42	Thu Jan 9 21:44:19 2020 +0000	Fix copyright check on empty files
c5fc113c9	6afac0a51	Wed Jan 8 23:21:31 2020 +0000	Fix Python formatting
a6a7cb2bd	4fef7c6d6	Tue Jan 7 16:21:28 2020 -0800	CMake build: pw_add_test updates; fix C builds
260793328	975449b02	Mon Jan 6 18:36:45 2020 +0000	Go lint fix.
8c66112e7	93825563f	Mon Jan 6 17:10:34 2020 +0000	No copyright check for .elf; fix --clean-py
1644f12c0	f82e7a843	Fri Jan 3 23:21:05 2020 +0000	stm32f429i-disc1: Fix unit test runner -v flag
3c85239a7	67ffe1f26	Tue Dec 31 17:48:37 2019 +0000	pw_presubmit: Use pathlib.Path; typing fixes
1489ce670	e94839312	Mon Dec 23 13:34:48 2019 -0800	pw_watch: Fix lint problem
77af7193e	85cf08fa3	Fri Dec 20 20:10:18 2019 +0000	Fix MacOS xcode sysroot command
85cf08fa3	ae05a2bdd	Fri Dec 20 20:02:06 2019 +0000	Fix clang-tidy warning.
ff4c7d020	3f8009961	Thu Dec 19 22:45:42 2019 +0000	Add Go to pigweed.ensure and fix MacOS bloaty
3f8009961	1e5c58394	Thu Dec 19 13:58:57 2019 -0800	Fix test in env_setup/setup.sh.
653df1fbe	66b007efe	Wed Dec 18 10:21:58 2019 -0800	Fix cipd auth-login warning.
cf25f4b27	5a235cb99	Tue Dec 17 21:35:37 2019 +0000	Fix path resolution for out-of-tree build
5b5fe9284	df1ee2f6f	Tue Dec 17 10:44:57 2019 -0800	Fix env_setup/virtualenv/init.py.
e2f5d0f1b	30bc80d8f	Tue Dec 17 02:20:16 2019 +0000	Fix ARM build when not running tests on device
21117d8c2	17ef145c0	Mon Dec 16 19:06:00 2019 +0000	Run \'pw format --fix\' on a few files.
17ef145c0	028ee9feb	Mon Dec 16 10:45:52 2019 -0800	Fix some pylint warnings.
028ee9feb	84d28f57b	Mon Dec 16 10:08:55 2019 -0800	Lint fixes
514de20e4	43158d007	Sat Dec 14 00:11:17 2019 +0000	Fix stm32f429i test client
43158d007	9e0145df6	Fri Dec 13 21:53:57 2019 +0000	pw_presubmit: Fix running from different directory
a975821cb	97fe66ebc	Wed Dec 11 14:40:09 2019 -0800	pw_presubmit: Fix PATH; run Python tests
97fe66ebc	a337adbb7	Wed Dec 11 21:43:53 2019 +0000	Fix yapf formatting.
49de49203	cbc91a2f1	Tue Dec 10 20:10:44 2019 -0800	Fix how pw_build docs are used.
cbc91a2f1	bd89d5c16	Tue Dec 10 17:39:04 2019 -0800	Fix golint warnings
31284b875	6d5d856a1	Tue Dec 10 10:57:59 2019 -0800	Fix go lint warnings.
6d5d856a1	c34f71ffa	Tue Dec 10 10:19:30 2019 -0800	Misc. pylint fixes.
867d42d19	ee3e02f6c	Tue Dec 10 09:21:12 2019 -0800	pw_span: Fix typo and example in docs
8cc1df5a9	fa70745e1	Mon Dec 9 11:25:32 2019 -0800	Apply pw format --fix
e023ba957	9f3e48d2d	Mon Dec 9 09:59:51 2019 -0800	Fix pylint warnings.
9f3e48d2d	1919c64b5	Mon Dec 9 17:34:56 2019 +0000	Fix some pylint issues.
c2e377c8f	bc292b915	Thu Dec 5 07:52:07 2019 -0800	Fix build warning.
956ea9dd5	93e445e84	Tue Dec 3 11:11:13 2019 -0800	pw_string: Fix test for limited snprintfs
f2278ee6b	9bc70214f	Tue Dec 3 17:06:14 2019 +0000	presubmit: Fix invoking script directly
8c493bbf7	99c8606a2	Tue Dec 3 00:00:28 2019 +0000	Fix the copyright notice on a few files
99c8606a2	32897c17e	Mon Dec 2 22:57:58 2019 +0000	Add fix for broken Python on Homebrew.
3895a127c	18cb1b4ef	Mon Dec 2 21:44:15 2019 +0000	Fix bazel build.
1a96094ce	5b6fa2aa0	Wed Nov 27 22:34:02 2019 +0000	Fix copyright notices
30b42ef7a	8253ad8d6	Wed Nov 27 21:24:49 2019 +0000	Bazel build fixes.
ea9a66b35	73d297270	Tue Nov 26 22:10:45 2019 +0000	Fix bazel build.
b82f995f2	8ffcb9191	Mon Nov 25 14:55:02 2019 -0800	pw_docgen: Fix paths, multiple sources
49caa1048	a79cb6ad8	Wed Nov 20 22:38:17 2019 +0000	Fix macOS build by adding bloaty config
a79cb6ad8	ce2d8afd4	Wed Nov 20 12:22:33 2019 -0800	Fix Bazel tests
ce2d8afd4	d3ed0f4d9	Wed Nov 20 10:47:39 2019 -0800	Fix missing string_view include
463359c48	75e5fc9a1	Thu Nov 14 17:58:14 2019 +0000	Fix the namespace for the pw_status tests
2b0e008a7	925fb8f51	Fri Nov 8 00:01:49 2019 -0800	pw_unit_test: Clang fixes
