7202fe16b7	22c9e7e27e	Mon Mar 6 14:55:34 2023 +0100	Fix GH-10709: UAF in recursive AST evaluation
e633be3e87	574a7e7ef8	Sat Mar 4 23:43:48 2023 +0100	Fix GH-10766: PharData archive created with Phar::Zip format does not keep files metadata (datetime)
574a7e7ef8	7fcea9d260	Fri Mar 3 21:08:16 2023 +0000	ext/ftp fix ftp_nb_get signature (for failure).
ffc2a53a9b	8f92a07852	Fri Mar 3 12:43:12 2023 +0000	Fix GH-10728: opcache capstone header's inclusion.
ad85e71421	d66ca5dabb	Fri Mar 3 11:35:06 2023 +0100	fix: support for timeouts with ZTS on Linux (#10141)
df93146a15	916b132ea0	Thu Mar 2 11:29:53 2023 +0100	Fix missing readonly modification error with inc/dec in JIT
18b43d2950	0f21cbc57c	Tue Feb 28 22:57:52 2023 +0300	Fix Zend/tests/type_declarations/variance/class_order_autoload1.phpt test failre introduced by 44e5c04e5546e60cdbc31360adf3876b7c706152
0f21cbc57c	44e5c04e55	Mon Feb 27 19:47:55 2023 +0000	Fix GH-10715: phpdbg heap buffer overflow -- by misuse of the option "--run"
44e5c04e55	adc5edd411	Mon Feb 27 21:47:29 2023 +0300	Fix incorrect inheritance cache update (#10719)
adc5edd411	2133970152	Sun Feb 26 14:27:46 2023 +0000	Fixed ValueError message in count_chars()
2133970152	6a5b3f0ff9	Sun Feb 26 14:25:02 2023 +0000	Fixed ValueError message in substr_compare()
b09be29ac1	eb7bb3430b	Sun Feb 26 08:17:14 2023 +0000	Fix incorrect error checking in php_openssl_set_server_dh_param()
eb7bb3430b	df579adac7	Sun Feb 26 08:12:57 2023 +0000	Fix format string mistake in accel_move_code_to_huge_pages()
df579adac7	7d2b01eea7	Sat Feb 25 14:32:55 2023 +0000	Fix GH-10692: PHP crashes on Windows when an inexistent filename is executed
7d2b01eea7	b9a5bfc355	Fri Feb 24 20:44:47 2023 +0100	[skip ci] Add github reference to bug fix in NEWS
b9a5bfc355	8959ff39d8	Fri Feb 24 20:40:29 2023 +0100	Fix GH-10570: Assertion `(key)->h != 0 && "Hash must be known"' failed.
8959ff39d8	91db3a1b85	Fri Feb 24 17:02:32 2023 +0000	Fix incorrect type for return value of zend_update_static_property_ex()
91db3a1b85	5f357f341d	Fri Feb 24 14:32:23 2023 +0000	Fixed bug GH-10270 Unable to return CURL_READFUNC_PAUSE in readfunc callback
5f357f341d	8d1c0a1403	Fri Feb 24 14:31:23 2023 +0000	Fix GH-10672 (pg_lo_open segfaults in the strict_types mode)
8d1c0a1403	939c546ea1	Thu Feb 23 23:20:27 2023 +0100	Fix segfault when using ReflectionFiber (fixes #10439)
c510083c8c	c4c861b01a	Thu Feb 23 18:47:26 2023 +0000	Fix incorrect string length for output_handler in zlib ini code
0a466e7ad8	da3ce6015d	Tue Feb 21 21:00:49 2023 +0000	Fix GH-10647: Spoofchecker isSuspicious/areConfusable methods error code's argument.
74c880edd1	8cac8306c3	Tue Feb 21 14:32:39 2023 +0000	Fix Tidy tests failing due to different spelling
8cac8306c3	f592f75e9c	Tue Feb 21 14:13:13 2023 +0000	Fix incorrect error check in browsecap for pcre2_match()
ed4dc39e7f	d51eb1d74c	Tue Feb 21 13:41:07 2023 +0000	ext/curl/interface: fix zend_result return value
d51eb1d74c	70ff10af72	Tue Feb 21 13:40:54 2023 +0000	Zend/zend_ini: fix zend_result return values
70ff10af72	08e7591206	Tue Feb 21 09:25:51 2023 +0300	Fix GH-10635: ARM64 function JIT causes impossible assertion (#10638)
08e7591206	ed0c0df351	Mon Feb 20 19:42:35 2023 +0300	Fix (at lease part of the) #GH-10635: ARM64 function JIT causes impossible assertion
ed0c0df351	243865ae57	Mon Feb 20 13:33:11 2023 +0000	Fix GH-10627: mb_convert_encoding crashes PHP on Windows
243865ae57	ae16471628	Mon Feb 20 13:32:56 2023 +0000	ext/mbstring: fix new_value length check
ae16471628	a9e4f51844	Sun Feb 19 20:18:28 2023 +0000	Fix GH-10623: ReflectionFunction::getClosureUsedVariables() returns empty array in presence of variadic arguments
a9e4f51844	4f731fa2ec	Fri Feb 17 16:37:14 2023 +0000	Update NEWS with scanner and parser build fixes
4f731fa2ec	2b3fa5edac	Fri Feb 17 16:37:14 2023 +0000	Fix php_json_scanner_defs.h target in ext/json/Makefile.frag
7b68ff46da	d9ac59b0a9	Thu Feb 16 14:07:17 2023 +0100	Revert "Fix GH-10168: heap-buffer-overflow at zval_undefined_cv"
937b1e38e2	eef29d434a	Tue Feb 14 10:46:48 2023 +0000	Fix missing colon in NEWS
caaaf75990	054c7b09f9	Tue Feb 14 10:33:56 2023 +0000	Fix incorrect character in NEWS
e45850c195	b5ccaaf613	Tue Feb 14 10:21:07 2023 +0000	Fix repeated warning for file uploads limit exceeding
d94ddbed2c	1a5fc6e1a3	Tue Feb 14 11:29:29 2023 +0300	Fix updating SSA object type for *_ASSIGN_OP (#10458)
1a5fc6e1a3	28d68f5013	Mon Feb 13 22:38:28 2023 +0300	Fix assertion failure when var_dump'ing void FFI result (#10568)
95016138a5	d721dcc2ef	Mon Feb 13 16:30:21 2023 +0000	Fix GH-10496: Fibers must not be garbage collected while implicitly suspended by resumption of another fiber
d721dcc2ef	85d9278db2	Mon Feb 13 13:09:04 2023 +0100	Fix colletion of unfinished function call in fibers
ec10b28d64	af2ddc6426	Sun Feb 12 20:56:19 2023 -0700	Fix array overrun when appending slash to paths
a92acbad87	c840f71524	Sun Feb 12 20:46:51 2023 -0700	crypt: Fix possible buffer overread in php_crypt()
c840f71524	255e08ac56	Sun Feb 12 20:46:44 2023 -0700	crypt: Fix validation of malformed BCrypt hashes
704aadd098	8c8a38a75c	Fri Feb 10 14:12:23 2023 +0000	Fix memory leaks in ext-tidy
71ddede565	e6281db857	Wed Feb 8 01:06:50 2023 +0100	Fix GH-10168: heap-buffer-overflow at zval_undefined_cv
0752baa583	ba282f1b2f	Tue Feb 7 22:47:43 2023 +0000	Zend/zend_cpuinfo, ext/standard/crc32_x86: fix -Wstrict-prototypes
4df4264ac9	131b862ac0	Tue Feb 7 09:25:34 2023 -0600	Fix PDO OCI Bug #60994 (Reading a multibyte CLOB caps at 8192 chars)
afbb28dfb7	a21195650e	Tue Feb 7 13:38:17 2023 +0300	ext/opcache/zend_jit: cast function to fix -Wincompatible-pointer-types (#10527)
a21195650e	49551d7c29	Mon Feb 6 18:35:06 2023 +0300	Fix possible exit_counters memory leak in ZTS build
5b13e83074	4199b72c50	Sun Feb 5 13:07:29 2023 +0000	Fix GH-10385: FPM successful config test early exit
4199b72c50	fe2dc2b481	Sun Feb 5 12:36:02 2023 +0000	Fix GH-10315: FPM unknown child alert not valid
a42bf93308	00be6e1aed	Tue Jan 31 12:58:21 2023 +0000	Fixed GH-10447: 'p' format specifier does not yield 'Z' for 00:00
b9bca2dadb	81607a62ca	Mon Jan 30 12:13:07 2023 +0100	Fix resetting ZEND_GENERATOR_IN_FIBER flag
81607a62ca	ec4939b170	Mon Jan 30 13:15:05 2023 +0300	Fix type inference
ec4939b170	284c29328e	Sun Jan 29 17:14:12 2023 +0000	Fix incorrect check in phar tar parsing
284c29328e	a24ac59e55	Sat Jan 28 10:13:58 2023 -0600	Fix GH-10437: Set active fiber to null on bailout (#10443)
d7de73b551	1173c2e64a	Fri Jan 27 19:33:58 2023 +0100	Fix overflow check in OnUpdateMemoryConsumption (#10456)
a8c8fb2564	b7a158a19b	Wed Jan 25 00:08:28 2023 +0000	Fix incorrect check in cs_8559_5 in map_from_unicode()
b7a158a19b	40da9961f2	Wed Jan 25 00:06:56 2023 +0000	Fix incorrect page_size check
3197104e85	2787e3cd65	Tue Jan 24 19:05:33 2023 +0100	Fix GH-10292 1st param of mt_srand() has UNKNOWN default on PHP <8.3
2787e3cd65	560ca9c7ae	Tue Jan 24 09:32:07 2023 +0300	Fix incorrect check condition in type inference (#10425)
560ca9c7ae	974dba3b80	Tue Jan 24 09:15:03 2023 +0300	Fix incorrect bitshifting and masking in ffi bitfield (#10403)
974dba3b80	f6734495f7	Mon Jan 23 13:50:49 2023 +0000	Fix duplicated FILE section in test bug80747.phpt
0801c567dc	ce877da23b	Fri Jan 20 16:40:15 2023 +0100	Fix GH-10248: Assertion `!(zval_get_type(&(*(property))) == 10)' failed.
7d68f9128e	b5e9bf7775	Thu Jan 19 07:40:24 2023 +0300	Fix incorrect compilation of FE_FETCH with predicted empty array
b5e9bf7775	c47a1a260d	Wed Jan 18 16:23:38 2023 +0100	Fix incorrect check condition in ZEND_YIELD
398a10a58a	dfe9c2af19	Tue Jan 17 14:12:49 2023 +0000	Fix phpdbg segmentation fault in case of malformed input
dfe9c2af19	42eed7bb4e	Mon Jan 16 20:41:33 2023 +0000	Fix incorrect comparison in block optimization pass
42eed7bb4e	0d011e4626	Mon Jan 16 14:51:26 2023 +0300	Fix GH-10271: Incorrect arithmetic calculations when using JIT
347b7c3628	11a1feb0d7	Sun Jan 15 15:35:35 2023 +0000	Fix wrong flags check for compression method in phar_object.c
11a1feb0d7	4bbbe6d652	Sun Jan 15 15:34:43 2023 +0000	Fix missing check for xmlTextWriterEndElement
4bbbe6d652	7d98e3e40c	Sun Jan 15 15:31:34 2023 +0000	Fix substr_replace with slots in repl_ht being UNDEF
7d98e3e40c	8c0698f66b	Sat Jan 14 15:13:55 2023 +0000	Fix missing comment in FPM www.conf.in
8c0698f66b	0f7625c47c	Fri Jan 13 17:43:17 2023 +0100	Fix run-tests.php hanging when a worker process dies without notice (#9931)
120aafcc42	833b45ac44	Fri Jan 13 10:31:01 2023 +0000	Fix bug #67244: Wrong owner:group for listening unix socket
833b45ac44	0116864cd3	Thu Jan 12 22:00:00 2023 +0000	Fix GH-10249: Assertion `size >= page_size + 1 * page_size' failed.
55514a1119	d12ba111e0	Tue Jan 10 15:23:15 2023 +0000	fix: indirect_return compilation warning
d12ba111e0	a9e7b90cc2	Tue Jan 10 15:15:49 2023 +0000	Fixed GH-10218: DateTimeZone fails to parse time zones that contain the "+" character
4d4a53beee	bcc5d268f6	Mon Jan 9 13:51:57 2023 +0300	Fix incorrect optimization of ASSIGN_OP may lead to incorrect result (sub assign -> pre dec conversion for null values)
bcc5d268f6	d03025bf59	Mon Jan 9 09:50:30 2023 +0300	ext/opcache/jit/zend_jit_trace: fix memory leak in _compile_root_trace() (#10146)
d03025bf59	8ff2b6abb2	Sun Jan 8 16:09:59 2023 +0000	Fix GH-10251: Assertion `(flag & (1<<3)) == 0' failed.
8ff2b6abb2	3152b7b26f	Sun Jan 8 16:07:00 2023 +0000	Fix GH-9710: phpdbg memory leaks by option "-h"
d5f0362e59	4c9375e504	Mon Jan 2 16:54:47 2023 +0000	Fix GH-10202: posix_getgr(gid|nam)_basic.phpt fail
4c9375e504	c2b0be5570	Fri Dec 30 16:40:56 2022 +0000	Fix GH-10187: Segfault in stripslashes() with arm64
c2b0be5570	3a44c78f14	Fri Dec 30 16:24:28 2022 +0000	Fix memory leak in posix_ttyname()
3a44c78f14	e217138b40	Fri Dec 30 06:53:28 2022 +0000	Fix null pointer dereference of param
a3891d9d1a	29926c3262	Sun Dec 25 14:44:25 2022 +0000	Fix GH-9981: FPM does not reset fastcgi.error_header
233ffccc35	5f1311a92c	Fri Dec 23 16:34:57 2022 +0000	Fix GH-10072: PHP crashes when execute_ex is overridden and a __call trampoline is used from internal code
5f1311a92c	bbad29b9c1	Fri Dec 23 13:55:50 2022 +0000	Fix undefined behaviour in phpdbg_load_module_or_extension
d3a6eedf4a	b73e1db77a	Wed Dec 21 14:53:21 2022 +0100	ext/opcache/jit/zend_jit: fix inverted bailout value in zend_runtime_jit() (#10144)
d19a70c9a0	da5cbca23e	Tue Dec 20 14:41:13 2022 +0000	Fix GH-9891: DateTime modify with unixtimestamp (@) must work like setTimestamp
683285165e	351055e434	Mon Dec 19 12:11:16 2022 +0300	Fix memory leak
a6a80eefe0	5975f33c37	Sun Dec 18 23:20:29 2022 -0700	Improve fix for bug #81740
921b6813da	72da2b02e2	Sun Dec 18 22:41:43 2022 -0700	Fix #81740: PDO::quote() may return unquoted string
b8ac2071b8	7a983e281c	Fri Dec 16 14:36:30 2022 +0100	Fix GH-10112: LDAP\Connection::__construct() refers to ldap_create()
7a983e281c	aef7d810d3	Tue Dec 13 15:46:40 2022 +0100	Fix Windows shmget() wrt. IPC_PRIVATE
aef7d810d3	a1a69c3734	Tue Dec 13 15:21:42 2022 +0100	Fix GH-9949: Partial content on incomplete POST request
2f6b9e6c63	b6b4a628a5	Tue Dec 6 15:59:52 2022 +0100	Fix #81742: open_basedir bypass in SQLite3 by using file URI
608ddb0321	93592ea743	Fri Dec 2 12:47:25 2022 +0000	Fix GH-10011 (Trampoline autoloader will get reregistered and cannot be unregistered)
93592ea743	29f0f4edd2	Fri Dec 2 13:10:59 2022 +0100	Fix GH-9769: Misleading error message for unpacking of objects
d021851171	818b46acb0	Wed Nov 30 15:47:43 2022 +0000	Fixed GH-9699, GH-9866, and GH-9880 (problems with diff); and GH-9700 (greedy tzid parsing)
44377c3c70	bcc00304c7	Wed Nov 30 12:11:42 2022 +0100	Fix GH-9971: Incorrect NUMERIC value returned from PDO_Firebird
500b28ad04	4987e65a70	Fri Nov 25 14:02:03 2022 +0000	Fix GH-10000: Test failures when OpenSSL compiled with no-dsa
ce57221376	9416186ff1	Fri Nov 25 12:49:12 2022 +0000	Fix GH-9064: PHP fails to build if openssl was built with no-ec
c9c1934ff0	1767f32cb6	Wed Nov 23 11:25:51 2022 +0000	Fix GH-8517: FPM child pointer can be potentially uninitialized
1767f32cb6	5a4520bc2b	Tue Nov 22 18:47:24 2022 +0000	[ci skip] Fix NEWS FPM entries
5a4520bc2b	31b20f1737	Tue Nov 22 18:17:16 2022 +0000	Fix bug #68207: Setting fastcgi.error_header can result in a WARNING
72da2b02e2	4bdfce6c1a	Tue Nov 22 18:01:15 2022 +0000	php-fpm: fix Solaris port events.mechanism
6fbf81c674	aee1a2f4c0	Tue Nov 22 12:21:14 2022 +0000	Fix GH-9883  SplFileObject::__toString() reads next line
8d65c2fee5	c53b065c48	Thu Nov 17 14:16:10 2022 +0100	Fix GH-9650: Can't initialize heap: [0x000001e7]
a4298c14c1	a8bd342397	Tue Nov 15 12:27:44 2022 +0000	Fix GH-9932: Discards further characters for session name.
a8bd342397	b8c1b5e9fa	Mon Nov 14 12:35:09 2022 +0300	Fix memory leak
fa0401b0b5	73583bb8c0	Sun Nov 13 14:37:55 2022 +0200	Fix GH-9535 (unintended behavior change for mb_strcut in PHP 8.1)
5ecbb1b39d	a2dcb0364a	Sun Nov 13 10:57:58 2022 +0100	Fix GH-9298: remove all registered signal handlers in pcntl RSHUTDOWN
af68beb16a	b2186ca7c4	Thu Nov 10 12:37:08 2022 +0100	[ci skip] Fix GH-9918: License information for xxHash is not included in README.REDIST.BINS file
b2186ca7c4	e1c52d1a7c	Wed Nov 9 15:21:50 2022 +0100	Fix GH-9905: constant() behaves inconsistent when class is undefined
f31f464cec	1cd217038e	Mon Nov 7 11:07:58 2022 +0300	Fix memory leak
5d1f3e047c	75970077b0	Fri Nov 4 15:55:55 2022 +0100	Fix generator memory leaks when interrupted during argument evaluation (#9756)
35167af771	bca1e1f557	Thu Nov 3 16:33:07 2022 +0100	Really fix test this time
bca1e1f557	d2c663441d	Thu Nov 3 15:19:44 2022 +0100	Fix ext section
d2c663441d	ed1e703716	Thu Nov 3 15:18:13 2022 +0100	Fix duplicate SKIPIF section
d1c9ff5642	2b5bed904e	Wed Nov 2 14:51:59 2022 +0100	Fix potential NULL pointer dereference Windows shm*() functions
8229649045	1c5844aa3e	Sun Oct 30 17:00:40 2022 +0000	Fix GH-9770: Add small timeout in status-listen test
1c5844aa3e	96049867d8	Sun Oct 30 11:41:33 2022 +0000	Fix GH-9754: SaltStack hangs when running php-fpm 8.1.11
e713a8e8e5	5b60370906	Thu Oct 27 18:25:17 2022 +0100	Add a temporary fix for insufficient buffer size in mysqlnd (#9835)
537a104f14	af75eaf9bf	Tue Oct 25 13:03:55 2022 +0200	Fix user path in test
af75eaf9bf	b4fb66463b	Mon Oct 24 20:42:55 2022 +0300	opcache: fix syntax error introduced in 261a08af65168e24c43a81321284f3f461f3500d (#9821)
261a08af65	2caa79e963	Mon Oct 24 12:02:28 2022 +0300	JIT: Fix incorrect EX(opline) override
d50532be91	8b919c3175	Sun Oct 23 18:41:48 2022 -0600	Fix #81739: OOB read due to insufficient validation in imageloadfont()
45e224cf51	fa1b6ab5db	Sun Oct 23 00:46:05 2022 +0100	Fix GH-9709: Guard against current_execute_data==NULL in is_handle_exception_set
fa1b6ab5db	845c6b3b3b	Sat Oct 22 22:11:05 2022 +0100	Fix GH-8430: OpenSSL compiled with old disgests does not build
994097093c	26c7c82d32	Sat Oct 22 10:41:02 2022 +0200	Fix compilation warning
26c7c82d32	2b03846576	Sat Oct 22 10:40:28 2022 +0200	Fix crash when memory limit is exceeded during generator initialization
248f647724	ad8d00b47b	Thu Oct 20 23:57:35 2022 -0600	Fix bug #81738 (buffer overflow in hash_update() on long parameter)
d52f0451ad	4071e18620	Thu Oct 20 13:03:35 2022 +0200	Fix cli server blocking on accept when using multiple workers
4e8a6554cb	011b7f9840	Thu Oct 20 10:48:57 2022 +0200	Fix failing date test
011b7f9840	41a6a298d9	Wed Oct 19 16:02:49 2022 +0100	Test for bug #78055 (DatePeriod's getRecurrences and ->recurrences don't match)
7b48053293	cefb228e15	Mon Oct 17 17:08:44 2022 +0100	Fixed GH-9763: DateTimeZone ctr mishandles input and adds null byte if the argument is an offset larger than 100*60 minutes
e440e37fa8	24963be8ef	Thu Oct 13 15:56:08 2022 +0200	Fix GH-9720: Null pointer dereference while serializing the response
7e14d2466a	577b904fdc	Thu Oct 13 11:47:24 2022 +0200	Fix potential heap corruption due to alignment mismatch
c5364b851a	20680b885b	Tue Oct 11 14:23:12 2022 +0300	Fix crashes after opcache restart
be53e5e5bb	0430e765ea	Mon Oct 10 12:31:38 2022 +0100	Fix GH-9566: disable assembly for Fiber on FreeBSD i386.
d9651a9419	b43e49437c	Mon Oct 10 11:21:05 2022 +0300	Fix GH-9697: array_walk($ffiInstance, function () {}) crashes due to expecting mutable array
499fbcd679	072dc3c857	Thu Oct 6 14:29:13 2022 +0100	Actually fix GH-9583
e9a8892136	e81b6bf018	Wed Oct 5 22:14:42 2022 +0200	[skip ci] Fix config param for variation build
072dc3c857	ed652a514f	Wed Oct 5 21:39:16 2022 +0300	Fix typo
ed652a514f	5ca4113386	Mon Oct 3 17:08:11 2022 +0300	Fix register allocation (missing store)
5ca4113386	33375e927c	Mon Oct 3 14:48:03 2022 +0300	Fix abstract trace consisency for FE_FETCH instruction
257f108924	8e1cef4341	Thu Sep 29 20:40:16 2022 +0100	fix php_init_crypt_r/php_shutdown_crypt_r signatures warning.
2b8ac216b0	a3b5861ccc	Thu Sep 29 13:50:28 2022 +0200	[skip ci] Fix libmysqlclient build for >=PHP-8.2
a79e0ee57c	85641ae05a	Tue Sep 27 23:54:36 2022 +0200	[skip ci] Attempt to fix libmysqlclient build for >=PHP-8.2
03a48b1209	809176dab0	Tue Sep 27 23:36:09 2022 +0200	Fix PHP-8.0 skipping for community steps
958955e62a	0aa5adb143	Tue Sep 27 23:28:59 2022 +0200	Fix PHP-8.0 skipping for some jobs
0aa5adb143	2568db287d	Tue Sep 27 23:27:17 2022 +0200	Fix invalid label before }
809176dab0	1e8fa6607d	Tue Sep 27 18:40:02 2022 +0200	Fix new bug81726.phpt for PHP 8.0
432bf196d5	6f586ef90f	Tue Sep 27 18:21:32 2022 +0200	Fix regression introduced by fixing bug 81726
8b115254c0	def8c8d174	Tue Sep 27 15:52:21 2022 +0100	Fix GH-9583: session_create_id() fails with user defined save handler that doesn't have a validateId() method
c083efb779	b655451439	Mon Sep 26 12:02:03 2022 +0300	Fix memory leak
8258b7731b	e488f7b0eb	Mon Sep 26 11:43:38 2022 +0300	Fix memory leak
8a1f7fa721	54701ea3e7	Mon Sep 19 13:03:24 2022 +0300	Fix memory leak
e5b4624b8b	4a5202293b	Wed Sep 14 10:42:42 2022 +0100	Fixed #9165: strtotime translates a date-time with DST/non-DST hour differently based on default timezone
7fd14eb08b	cd927ef634	Tue Sep 13 17:15:36 2022 +0200	Fix oci_success_with_info.phpt test random failures
47500f3300	293e69179d	Tue Sep 13 12:42:58 2022 +0100	Fix GH-9421 Incorrect argument number for ValueError in NumberFormatter
293e69179d	d0b3096ff0	Tue Sep 13 11:24:19 2022 +0100	Fix GH-9308 GMP throws the wrong error when a GMP object is passed to gmp_init()
9af98cd465	f4afa9adc6	Mon Sep 12 23:31:26 2022 +0200	Fix ZEND_RC_MOD_CHECK() for thread local ini parser strings
404e8bdb68	0611be4e82	Fri Sep 9 17:10:04 2022 +0100	Fix #81726: phar wrapper: DOS when using quine gzip file
0611be4e82	198f3f509d	Fri Sep 9 17:10:04 2022 +0100	Fix #81727: Don't mangle HTTP variable names that clash with ones that have a specific semantic meaning.
aa7f4497bf	d5373eac46	Thu Sep 8 15:56:10 2022 +0200	Fix undefined left shift in oci
d5373eac46	1435fc6262	Thu Sep 8 10:52:27 2022 +0200	Fix lsp error in eval'd code referring to incorrect class for static type
6ac3f7c84d	81cb005ef7	Mon Sep 5 16:37:54 2022 +0200	Fix GH-9411: PgSQL large object resource is incorrectly closed
59180b50b3	c852e0fff9	Mon Sep 5 12:37:53 2022 +0200	Fix inexistent skipif.inc
81cb005ef7	6aedc5eaf0	Mon Sep 5 12:55:50 2022 +0300	Fix type inference
93f11d8429	3d6ed8c852	Fri Sep 2 13:32:50 2022 +0200	Fix GH-8932: Provide a way to get the called-scope of closures (#9299)
2cfb028e22	f8b217a345	Fri Sep 2 08:57:26 2022 +0200	Fix class name FQN when AST dumping new and class const
f8b217a345	65619e868c	Wed Aug 31 14:22:44 2022 +0200	Fix pcre.jit on Apple Silicon
65619e868c	1862152145	Tue Aug 30 16:52:33 2022 +0200	Fix tests
1862152145	8be917b248	Tue Aug 30 09:13:46 2022 -0500	Revert "Fix GH-9296: `ksort` behaves incorrectly on arrays with mixed keys"
3503b1daa2	986e7319c5	Mon Aug 29 22:25:53 2022 +0100	Fix bug #77780: "Headers already sent" when previous connection was aborted
986e7319c5	bcdd9877e1	Mon Aug 29 16:42:10 2022 +0100	Re-add fixed tests for GH-8885
bcdd9877e1	263a07e5b0	Mon Aug 29 16:40:31 2022 +0100	Fix GH-8885 tests on MacOS
f92505cf24	4135e6011c	Mon Aug 29 14:39:24 2022 +0100	Fix GH-8885: access.log with stderr writes logs to error_log after reload
4135e6011c	725cb4e8ad	Mon Aug 29 14:53:48 2022 +0300	Fix memory leak
725cb4e8ad	ce42dcf483	Mon Aug 29 12:41:36 2022 +0200	Revert "Fix GH-9296: `ksort` behaves incorrectly on arrays with mixed keys"
ce42dcf483	e2a5428ca0	Mon Aug 29 12:30:14 2022 +0300	Fix ext/opcache/tests/jit/inc_obj_004.phpt failure introduced by fd74ee7e909c66f09d8d904a5438b275a13e8738
e2a5428ca0	f86629569c	Sun Aug 28 23:24:23 2022 +0100	FPM fix strict prototype warnings.
f86629569c	34d9e089c2	Fri Aug 26 14:57:13 2022 +0200	Fix pdo_dblib ext test conflicts when run in parallel
34d9e089c2	be4dd60c55	Fri Aug 26 10:56:58 2022 +0200	Fix GH-8348 for nightly
be4dd60c55	f59754694e	Thu Aug 25 15:20:50 2022 +0200	Fix oci8/pdo_oci random test failures when run in parallel
2db2cab6ad	95befc786a	Wed Aug 24 14:39:45 2022 +0200	Fix pdo_oci tests for PHP 8.1
95befc786a	2a33280ceb	Mon Aug 22 21:11:39 2022 +0300	Fix type inference
73c2d79fc5	c9c51eb1f1	Mon Aug 22 17:47:07 2022 +0300	Fix memory leaks
c9c51eb1f1	bb341210f5	Mon Aug 22 15:38:41 2022 +0300	Tracing JIT: Fix incorrect guard elimination
bb341210f5	305892580e	Mon Aug 22 12:59:17 2022 +0200	Fix GH-9361: Segmentation fault on script exit
305892580e	6027d441c1	Mon Aug 22 09:25:43 2022 +0200	Fix pdo_oci tests for PHP 8.0
6027d441c1	52e312afb8	Fri Aug 19 18:10:06 2022 +0200	Fix #79451: DOMDocument->replaceChild on doctype causes double free
52e312afb8	d6831e9a5c	Fri Aug 19 16:40:29 2022 +0100	opcache jit fix message format for OpenBSD.
d6831e9a5c	ba029fce68	Fri Aug 19 13:54:54 2022 +0100	Revert Fixed bug #79451
5739dd0030	c36a1ea1ae	Fri Aug 19 13:17:57 2022 +0100	Fix bad merge
ba029fce68	410e5d48a3	Fri Aug 19 12:50:02 2022 +0100	Fix GH-9323: crash when the VM enters userspace code via the GC
410e5d48a3	1d4300d870	Fri Aug 19 12:46:55 2022 +0100	Fix GCC 9.4 uninitialized variable warning
1d4300d870	72da418719	Fri Aug 19 12:46:23 2022 +0100	Fix bug #79451: Using DOMDocument->replaceChild on doctype causes double free
72da418719	84dcf578b1	Thu Aug 18 12:27:54 2022 +0200	Fix GH-9316: $http_response_header is wrong for long status line
84dcf578b1	7c6316ad1c	Wed Aug 17 19:49:36 2022 +0100	Fix GH-9339: OpenSSL oid_file path check warning contains uninitialized path
7f64a8d59f	14d71957ca	Sun Aug 14 14:18:28 2022 +0100	[skip ci] Add missing NEWS entry for GH-8409 fix to PHP-8.1 branch (skip-ci)
b8d07451d4	cd1aed8edd	Sun Aug 14 20:13:36 2022 +0800	Re-fix GH-8409: SSL handshake timeout persistent connections hanging
897ca85d33	d0527427be	Sun Aug 14 19:41:06 2022 +0800	Revert "Fix GH-8409: SSL handshake timeout persistent connections hanging"
d0527427be	71c22efae7	Fri Aug 12 17:09:24 2022 +0100	Fix GH-8409: SSL handshake timeout persistent connections hanging
71c22efae7	7908aae30c	Fri Aug 12 16:24:30 2022 +0200	Fix GH-9309: Segfault when connection is used after imap_close()
cd1aed8edd	962d8bd0b6	Fri Aug 12 11:32:23 2022 +0200	Fix GH-9296: `ksort` behaves incorrectly on arrays with mixed keys
18183ff9c7	ab58e4a03d	Thu Aug 11 09:30:47 2022 +0300	Fix order of checks to throw exception with better message
8aeae636e3	d9ff5e079f	Wed Aug 10 21:46:25 2022 +0100	Fixes CI macOs, replacing now disabled tidyp dependency to tidy-html5.
0709578517	c9fa98a174	Tue Aug 9 14:16:11 2022 +0200	Fix GH-9266: GC root buffer keeps growing when dtors are present
d9ff5e079f	a807092c18	Sun Aug 7 14:17:38 2022 +0100	Fix GH-8472: stream_socket_accept result may have incorrect metadata
a08ffc7052	2758ff2a77	Tue Aug 2 10:32:06 2022 +0200	[ci-skip] Fix for bug #80047 was included in previous release
69c10aed58	4b19b85eb6	Mon Aug 1 15:32:49 2022 +0300	Fix incorrect guard motion out of the loop
af1a7b7b72	4147257fc4	Mon Aug 1 14:00:19 2022 +0300	Fix SSA reconstruction when body of "foreach" loop is removed
565a416e87	dd241c081c	Fri Jul 29 12:14:44 2022 +0200	Fix attribute target validation on fake closures
001e7dbb04	85f3a969dc	Thu Jul 28 10:28:10 2022 +0100	Fixed bug #80047 (DatePeriod doesn't warn with custom DateTimeImmutable)
85f3a969dc	8ed21a89f3	Thu Jul 28 10:13:54 2022 +0100	Revert "Fixed #80047: DatePeriod doesn't warn with custom DateTimeImmutable"
8ed21a89f3	a442e29485	Wed Jul 27 12:49:16 2022 +0200	Fix GH-9032: SQLite3 authorizer crashes on NULL values
a442e29485	35fd97c3c9	Wed Jul 27 12:08:36 2022 +0200	Fix GH-9155: dba_open("non-existing", "c-", "flatfile") segfaults
35fd97c3c9	44b86aee31	Mon Jul 25 16:30:19 2022 +0200	Fix GH-9033: Loading blacklist file can fail due to negative length
d50875c822	e70d282077	Mon Jul 25 15:53:06 2022 +0300	Fix type inference
e70d282077	cc465ba0bb	Mon Jul 25 15:24:26 2022 +0300	JIT: Fix missing type stote
44b86aee31	3962f00b01	Mon Jul 25 12:04:46 2022 +0300	Fix memory leak
3962f00b01	ad136e6a6d	Thu Jul 21 17:20:30 2022 +0200	Fix spl test cleanup
5b83b3a933	3b7babf9b3	Thu Jul 21 14:05:48 2022 +0100	Fix memory leak in LMDB driver
355995735b	37d460b64a	Thu Jul 21 12:11:42 2022 +0100	Fixed diff, again
37d460b64a	cc9c57722a	Thu Jul 21 12:11:42 2022 +0100	Fixed #81263: Wrong result from DateTimeImmutable::diff
cc9c57722a	eea2283693	Thu Jul 21 12:11:42 2022 +0100	Fixed GH-8730: DateTime::diff miscalculation is same time zone of different type
c2bdaa48e1	d430652935	Wed Jul 20 16:58:55 2022 +0200	Fix GH-9008: mb_detect_encoding(): wrong results with null $encodings
d430652935	9af3327176	Wed Jul 20 14:41:28 2022 +0200	Fix --CGI-- support of run-tests.php
3b7babf9b3	a670d2be74	Tue Jul 19 17:06:02 2022 +0200	Fix GH-9017: php_stream_sock_open_from_socket could return NULL
82d3ad64df	4b38779a48	Mon Jul 18 14:20:06 2022 +0300	Fix type inference
f2381ae4ba	b734d45626	Mon Jul 18 12:34:20 2022 +0200	Fix JIT crash with large number of match/switch arms (#8961)
bd30eff5de	d830a1f6f0	Mon Jul 18 13:14:15 2022 +0300	Fix type inference for FETCH_DI_UNSET
ede92a86f2	789a37f144	Fri Jul 15 13:00:48 2022 +0200	Fix `WeakMap` object reference offset causing `TypeError` (#8995)
77e954afaa	7c3dfbb845	Tue Jul 12 13:36:20 2022 +0200	Fix GH-8923: error_log on Windows can hold the file write lock
2dbde18b29	5e0b2e537d	Sat Jul 9 22:58:02 2022 +0200	Fix GH-8952: std streams can not be deliberately closed (#8953)
7c3dfbb845	bd6793372b	Fri Jul 8 17:38:31 2022 +0100	intl extension, build fix for icu >= 69.x release. ubrk/ucnv_safeClone had been deprecated in favor of ubrk/ucnv_clone which does not use user provided stacks but remain thread safe.
bd6793372b	2e58e9e60f	Fri Jul 8 13:11:37 2022 +0100	FPM: Fix possible double free on configuration load failure.
c650e67c90	de202a5f2f	Thu Jul 7 16:59:54 2022 -0400	Fixed bug GH-8943 Reflection::getModifiersNames() with readonly modifier
de202a5f2f	0bf0698226	Thu Jul 7 14:07:11 2022 +0200	[ci skip] drop NEWS entry for reverted fix
2e58e9e60f	79a283240e	Thu Jul 7 14:06:32 2022 +0200	[ci skip] drop NEWS entry for reverted fix
79a283240e	8fce70ae7b	Tue Jul 5 21:28:59 2022 +0100	Revert "Fix GH-8563  Different results for seek() on SplFileObject and SplTempFileObject"
ca6d511fa5	4f4457a6e9	Tue Jul 5 00:44:00 2022 -0600	Fix #81723: Memory corruption in finfo_buffer()
b3569865b3	d66d477d6f	Fri Jul 1 05:33:12 2022 +0100	Fix the crypt sha apis build (with recent clang versions).
d66d477d6f	7cf6f17383	Wed Jun 29 13:08:18 2022 +0300	Fix incorrect condition introdused in 7cf6f173831caea9952a84b9e4a93594aac8ba00
7cf6f17383	325ca31dcf	Wed Jun 29 12:10:46 2022 +0300	Fixed bug GH-8847 (PHP hanging infinitly at 100% cpu when check php syntaxe of a valid file)
325ca31dcf	7166932bab	Mon Jun 27 23:34:58 2022 +0100	FPM: zlog, fix free on wrong address for message prepend.
7e23c838e2	49a3cc63dd	Mon Jun 27 16:41:53 2022 +0300	Fixed Bug GH-8863: RW operation on readonly property doesn't throw with JIT
973c3f6e24	13f55d5c1b	Sat Jun 25 17:52:14 2022 +0100	Fixed #80047: DatePeriod doesn't warn with custom DateTimeImmutable
9405f43ba9	fcd69a4e2b	Thu Jun 23 15:20:49 2022 +0200	Fix GH-8848: imagecopyresized() error refers to the wrong argument
7e8ad578ab	b8dee9b3fc	Mon Jun 20 18:46:17 2022 +0200	Fix bad merge (b8dee9b3fc0f8f6371313cc54c642a5c9fc8bcd9)
a8437d08a8	6f87a5c633	Mon Jun 20 18:01:02 2022 +0200	Fix GH-8827: Intentionally closing std handles no longer possible
6f87a5c633	93a44f8c50	Mon Jun 20 12:47:37 2022 +0100	Fix GH-8563  Different results for seek() on SplFileObject and SplTempFileObject
93a44f8c50	229e80c6ef	Mon Jun 20 12:00:50 2022 +0200	Fix potential use after free in php_binary_init()
229e80c6ef	e330f443c9	Mon Jun 20 10:59:37 2022 +0300	Fix memory leak
d9cca443ad	b3e6faed48	Sun Jun 19 22:56:44 2022 +0100	Fix strict prototype for php_closelog
e330f443c9	651e0cc187	Sun Jun 19 20:05:49 2022 +0100	Fix bug #67764: fpm: syslog.ident does not work
651e0cc187	d84b972658	Sat Jun 18 11:48:49 2022 +0200	Fix GH-8778: Integer arithmethic with large number variants fails
d84b972658	fe97a5ae19	Fri Jun 17 19:51:58 2022 -0400	Fixed CURLOPT_TLSAUTH_TYPE is not treated as a string option.
a8497cb8fe	036bed01ce	Fri Jun 17 19:34:48 2022 +0200	[ci skip] Fix NEWS format
036bed01ce	3fed226e62	Fri Jun 17 17:30:57 2022 +0200	Fix imagecreatefromavif() memory leak
36990aab8e	a83363e361	Fri Jun 17 09:34:27 2022 +0100	Fixed bug #77243 (Weekdays are calculated incorrectly for negative years)
a83363e361	26feb2e6f2	Thu Jun 16 12:18:01 2022 +0100	FPM: Fix use after free in `fpm_evaluate_full_path` Closes #8796.
390538af2e	1cd8074743	Wed Jun 15 15:37:27 2022 +0200	Fix GH-8781 ZipArchive::close deletes zip file without updating stat cache
971b07ea60	70e0e1ada6	Tue Jun 14 15:03:50 2022 +0300	JIT: Fix incorrect reference-counting
1cd8074743	0b8e471b3c	Tue Jun 14 13:57:44 2022 +0300	JIT: Fix missing register store
0b8e471b3c	445d9502bf	Tue Jun 14 12:44:37 2022 +0300	Fix use after free
729be469ae	1b45efb6fb	Tue Jun 14 11:59:35 2022 +0300	Fix type inference
1b45efb6fb	4b8bbfb6db	Tue Jun 14 10:20:45 2022 +0300	Fix type inference
445d9502bf	df4dd82ea0	Mon Jun 13 14:41:50 2022 +0200	Fix handling of single-key connection strings
df4dd82ea0	62f64141ef	Fri Jun 10 12:41:54 2022 -0400	Fix bad integer promotion in mysqlnd big5 charset detection
2f78c1f9d9	cb9a48a0c5	Thu Jun 9 23:01:52 2022 +0100	Fix and improve OpenSSL VCWD path checking test for bug #50293
b765d4cd41	e2d55f2f12	Thu Jun 9 19:49:59 2022 +0100	Fix bug #50293 and #81713: file path checking in OpenSSL functions
e2d55f2f12	52eb52d652	Thu Jun 9 13:48:02 2022 -0400	Fix LONG_CHECK_VALID_INT in socket extension
96e3a9d316	f768f3d60b	Thu Jun 9 13:28:12 2022 +0200	Fix RC=1 references of declared properties when casting objects to arrays
f768f3d60b	8e2378a4e0	Wed Jun 8 18:33:55 2022 +0200	Fix recently broken test case
8e2378a4e0	f800c60f13	Wed Jun 8 17:06:06 2022 +0200	Fix test case
c05c96b3fe	938049b927	Wed Jun 8 11:37:07 2022 +0100	Fix GH-8691 Add required extensions for redirected tests
59a3de3786	a0f479f0b6	Tue Jun 7 11:28:41 2022 -0500	Fix date on PHP 8.1.7 release
a6a13139db	93eeec81f1	Tue Jun 7 09:59:17 2022 -0500	Fix #76452: Crash while parsing blob data in firebird_fetch_blob
088e5677fb	e864cb61a7	Mon Jun 6 11:35:01 2022 +0300	Fix memory leak
b86c6245cc	98e1291b7e	Mon Jun 6 11:13:53 2022 +0300	Fix type inference
58006537fc	55f6895f4b	Mon Jun 6 00:56:51 2022 -0600	Fix bug #81719: mysqlnd/pdo password buffer overflow
55f6895f4b	fbee73df14	Mon Jun 6 00:34:23 2022 -0600	Fix #81720: Uninitialized array in pg_query_params() leading to RCE
bfe63f565f	0a47fdf538	Fri Jun 3 15:12:09 2022 +0100	Fix dblib ghtest8626 test.
0a47fdf538	ae8c2bc1ce	Fri Jun 3 08:04:07 2022 +0100	Revert "Fix detection of unknown gcc function attributes"
2eb2f9d74f	813d942bac	Fri Jun 3 07:53:48 2022 +0200	Fix GH-8685 mbstring requires pcre
813d942bac	df52903ee0	Thu Jun 2 21:09:09 2022 +0100	Fix detection of unknown gcc function attributes
df52903ee0	3a8912fb7c	Thu Jun 2 17:32:43 2022 +0100	Closes GH-8626: Fix PDOStatement->execute() failed. Then execute successfully, errorInfo() information is incorrect
a528571cec	0c3b411c6b	Thu Jun 2 16:22:45 2022 +0200	Fix test to require PDO_Firebird
3a8912fb7c	591bd1186f	Mon May 30 11:32:17 2022 +0300	Fix memory leak
93fc88e808	38669f5df3	Sat May 28 10:51:17 2022 +0200	Fix Enum::from/tryFrom memory leak in JIT for internal enums
d5e57268a9	d8590b1aff	Fri May 27 14:43:04 2022 +0100	Fixed bug #78139 (timezone_open accepts invalid timezone string argument).
6418eba1cd	b90201745f	Fri May 27 09:33:20 2022 +0100	Fixed bug #74671 (DST timezone abbreviation has incorrect offset)
b90201745f	172b7345b1	Fri May 27 08:36:56 2022 +0200	Fixed test
209ea3ffc7	2dcd82162e	Thu May 26 14:30:22 2022 +0100	Fixed tests
2dcd82162e	dfd1d7a531	Thu May 26 13:49:51 2022 +0100	Fixed bug #72963 (Null-byte injection in CreateFromFormat and related functions)
dfd1d7a531	e05897fe5e	Thu May 26 13:49:51 2022 +0100	Fixed bug #76963 (Null-byte injection in createFromFormat)
9bb97ee8bc	5017240ccc	Tue May 24 15:32:20 2022 +0200	Fix mb_detect_encoding's recognition of Slavic names
e33de9dda8	2a13304b2e	Tue May 24 14:59:50 2022 +0200	Fix pcntl Haiku build
2a13304b2e	f0480eb4de	Mon May 23 16:49:12 2022 +0200	Fix GH-8538: SoapClient may strip parts of nmtokens
f0480eb4de	c12141c860	Sun May 22 23:23:47 2022 +0200	Fix undefined behavior in php_set_inet6_addr
008016b536	78d5076b25	Fri May 20 13:18:43 2022 +0100	Fixed bug #81565 (date parsing fails when provided with timezones including seconds)
78d5076b25	23dbefdb7b	Fri May 20 13:18:43 2022 +0100	Fixed bug #51987 (Datetime fails to parse an ISO 8601 ordinal date (extended format))
23dbefdb7b	20d8c1bea5	Fri May 20 13:18:43 2022 +0100	Fixed bug #51934 (strtotime plurals / incorrect time)
20d8c1bea5	ee2776210b	Fri May 20 13:18:43 2022 +0100	Fixed bug #68549 (Timezones and offsets are not properly used when working with dates)
ee2776210b	ef55bf7149	Fri May 20 13:18:43 2022 +0100	Fixed bug #66019 (DateTime object does not support short ISO 8601 time format - YYYY-MM-DDTHH)
ef55bf7149	b510868bb8	Fri May 20 13:18:42 2022 +0100	Fixed bug GH-7758 (Problems with negative timestamps and fractions)
b510868bb8	546abc4bc6	Fri May 20 13:18:26 2022 +0100	Adjust existing tests for fixed bugs
8735ae9d13	84ea0aa684	Thu May 19 11:03:49 2022 +0200	Fix GH-8578: Error on wrong parameter on SoapHeader constructor
84ea0aa684	05375602a7	Mon May 16 13:45:31 2022 +0300	Fix memory leak
05375602a7	5a39f4c7cc	Mon May 16 12:41:25 2022 +0300	Fix type inference
74f75db0c3	49549ea585	Sun May 15 16:52:12 2022 +0100	Fix bug #79589: ssl3_read_n:unexpected eof while reading
84c1e99ecf	f1fc58ed8d	Wed May 11 12:39:26 2022 +0300	Fix type inference
3f1e1b9ddf	23a2030438	Wed May 11 12:09:11 2022 +0300	Fix type inference
b1b79c74fb	82eea0efc9	Wed May 11 11:43:01 2022 +0300	Fix memory leak
23a2030438	a7a590211e	Tue May 10 21:36:55 2022 +0100	Fix bug #72185: php-fpm writes empty fcgi record causing nginx 502
e9e2cf0230	8e688e0cf2	Mon May 9 14:05:57 2022 +0200	Fix test wrt. deprecation of float to int conversions
a7a590211e	95f5f9d21d	Mon May 9 10:55:32 2022 +0200	Fix mysqli tests wrt. MySQL 8.0.28
b388e951b8	a82ee8e38b	Sat May 7 16:45:03 2022 +0100	Fix build with Valgrind without I_REPLACE_SONAME_FNNAME_ZU symbol
f07a08df5c	b2be88954b	Fri May 6 15:25:44 2022 +0200	Fix unregistering ini entries of dynamically loaded extension (#8435)
92f8f19d50	710294c9a5	Thu May 5 12:10:50 2022 +0100	Fixed GH-8471: Segmentation fault when converting immutable and mutable DateTime instances created using reflection
710294c9a5	74924ada93	Wed May 4 11:29:08 2022 +0200	Fix zend_test tests
74924ada93	722e9b9fa5	Tue May 3 21:34:01 2022 +0200	Fix get_function_or_method_name when included file is scoped (#8467)
722e9b9fa5	ad7b9f4e50	Tue May 3 15:07:50 2022 +0200	Fix test for curl 7.83.0
ad7b9f4e50	136ef6f129	Tue May 3 12:57:58 2022 +0200	Fix GH-8235: iterator_count() may run indefinitely
136ef6f129	2d4cc0eb83	Tue May 3 12:12:41 2022 +0200	Fix PDO URI test
62a650ab7d	c9fba10242	Mon May 2 14:22:17 2022 +0200	bug: Fix type for $index in ZipArchive::replaceFile
389d11308c	60487621c1	Mon May 2 14:08:19 2022 +0200	bug: Fix type for $index in ZipArchive::replaceFile
60487621c1	82dae61c04	Mon May 2 13:58:25 2022 +0200	Fix test XFAIL, update phar to use spl_autoload_register
82dae61c04	ef06f0f50b	Fri Apr 29 20:46:38 2022 +0100	Move FPM ACS fix NEWS entry to 8.0.20
e28e0ad35e	0332b62c35	Fri Apr 29 20:43:50 2022 +0100	Update NEWS entry with correct version for FPM ACL fix
ef06f0f50b	0df28869f6	Fri Apr 29 20:39:22 2022 +0100	Fix FPM ACL build check on MacOS
1944c14ce7	21d551ad0f	Thu Apr 28 19:48:23 2022 +0200	Fix ReflectionProperty::__toString() of properties containing enums
4bb0dd49d8	52a18a6620	Tue Apr 26 14:16:38 2022 +0200	Haiku fix ZTS build disabling `tsrm_ls_cache` usage.
3564eaff42	30f4c725cb	Tue Apr 26 08:31:42 2022 +0300	Fixed tests
30f4c725cb	3b735456c6	Mon Apr 25 14:26:56 2022 +0200	Fix GH-8218: ob_end_clean does not reset Content-Encoding header
948ef10dd0	1aa5e9392d	Mon Apr 25 13:31:01 2022 +0300	Fix ISSET_ISEMPTY_VAR missoptimization
3e78964742	8286de2fd3	Mon Apr 25 12:15:55 2022 +0300	Fix type inference
8286de2fd3	a74b865123	Mon Apr 25 11:16:10 2022 +0300	Fix type narrowing warning during type inference of ZEND_FETCH_DIM_W
2397e7685e	f5d9e7c031	Sun Apr 24 14:53:18 2022 +0200	Fix GH-8433: Assigning function pointers to structs in FFI leaks memory
f5d9e7c031	ff90d42b8b	Sun Apr 24 12:43:08 2022 +0200	Fix GH-8364: msgfmt_format $values may not support references
ff90d42b8b	6186ecd436	Sat Apr 23 15:11:53 2022 +0100	Fix FPM kqueue handler fix remove callback typo
660ef91fbc	bfad99f8a1	Sat Apr 23 14:00:11 2022 +0100	Fix GH-8273: SplFileObject: key() returns wrong value
6186ecd436	4d6965dcec	Sat Apr 23 13:56:38 2022 +0100	Fix GH-8273: SplFileObject: key() returns wrong value
d0f1b987a5	d8612fb6b7	Sat Apr 23 11:16:28 2022 +0200	Fix GH-8421: Attributes that target functions are not valid for anonymous functions defined within a method
d8612fb6b7	c854bb2472	Fri Apr 22 20:51:02 2022 +0100	Fix bug #77023: FPM cannot shutdown processes
c854bb2472	1dc6dba014	Fri Apr 22 10:29:37 2022 +0100	Fixed GH-8400: bug73837.phpt makes no sense
4397811db2	e9b9fec2b2	Thu Apr 21 11:57:12 2022 +0200	Fix preloading of constants containing enums
dad5cb442d	2f0918c638	Wed Apr 20 16:42:09 2022 +0200	Fix GH-8408: bug68547.phpt fails without multibyte support
c3a30544ad	04e59c916f	Mon Apr 18 11:34:18 2022 +0300	JIT: Fixed incorrect guard
2f0918c638	fc9fecbd09	Fri Apr 15 22:20:15 2022 +0100	Fix FPM socket clean up reallocation clang build warning
fc9fecbd09	d16d251e20	Fri Apr 15 22:19:36 2022 +0100	Fix FPM zlog warning with var being uninitialized
b08aac0451	1762a87932	Fri Apr 15 22:14:44 2022 +0200	Fix inference for assignment of known object to reference
1762a87932	789f6b8367	Fri Apr 15 19:05:18 2022 +0200	Fix GH-8366: ArrayIterator may leak when calling __construct()
e3f2846bbb	cd90ddca85	Thu Apr 14 09:50:48 2022 +0200	Fix opcache testing in CI
16bf8331e0	5655f1abe3	Wed Apr 13 15:20:58 2022 +0200	Fix openssl_csr_export() stub
5655f1abe3	33bb201b3e	Wed Apr 13 14:45:52 2022 +0200	Fix `--EXTENSIONS--` section for two tests in ext/zend_test
33bb201b3e	07e91ca91c	Tue Apr 12 23:12:11 2022 +0100	Fix bug #76003: FPM /status reports wrong number of active processe
3aaf2f6f89	5b048dd05c	Mon Apr 11 12:17:05 2022 +0300	JIT: Fix memory lek
5b048dd05c	9af3759987	Mon Apr 11 11:42:01 2022 +0300	Tracing JIT: Fixed incorrect assumption about stack slot type
c72e9621ce	323f3c6914	Sun Apr 10 11:22:36 2022 +0200	Improve type narrowing fix
7c702b72f2	7aefee1613	Thu Apr 7 17:03:15 2022 +0200	Fix GH-8267: MySQLi uses unsupported format specifier on Windows
1bd9890b20	187f5a362d	Wed Apr 6 17:33:30 2022 +0200	Fix GH-8310: Registry settings are no longer recognized
c2eafc29f5	43f3745abb	Tue Apr 5 13:25:22 2022 +0200	Fix #81714: segfault when serializing finalized HashContext
c489e360a6	c0bb238483	Mon Apr 4 16:36:25 2022 +0300	JIT: Fix array clobbering by user error handler
c0bb238483	9cb512ecc1	Mon Apr 4 15:34:02 2022 +0300	Fixed reference counting inference
0d44bbd212	13649451c2	Mon Apr 4 14:20:45 2022 +0300	JIT: Fixed incorrect code generation
14fddd17df	e4c7ffc152	Mon Apr 4 12:03:39 2022 +0300	Fix arsort() crash on recursion
e4c7ffc152	16dcededa8	Fri Apr 1 17:51:18 2022 +0200	Fix deprecated warning in new gh8289.phpt test
13649451c2	d82d62c237	Fri Apr 1 17:32:48 2022 +0200	Fix GH-8289: Exceptions thrown within a yielded from iterator are not rethrown into the generator
e6c4988187	7d6a3af7db	Fri Apr 1 13:28:05 2022 +0100	Fixed #7752, #8101, #81660: DateTimeZone::getTransitions() returns insufficient data
ced5581eca	40b20d8215	Thu Mar 31 10:53:58 2022 +0100	Fix mnd_malloc -> mnd_emalloc from previous merge
06e383b2f4	0e6d6f83cc	Thu Mar 31 10:31:52 2022 +0100	Fix regression from #8058
0e6d6f83cc	fe4aba6588	Tue Mar 29 10:51:19 2022 +0200	Fix GH-8253: pg_insert() fails for references
23cce68d24	2119ba215a	Tue Mar 29 09:54:40 2022 +0200	run-tests.php: fix TypeError: Unsupported operand types: string * int <n> is mandatory for --show-slow and --set-timeout use <n> in help message instead of confusing [n]
5a8622fe78	771dbdb319	Mon Mar 28 18:27:44 2022 +0200	Fix result_type related stack corruption on LLP64 architectures
771dbdb319	aa352c2c54	Mon Mar 28 14:00:22 2022 +0200	Fix signedness confusion in php_filter_validate_domain()
aa352c2c54	cf83bdd925	Fri Mar 25 16:54:50 2022 +0300	JIT: Fixed memory leak
e706d024b2	62a1c068fe	Fri Mar 25 13:10:55 2022 +0100	Fix IntlPartsIterator key off-by-one error
cf83bdd925	e9fc81a2f8	Mon Mar 21 16:08:52 2022 +0300	JIT: Fix register clobbering
e9fc81a2f8	7051dc3372	Mon Mar 21 13:34:46 2022 +0300	JIT: Fix missing type store
7051dc3372	3d6a7e2bd5	Mon Mar 21 12:50:30 2022 +0300	JIT: Fix memory leak
3d6a7e2bd5	d0417ebc93	Fri Mar 18 18:54:47 2022 +0300	JIT: Fix missing exception handling
d0417ebc93	ef29ddcc27	Thu Mar 17 17:31:58 2022 +0100	Fix GH-8208: mb_encode_mimeheader: $indent functionality broken
b92ae85b25	aef65393be	Mon Mar 14 15:14:27 2022 +0100	Fix typo (--EXTENSION-- â†’ --EXTENSIONS--)
ef29ddcc27	2b7431cf5b	Mon Mar 14 14:27:04 2022 +0100	Fix GH-8068: mysqli_fetch_object creates inaccessible properties
2b7431cf5b	e20f955e44	Mon Mar 14 12:57:37 2022 +0300	Fix memory leak
e20f955e44	9792f0db76	Mon Mar 14 11:46:45 2022 +0300	JIT: Fix register allocation
9792f0db76	2b2aeb989e	Mon Mar 14 09:48:58 2022 +0300	JIT: Fix type store
2b2aeb989e	6c3816cee5	Fri Mar 11 14:39:39 2022 +0100	Fix GH-8160: ZTS support on Alpine is broken
770a544af4	f7608df78d	Fri Mar 11 14:30:27 2022 +0300	Optimizer: Fix inorrect constant substitution in FETCH_LIST_R
151d2ac5ae	7eb972c456	Fri Mar 11 11:32:23 2022 +0300	Fixed memory leak
c6a53f9499	f16d35cfe9	Fri Mar 11 10:50:31 2022 +0300	Fix non-reentirant startiong or error recording from error handler
7eb972c456	1d9a1f9be3	Thu Mar 10 14:48:08 2022 +0100	Fix Solaris builds of ext/sockets
1d9a1f9be3	15949b61ba	Tue Mar 8 16:54:02 2022 +0100	Fix GH-8121: SplFileObject - seek and key with csv file inconsistent
15949b61ba	0d7e10c1a9	Mon Mar 7 22:24:55 2022 +0100	Fix ZTS build after cherry-pick
0d7e10c1a9	f095d2c91b	Mon Mar 7 22:05:40 2022 +0100	Fix memory leak of function attribute hash table (#8070)
f095d2c91b	8b15858c58	Mon Mar 7 22:04:16 2022 +0100	Fix freeing of internal attribute arguments
cbbf3502a2	4b90eef9cf	Mon Mar 7 18:26:46 2022 +0100	Fix GH-8176: Fix leaking enum values in property initializers
8b15858c58	57ef16bb5d	Fri Mar 4 16:20:39 2022 +0100	Fix GH-8142: Compilation error on cygwin
57ef16bb5d	e6cf583160	Fri Mar 4 16:06:35 2022 +0100	Fix GH-8048: disk_*_space wrong for some filesystems on macOS
e6cf583160	05f2fb3af3	Tue Mar 1 14:49:44 2022 +0100	Fix GH-8082: Prevent leaking memory on observed transient run_time_caches
05f2fb3af3	5507201a38	Tue Mar 1 11:32:28 2022 +0100	Fix NEWS format
01702a851b	70f7e7d83f	Tue Mar 1 01:33:22 2022 +0300	Fix use after free
bb0b4eb996	aced867a95	Tue Mar 1 00:00:22 2022 +0300	Fix infiniry recursion during serialize() of "tricky" object
aced867a95	f67986a921	Mon Feb 28 18:25:49 2022 +0300	Fix typr inference
70f7e7d83f	ac8a53cab1	Mon Feb 28 15:43:03 2022 +0300	JIT: Fix memory leak
ac8a53cab1	0d266a24d6	Mon Feb 28 13:48:53 2022 +0300	JIT: Fix register allocator
0d266a24d6	78c7289f69	Mon Feb 28 10:08:47 2022 +0100	Fix GH-8080: ReflectionClass::getConstants() depends on def. order
78c7289f69	cd1c6f0b81	Mon Feb 28 11:44:22 2022 +0300	Fixed incorrect DCE for FREE
8b8cf8f8f5	33cd61c904	Mon Feb 28 10:58:14 2022 +0300	JIT: Fix register clobbering
33cd61c904	5d907dfcee	Thu Feb 24 10:35:53 2022 +0100	Fix GH-8140: Wrong first class callable by name optimization
cd1c6f0b81	41461cf812	Wed Feb 23 19:23:00 2022 -0500	Fixes infinite recursion introduced by patch to SplFixedArray (#8105)
bbc111ed3f	100ce1f1f7	Wed Feb 23 22:56:55 2022 +0200	Add NEWS entry for recent MBString bugfix (re: '7bit' encoding)
ef80dcb80b	3198b8787b	Tue Feb 22 10:14:54 2022 +0100	Fix GH-8074: Wrong type inference of range() result
fb70460d8e	19063a84f0	Mon Feb 21 12:39:07 2022 +0100	Fix GH-7958: Nested CallbackFilterIterator is leaking memory
19063a84f0	afbb9b9a1b	Sat Feb 19 11:37:52 2022 +0100	Fix null static_variable_ptr for uncalled fake closures
3198b8787b	84a638a346	Fri Feb 18 17:15:07 2022 +0300	JIT: Fix register allocation
84a638a346	8f5480e7eb	Fri Feb 18 12:20:40 2022 +0300	Fix memory leak
e98a7a68b7	6fbf5a61bb	Tue Feb 15 19:14:07 2022 +0100	Fix bugtracker URL
0fab520ded	7add0da996	Mon Feb 14 17:58:26 2022 -0500	Fix zend_register_internal_class_ex alias generation (#8091)
d13ceb74fa	dce5e561a6	Mon Feb 14 16:23:06 2022 +0000	Add fix to NEWS
93a8d5cd17	61b276c873	Mon Feb 14 11:45:17 2022 +0000	Fix bug GH-8058 - mysqlnd segfault when prepare fails
82f1bf1b6b	52ae6417ca	Sun Feb 13 21:56:39 2022 -0800	Fix #81708: UAF due to php_filter_float() failing for ints
dce5e561a6	6d5f2ba78d	Sun Feb 13 21:31:35 2022 -0800	Fix #81708: UAF due to php_filter_float() failing for ints
52ae6417ca	912608d89b	Fri Feb 11 15:33:31 2022 +0300	Fixed GH-8044 (var_export/debug_zval_dump HT_ASSERT_RC1 debug failure for SplFixedArray)
73fed0f028	a506b0006e	Fri Feb 11 15:16:08 2022 +0300	Fix emory leak
912608d89b	7434909dc6	Fri Feb 11 13:44:49 2022 +0300	JIT: Fixed register clobbering during overflow handling
7434909dc6	0d6b173532	Fri Feb 11 13:03:36 2022 +0300	Fix type inference
0d6b173532	d0f965d078	Fri Feb 11 12:05:57 2022 +0300	JIT: Fix missed type store
d0f965d078	82bb169a08	Fri Feb 11 11:10:22 2022 +0300	Tracing JIT: Fixed incorrect deoptimization info
82bb169a08	29fe06fa59	Fri Feb 11 11:08:19 2022 +0300	Tracing JIT: Fixed incorrect deoptimization info
29fe06fa59	c035298eb2	Wed Feb 9 23:02:45 2022 +0000	Fix bug #76109: Implement fpm_scoreboard_copy
3b463749f5	c7558e2fe1	Tue Feb 8 13:53:29 2022 +0100	Fix GH-8059 use $PHP_EXECUTABLE when $PHP not set
1d48da6da5	86c196ba7f	Tue Feb 8 10:46:50 2022 +0100	Fixed libpng warning when loading interlaced images
86c196ba7f	bea542a953	Mon Feb 7 14:28:57 2022 +0100	Fix GH-7980: Unexpected result for iconv_mime_decode
bea542a953	9bd468da63	Mon Feb 7 13:05:54 2022 +0100	Haiku fix ZTS build, disabling tls model
9bd468da63	8a46311dbd	Thu Feb 3 16:09:00 2022 +0100	Fix GH-7953: ob_clean() only does not set Content-Encoding
478448d271	a60a9b4a89	Tue Feb 1 22:00:39 2022 +0300	JIT: Fix register alloction (missed store)
a60a9b4a89	54c952f11f	Tue Feb 1 16:24:22 2022 +0300	Fix memory leak
54c952f11f	f711c9603d	Fri Jan 28 16:27:55 2022 +0300	JIT: Fix incorrect type store elimination
f711c9603d	965dafe3e1	Fri Jan 28 13:08:11 2022 +0300	Fix incorrect register allocation
965dafe3e1	464e725bb5	Fri Jan 28 12:17:46 2022 +0300	Fix too aggressive DCE that leads to memory leak
464e725bb5	07aaa34cd4	Fri Jan 28 11:04:51 2022 +0300	Fix typo (wrong string length)
07aaa34cd4	82b883034c	Fri Jan 21 23:56:56 2022 +0100	Fix GH-7978: sockets extension compilation errors
de4afc0fa7	1605e6fd9f	Fri Jan 21 12:07:22 2022 +0100	[ci skip] Fix NEWS
82b883034c	5fc0db989e	Thu Jan 20 11:17:18 2022 +0000	Fix coding style from previous commit
5fc0db989e	03816fba46	Wed Jan 19 21:39:42 2022 +0000	Strip MariaDB 10 prefix
6af65eac8d	cdfc4d3596	Tue Jan 18 18:09:44 2022 -0600	Fix news entry for 8.1.2
cdfc4d3596	69f6b09b2a	Tue Jan 18 14:49:56 2022 +0100	Fix GH-7883 don't close not open file handle don't create a stream if file is not open
03816fba46	93a3c71eb4	Tue Jan 18 13:08:08 2022 +0100	Fix GH-7902: mb_send_mail may delimit headers with LF only
93a3c71eb4	478edcdacb	Mon Jan 17 23:44:41 2022 +0100	Fix GH-7896: Environment vars may be mangled on Windows
478edcdacb	ee8f9d75c0	Mon Jan 17 22:30:25 2022 +0100	Fix GH-7875: mails are sent even if failure to log throws exception
655e578e81	797e091d06	Fri Jan 14 17:24:23 2022 +0300	JIT: Fix exception handling
ee8f9d75c0	079c5af9ec	Fri Jan 14 16:43:50 2022 +0300	JIT: Fix trace type inference
079c5af9ec	f7c3f6e7e2	Fri Jan 14 13:41:16 2022 +0300	JIT: Fix register allocation
e31c54d025	f6d7f78a9b	Thu Jan 13 11:47:19 2022 +0100	fix GH-7899 Regression in unpack for negative int value
f7c3f6e7e2	522406c0ec	Wed Jan 12 12:08:59 2022 +0300	Fix ext/zend_test/tests/observer_bug81430_2.phpt failure
522406c0ec	d8b0337cff	Tue Jan 11 22:23:44 2022 +0300	JIT: Fix incorrect flag check
d8b0337cff	d7db5f6e21	Tue Jan 11 13:02:55 2022 +0300	Fix register allocation on x86
d7db5f6e21	703cac33db	Tue Jan 11 03:51:06 2022 +0100	Fix TSRM ignoring done
703cac33db	1f58365438	Mon Jan 10 23:58:39 2022 +0100	Fix GH-7867: FFI::cast() from pointer to array is broken
1f58365438	698ac23711	Mon Jan 10 21:53:35 2022 +0300	Fix type inference
698ac23711	71d6501346	Mon Jan 10 19:39:19 2022 +0300	Fixed NAN handling in SCCP
c958ab121b	8a5c68181c	Mon Jan 10 17:27:00 2022 +0300	JIT: Fix array separation after capturing by user error handler
b80d30d821	4170d41a66	Mon Jan 10 16:03:54 2022 +0300	Fix type inference for assign to string offset with invalid index.
4170d41a66	2f6a06ccb0	Mon Jan 10 15:37:36 2022 +0300	JIT: Fix incorrect FETCH_THIS elimination
be22018f35	4833362844	Mon Jan 10 13:10:30 2022 +0100	Fix pcntl_rfork build for DragonFlyBSD
2f6a06ccb0	c99a026c9c	Mon Jan 10 12:40:15 2022 +0100	Fix #81430: Attribute instantiation leaves dangling pointer
c99a026c9c	9781085782	Sat Jan 8 21:04:55 2022 +0100	Fix memory leak on invalid port
9781085782	09165ace37	Fri Jan 7 19:23:57 2022 +0100	Fix ODBC test which may not properly clean up
0462719999	46bec6de42	Thu Jan 6 18:31:21 2022 +0100	Fix class synopsis generation
46bec6de42	4ae75623fd	Tue Jan 4 23:01:10 2022 +0000	Fix the OpenMetrics response format returned by the FPM status page
09165ace37	f1d7f95702	Tue Jan 4 14:10:50 2022 +0100	Fix ext/sockets build on Haiku
f1d7f95702	d70c69839c	Tue Jan 4 13:45:22 2022 +0100	[ci skip] Fix GH-7725: Adjust README instructions on referencing issues
49512b6b36	b3903515bf	Thu Dec 30 19:25:32 2021 +0000	Fix formatting in the new mysqli test
b3903515bf	206bcff50d	Thu Dec 30 19:07:36 2021 +0100	Fix bug where large bigints may be truncated
8869bbe0e9	24be11f632	Thu Dec 30 14:23:06 2021 +0000	Fix bug GH-7746 (mysqli_sql_exception->sqlstate is inaccessible)
fd879e6fe4	cb3d858745	Tue Dec 28 16:51:03 2021 +0300	JIT: Fix array clobbering by user error handler
cb3d858745	de358f856f	Tue Dec 28 13:27:54 2021 +0100	Fix buffer allocations in zlog_stream_set_msg_suffix()
de358f856f	87d9e02f01	Tue Dec 28 09:57:03 2021 +0300	Fix reference contig inference
ee610947ce	76e2a8380e	Mon Dec 27 21:08:51 2021 +0100	Revert "Fix zend_observer_fcall_end_all() accessing dangling pointers"
76e2a8380e	7f0a1e2f2d	Mon Dec 27 18:19:13 2021 +0100	Fix zend_observer_fcall_end_all() accessing dangling pointers
f82593d597	187e011710	Mon Dec 27 15:08:11 2021 +0100	Fix GH-7815: php_uname doesn't recognise latest Windows versions
7f0a1e2f2d	5005445994	Sun Dec 26 23:23:56 2021 +0100	Fix bug40228*.phpt conflict
fd3fc5c193	b4ba65dd9d	Sun Dec 26 12:55:53 2021 +0100	Fix GH-7826: Inconsistent argument name in hash_hmac_file and hash_file
b4ba65dd9d	2b81156f2a	Sun Dec 26 12:05:52 2021 +0100	Fix chunk_split_variation*_32bit.phpt for Windows
2b81156f2a	3f0bb67361	Fri Dec 24 13:10:22 2021 +0300	Fix memory leak in SCCP
0ed39ed809	9d2dc1e9a9	Thu Dec 23 23:10:51 2021 +0100	Fix GH-7809: Cloning a faked SplFileInfo object may segfault
713dcb2818	938a81cf01	Wed Dec 22 12:35:59 2021 +0100	Fix the value param of SimpleXMLElement::addAttribute()
80b02275bb	51647eb23e	Tue Dec 21 07:27:59 2021 +0100	socket cmsg credential test fixes, "backporting" from the FreeBSD PR.
51647eb23e	62bcb31706	Tue Dec 21 07:25:43 2021 +0100	socket: ancillary credentials build fix for non linux systems.
62bcb31706	cb10ac1d53	Tue Dec 21 07:19:33 2021 +0100	zend gdb detection fix on FreeBSD.
cb10ac1d53	6d5922bed5	Tue Dec 21 00:02:45 2021 +0300	Fixed compilation warning
6d5922bed5	e004e844f7	Mon Dec 20 23:52:46 2021 +0300	JIT: Fix incorrect JIT prologur size for CLANG/x86 build
069bbf3e80	ca3f7b0a73	Mon Dec 20 14:21:50 2021 +0100	Fix zend_fibers.c build with ZEND_FIBER_UCONTEXT
e004e844f7	7c674e1aa7	Mon Dec 20 15:06:32 2021 +0300	Fix incorrect optimization of ASSIGN_OP that may lead to memory leak
7c674e1aa7	f18bb2477f	Mon Dec 20 12:48:48 2021 +0300	JIT: Fix register clobbering
f18bb2477f	1481d66343	Mon Dec 20 11:40:11 2021 +0300	Fix type inference for INIT_ARRAY with invalid index
1481d66343	3587e13ab3	Sun Dec 19 16:35:54 2021 +0100	[ci skip] Fix "The Mysterious PHP RFC Process" link.
3587e13ab3	66306030ad	Sun Dec 19 16:24:34 2021 +0100	Fix FILTER_FLAG_NO_RES_RANGE flag
2745cd9997	88cb659f1f	Fri Dec 17 12:49:58 2021 +0300	Fix array clobbering by user error handler
66306030ad	49380b59d2	Fri Dec 17 12:31:48 2021 +0300	JIT: Fix incorrect type store elimination
49380b59d2	cd8e6f5f7b	Wed Dec 15 15:37:23 2021 +0100	Fix #81679: Tracing JIT crashes on reattaching
75b2973974	b16fc350a4	Wed Dec 15 12:20:37 2021 +0300	Fix array clobbering by user error handler
fe320e83ae	cbc0b1afeb	Mon Dec 13 16:28:45 2021 +0300	Tracing JIT: Fix reference counting
cbc0b1afeb	230de7721f	Mon Dec 13 14:59:30 2021 +0300	Fix array clobering by user error handler
230de7721f	e79dbe1124	Mon Dec 13 13:08:05 2021 +0300	Fix incorrect optimization that leads to memory leak
e79dbe1124	c435e67746	Mon Dec 13 11:49:51 2021 +0300	JIT: Fix crash during compilation of function with incompletely constructed SSA
c435e67746	9998082a6a	Sun Dec 12 22:38:00 2021 +0100	Fix GH-7765: php_oci_cleanup_global_handles segfaults at second call
206c521a1f	577358b8d2	Sun Dec 12 22:22:51 2021 +0100	Fix GH-7757: Multi-inherited final constant causes fatal error
0b3a937670	778513f605	Sun Dec 12 15:39:55 2021 +0100	Fix GH-7759: Incorrect return types for hash() and hash_hmac()
778513f605	2c2b0abd4a	Sun Dec 12 15:17:36 2021 +0100	Fix error message allocation of PDO PgSQL
98175fc7f1	f533744c92	Sun Dec 12 14:26:17 2021 +0100	Fix openssl_x509_checkpurpose_basic.phpt
7daf01258d	cfcee97ad6	Fri Dec 10 17:38:36 2021 +0100	Fix GH-7748: gethostbyaddr outputs binary string
5675ebe649	0ac3d78d7d	Fri Dec 10 12:24:06 2021 +0100	Fix #81585: cached_chunks are not counted to real_size on shutdown
0ac3d78d7d	efb901ebed	Fri Dec 10 01:39:28 2021 +0300	Fix incorrect JMP optimization
7e080183f4	7d4fdf1510	Thu Dec 9 18:15:47 2021 +0300	Fix crush after compilation of nullsafe operator introduced in 307e476e86e19135976ba7e686558de68dbb9b29
daf79e2d91	7b629afe4e	Mon Dec 6 18:59:48 2021 +0100	Fix #75917: SplFileObject::seek broken with CSV flags
7b629afe4e	c29f6baaee	Mon Dec 6 15:59:30 2021 +0300	Fixed incorrect DCE of a constructor call
c29f6baaee	aa7280264e	Mon Dec 6 14:22:07 2021 +0300	JIT: Fix incorrect elimination of type store
5459ed4c2f	4ed10f3d47	Mon Dec 6 13:08:27 2021 +0300	Fix use after free because of data clobbering by user error handler
aa7280264e	1f38c003d2	Mon Dec 6 11:30:03 2021 +0300	Fix refcount inferemce ($a += $a returns old array with RCN)
1f38c003d2	582a291c98	Sun Dec 5 21:06:28 2021 +0100	fix #81656: GCC-11 silently ignores -R
26e424465c	15e7e570a5	Sun Dec 5 21:03:27 2021 +0100	Fix bug #81598: Use C.UTF-8 as LC_CTYPE locale by default
15e7e570a5	dab6226cbe	Sun Dec 5 19:11:04 2021 +0100	Fix #81658: MYSQL_OPT_LOAD_DATA_LOCAL_DIR not available in MariaDB
dab6226cbe	b9f9d4a0a5	Sun Dec 5 18:25:02 2021 +0100	Fix invalid opcode for ??= on $GLOBALS
307e476e86	929d847152	Sat Dec 4 18:04:24 2021 +0300	Fixed bug #81216 (Nullsafe operator leaks dynamic property name)
929d847152	7a6fb9751e	Fri Dec 3 22:49:47 2021 +0100	Fix #81693: mb_check_encoding(7bit) segfaults
1d054b3fa7	2515e788bc	Fri Dec 3 13:35:28 2021 +0300	Fix array object clobbering by user error handler
2515e788bc	c4ee66856e	Fri Dec 3 11:13:50 2021 +0300	JIT: Fix register clobbering
59dd4fd742	9a3ca278b3	Thu Dec 2 23:22:07 2021 +0100	Fix #81681: ReflectionEnum throwing exceptions
c4ee66856e	2fde308fc6	Thu Dec 2 23:47:36 2021 +0300	Tracing JIT: Fixed Zend/tests/str_offset_008.phpt failure
2fde308fc6	94286cd596	Thu Dec 2 22:19:48 2021 +0300	JIT: Fix ASSIGN_DIM_OP with undefined variable and index and user error handler, throwing an exception
94286cd596	37ac707cac	Thu Dec 2 16:16:54 2021 +0300	Fix yet another indirect string modification by error handler problem
df16da3697	999c6f2c5d	Thu Dec 2 10:32:45 2021 +0300	Fixed ext/bz2/tests/005.phpt test failure introduesed by 09547c64c28f81957d986b9c6b995b28d1098db6
4595a57e99	09547c64c2	Thu Dec 2 01:20:17 2021 +0300	Fix clobering of operand by error handler in assignment to string offset (optimization and JIT support)
09547c64c2	9f6ab78610	Thu Dec 2 00:24:05 2021 +0300	Fix clobering of operand by error handler in assignment to string offset
c3766c08f4	b594a95a2f	Wed Dec 1 18:03:08 2021 +0300	Fix SCDF cleanup of unused basic block, kept only because of FREE of a loop var
b594a95a2f	2fb7b6e3e9	Tue Nov 30 23:33:34 2021 +0300	Fixed crash in ZEND_ASSIGN_DIM_OP because of array cloberring by user error handler
e7b31f57ec	df434f056f	Tue Nov 30 20:36:52 2021 +0300	JIT: Fix incorrect code produced for BOOL_NOT and [double, undef] operand
df434f056f	c1036194d6	Tue Nov 30 16:07:38 2021 +0300	Fix crash after indirect modification of string by user error handler
c1036194d6	6e1fe96962	Tue Nov 30 12:58:54 2021 +0300	JIT: Fix incorrect reference counting inference
6e1fe96962	86430e8e01	Tue Nov 30 11:40:18 2021 +0300	JIT: Fix uninitialized result of ASSIGN_DIM[_OP] after clobbering array by user error handler
86430e8e01	aff115547f	Mon Nov 29 23:32:52 2021 +0300	Fixed type inference (it's safe to ignore reference counting narrowing)
aff115547f	816aa20391	Mon Nov 29 21:44:00 2021 +0300	JIT: Fix exception handling when next array element is already occupied
712fc54e85	31749aac62	Mon Nov 29 19:12:55 2021 +0100	Fix #74604: Out of bounds in php_pcre_replace_impl
d955415114	8f4cfe04eb	Mon Nov 29 18:39:50 2021 +0300	JIT: Fix named arguments handling
8f4cfe04eb	f3bd24a200	Mon Nov 29 18:37:49 2021 +0300	JIT: Fix named arguments handling
31749aac62	c2d6d837ca	Mon Nov 29 14:46:09 2021 +0100	Fix #81659: stream_get_contents() may unnecessarily overallocate
75546bdef2	7f7f91536f	Sat Nov 27 13:13:26 2021 +0100	Standardize: Fixed Bug -> Fixed bug
4e3192dd3c	22756f56b2	Sat Nov 27 12:59:28 2021 +0100	Fixed misplaced PgSQL NEWS entry
442304485e	971354caac	Thu Nov 25 22:40:26 2021 +0300	Fixed test (added 8.1 deprecation)
49f44e7ffc	179030d167	Thu Nov 25 22:21:44 2021 +0300	JIT: Fixed use-after-free caused by shift by negative number
179030d167	f9518c3850	Thu Nov 25 18:29:43 2021 +0100	Fix #81649: imap_(un)delete accept sequences, not single numbers
f566cba0bb	b1a1ed380f	Thu Nov 25 13:17:07 2021 +0100	fix [-Wstrict-prototypes] build warnings in ext/gd
f9518c3850	3c53a9fd73	Thu Nov 25 15:14:04 2021 +0300	Fixed incorrect narrowing to double
3c53a9fd73	f302430c72	Thu Nov 25 13:51:56 2021 +0300	Fixed incorrect refcountion inference for BW_NOT
f302430c72	f6621037a0	Thu Nov 25 13:33:26 2021 +0300	Fixed incorrect DCE for ADD_ARRAY_ELEMENT instruction
e713890d36	9237055141	Thu Nov 25 08:27:07 2021 +0100	fix gdImagePngCtxEx call with system libgd
72f8dbb312	a2c0ffb54e	Wed Nov 24 20:43:30 2021 +0300	Fixed bug #81634 (ZEND_ENABLE_STATIC_TSRMLS_CACHE produces extensionswith the STATIC_TLS flag)
be271f277e	b29e85a0da	Wed Nov 24 15:18:31 2021 +0100	Fix bug #81652
ef2fd0e5b5	435a5aca89	Wed Nov 24 14:55:11 2021 +0100	fix [-Wstrict-prototypes] buid warnings
96da46199f	5eead6dfa4	Tue Nov 23 18:34:48 2021 +0100	Fix for bug in file handling refactor.
60fe575ce3	be1cb5a13a	Mon Nov 22 14:11:07 2021 +0100	Fix #75725: ./configure: detecting RAND_egd
241bd3f454	2f8407f185	Sat Nov 20 16:52:25 2021 -0500	Fix use after free when WeakMap is modified during field write
e4679ef0c2	5ab2749263	Thu Nov 18 13:55:51 2021 +0000	Fixed date/diff where the difference in hour is less than 1
5ab2749263	36d2d27980	Thu Nov 18 14:17:36 2021 +0300	Fixed a crash becaeuse of race condition in inheritance cache
9dd3e8be8a	4d4fe7639f	Wed Nov 17 18:43:39 2021 +0300	JIT: Fixed memory leak in Zend/tests/concat_002.phpt introduced by fac78ee760d04414abae571a28751de61a1c5b8c
76548e5093	70cb37243e	Wed Nov 17 18:23:36 2021 +0300	Fixed bug #81607 (CE_CACHE allocation with concurrent access)
4d4fe7639f	fac78ee760	Wed Nov 17 16:06:25 2021 +0100	Fixed bug #81631
6641e3b8f4	d0ecc83ab5	Wed Nov 17 15:54:42 2021 +0100	Fix bug #81630: Don't claim known hash in getTraitAliases()
44e5d25300	61b432ca24	Wed Nov 17 12:23:47 2021 +0100	Fix inheritance of class constants if mutable data used
fac78ee760	48a65fef6f	Wed Nov 17 13:59:35 2021 +0300	JIT: Fixed memory leak
48a65fef6f	fb3e646f6b	Wed Nov 17 12:48:56 2021 +0300	JIT: Fixed memory lieak
fb3e646f6b	8689248a56	Wed Nov 17 10:20:05 2021 +0100	OpenBSD ZTS build fix
c02aa46126	812df2bd8a	Tue Nov 16 16:14:29 2021 +0100	Fix leak when persistent PDO connection fails
812df2bd8a	d9ff09a333	Tue Nov 16 14:40:06 2021 +0100	Fix bug #81611
d14a9139d5	7967875d70	Tue Nov 16 13:06:04 2021 +0100	[ci skip] Fix news entry for bug #79971
d26965b247	18a0d46a1b	Tue Nov 16 12:45:33 2021 +0100	Fixed bug #81626
fc35a6b93c	85066fd88e	Mon Nov 15 23:25:16 2021 +0300	Tracing JIT: Fixed abstract stack consistency for [QM_]ASSIGN of CV to itself
85066fd88e	4a2656327d	Mon Nov 15 14:44:01 2021 +0300	Tracing JIT: Fixed failure on non-optimized op_arrays (op_array->T may be above ssa->vars_count)
68ca3879d7	c0441f9377	Mon Nov 15 11:04:48 2021 +0100	Fix generation of property with class union type
45f52285f6	ca87d46a3e	Mon Nov 15 10:00:07 2021 +0100	Fix bug #81618: Correct dns_get_record on FreeBSD
267a7b052c	fb582f4230	Mon Nov 15 09:26:25 2021 +0100	Fix new simplexml test
292d76d8a4	0ef1dfc9f6	Mon Nov 15 10:39:58 2021 +0300	JIT: Fixed reference-counting inference
f15f8fc573	88f99c9c1d	Sun Nov 14 23:24:33 2021 -0800	Fix #79971: special character is breaking the path in xml function
b2cf9b7ec7	1919c4b44d	Sun Nov 14 20:08:57 2021 +0000	Fix bug #81513 (Future possibility for heap overflow in FPM zlog)
64fde17042	12d02e6227	Fri Nov 12 22:48:50 2021 +0300	Fixed test
12d02e6227	b1e6fdefd4	Fri Nov 12 21:00:08 2021 +0300	Fixed incorrect guard elimination
b1e6fdefd4	5380b415a2	Fri Nov 12 14:25:52 2021 +0100	Fix leaks for AppArmor based distros in case the profile creation fails
5380b415a2	fa0b84a06b	Thu Nov 11 21:14:17 2021 +0300	JIT: Partially fix handling of exceptions thrown in interrupt handlers
fa0b84a06b	8c4a7f20f5	Thu Nov 11 20:59:56 2021 +0300	Partially fix handling of exceptions thrown in interrupt handlers
